{"type":"FeatureCollection","features":[{"type":"Feature","geometry":{"type":"Point","coordinates":[-78.8175,-1.4692]},"properties":{"name":"Chimborazo","kind":"volcano","rating":10,"region":"Ecuador"}},{"type":"Feature","geometry":{"type":"Point","coordinates":[52.1092,35.9553]},"properties":{"name":"Damavand","kind":"volcano","rating":10,"region":"Iran"}},{"type":"Feature","geometry":{"type":"Point","coordinates":[-151.007,63.069]},"properties":{"name":"Denali","kind":"peak","rating":10,"region":"Alaska"}},{"type":"Feature","geometry":{"type":"Point","coordinates":[55.309,25.077]},"properties":{"name":"Dubai","kind":"city","rating":10,"region":"United Arab Emirates"}},{"type":"Feature","geometry":{"type":"Point","coordinates":[-112.113,36.107]},"properties":{"name":"Grand Canyon","kind":"canyon","rating":10,"region":"Arizona"}},{"type":"Feature","geometry":{"type":"Point","coordinates":[-38.0,65.6]},"properties":{"name":"Greenland ice sheet (east coast)","kind":"glacier","rating":10,"region":"Greenland"}},{"type":"Feature","geometry":{"type":"Point","coordinates":[-50.7,67.0]},"properties":{"name":"Greenland ice sheet (west coast)","kind":"glacier","rating":10,"region":"Greenland"}},{"type":"Feature","geometry":{"type":"Point","coordinates":[114.175,22.278]},"properties":{"name":"Hong Kong","kind":"city","rating":10,"region":"Hong Kong"}},{"type":"Feature","geometry":{"type":"Point","coordinates":[76.513,35.881]},"properties":{"name":"K2","kind":"peak","rating":10,"region":"China"}},{"type":"Feature","geometry":{"type":"Point","coordinates":[88.147,27.703]},"properties":{"name":"Kangchenjunga","kind":"peak","rating":10,"region":"Sikkim"}},{"type":"Feature","geometry":{"type":"Point","coordinates":[37.356,-3.068]},"properties":{"name":"Kilimanjaro","kind":"volcano","rating":10,"region":"Tanzania"}},{"type":"Feature","geometry":{"type":"Point","coordinates":[7.658,45.976]},"properties":{"name":"Matterhorn","kind":"peak","rating":10,"region":"Switzerland"}},{"type":"Feature","geometry":{"type":"Point","coordinates":[6.865,45.833]},"properties":{"name":"Mont Blanc","kind":"peak","rating":10,"region":"Italy"}},{"type":"Feature","geometry":{"type":"Point","coordinates":[9.1725,4.2167]},"properties":{"name":"Mount Cameroon","kind":"volcano","rating":10,"region":"Cameroon"}},{"type":"Feature","geometry":{"type":"Point","coordinates":[167.2833,-77.5333]},"properties":{"name":"Mount Erebus","kind":"volcano","rating":10,"region":"Antarctica"}},{"type":"Feature","geometry":{"type":"Point","coordinates":[86.925,27.988]},"properties":{"name":"Mount Everest","kind":"peak","rating":10,"region":"Xizang"}},{"type":"Feature","geometry":{"type":"Point","coordinates":[138.728,35.361]},"properties":{"name":"Mount Fuji","kind":"volcano","rating":10,"region":"Japan"}},{"type":"Feature","geometry":{"type":"Point","coordinates":[-140.405,60.567]},"properties":{"name":"Mount Logan","kind":"peak","rating":10,"region":"Yukon"}},{"type":"Feature","geometry":{"type":"Point","coordinates":[-121.76,46.853]},"properties":{"name":"Mount Rainier","kind":"volcano","rating":10,"region":"Washington"}},{"type":"Feature","geometry":{"type":"Point","coordinates":[-74.006,40.714]},"properties":{"name":"New York City","kind":"city","rating":10,"region":"New York"}},{"type":"Feature","geometry":{"type":"Point","coordinates":[137.1833,-4.0833]},"properties":{"name":"Puncak Jaya","kind":"peak","rating":10,"region":"Indonesia"}},{"type":"Feature","geometry":{"type":"Point","coordinates":[-85.6172,-78.5256]},"properties":{"name":"Vinson Massif","kind":"peak","rating":10,"region":"Antarctica"}},{"type":"Feature","geometry":{"type":"Point","coordinates":[-70.011,-32.653]},"properties":{"name":"Aconcagua","kind":"peak","rating":9,"region":"Argentina"}},{"type":"Feature","geometry":{"type":"Point","coordinates":[8.05,46.45]},"properties":{"name":"Aletsch Glacier","kind":"glacier","rating":9,"region":"Switzerland"}},{"type":"Feature","geometry":{"type":"Point","coordinates":[126.83,40.94]},"properties":{"name":"Baekdu Mountain","kind":"volcano","rating":9,"region":"Dem. Rep. Korea"}},{"type":"Feature","geometry":{"type":"Point","coordinates":[-68.0,68.0]},"properties":{"name":"Baffin Island fjords","kind":"glacier","rating":9,"region":"Nunavut"}},{"type":"Feature","geometry":{"type":"Point","coordinates":[100.501,13.754]},"properties":{"name":"Bangkok","kind":"city","rating":9,"region":"Thailand"}},{"type":"Feature","geometry":{"type":"Point","coordinates":[88.335,43.8016]},"properties":{"name":"Bogda Peak","kind":"peak","rating":9,"region":"Xinjiang"}},{"type":"Feature","geometry":{"type":"Point","coordinates":[-87.65,41.85]},"properties":{"name":"Chicago","kind":"city","rating":9,"region":"Illinois"}},{"type":"Feature","geometry":{"type":"Point","coordinates":[106.558,29.56]},"properties":{"name":"Chongqing","kind":"city","rating":9,"region":"Chongqing"}},{"type":"Feature","geometry":{"type":"Point","coordinates":[-117.32,52.17]},"properties":{"name":"Columbia Icefield","kind":"glacier","rating":9,"region":"British Columbia"}},{"type":"Feature","geometry":{"type":"Point","coordinates":[-122.109,42.944]},"properties":{"name":"Crater Lake","kind":"lake","rating":9,"region":"Oregon"}},{"type":"Feature","geometry":{"type":"Point","coordinates":[83.49,28.6967]},"properties":{"name":"Dhaulagiri","kind":"peak","rating":9,"region":"Nepal"}},{"type":"Feature","geometry":{"type":"Point","coordinates":[11.85,46.5]},"properties":{"name":"Dolomites","kind":"range","rating":9,"region":"Italy"}},{"type":"Feature","geometry":{"type":"Point","coordinates":[7.962,46.537]},"properties":{"name":"Eiger / Jungfrau","kind":"peak","rating":9,"region":"Switzerland"}},{"type":"Feature","geometry":{"type":"Point","coordinates":[-110.802,43.741]},"properties":{"name":"Grand Teton","kind":"peak","rating":9,"region":"Wyoming"}},{"type":"Feature","geometry":{"type":"Point","coordinates":[113.25,23.117]},"properties":{"name":"Guangzhou","kind":"city","rating":9,"region":"Guangdong"}},{"type":"Feature","geometry":{"type":"Point","coordinates":[114.0417,-8.125]},"properties":{"name":"Gunung Raung","kind":"volcano","rating":9,"region":"Indonesia"}},{"type":"Feature","geometry":{"type":"Point","coordinates":[-139.5,60.03]},"properties":{"name":"Hubbard Glacier","kind":"glacier","rating":9,"region":"Alaska"}},{"type":"Feature","geometry":{"type":"Point","coordinates":[157.718,55.6786]},"properties":{"name":"Ichinsky","kind":"volcano","rating":9,"region":"Kamchatka"}},{"type":"Feature","geometry":{"type":"Point","coordinates":[160.642,56.056]},"properties":{"name":"Kamchatka volcanoes","kind":"volcano","rating":9,"region":"Kamchatka"}},{"type":"Feature","geometry":{"type":"Point","coordinates":[-139.7,60.7]},"properties":{"name":"Kluane Icefields","kind":"glacier","rating":9,"region":"Yukon"}},{"type":"Feature","geometry":{"type":"Point","coordinates":[-116.217,51.417]},"properties":{"name":"Lake Louise / Banff peaks","kind":"range","rating":9,"region":"Alberta"}},{"type":"Feature","geometry":{"type":"Point","coordinates":[-140.5,59.9]},"properties":{"name":"Malaspina Glacier","kind":"glacier","rating":9,"region":"Alaska"}},{"type":"Feature","geometry":{"type":"Point","coordinates":[84.5597,28.55]},"properties":{"name":"Manaslu","kind":"peak","rating":9,"region":"Nepal"}},{"type":"Feature","geometry":{"type":"Point","coordinates":[115.5078,-8.3419]},"properties":{"name":"Mount Agung","kind":"volcano","rating":9,"region":"Indonesia"}},{"type":"Feature","geometry":{"type":"Point","coordinates":[44.298,39.702]},"properties":{"name":"Mount Ararat","kind":"volcano","rating":9,"region":"Turkey"}},{"type":"Feature","geometry":{"type":"Point","coordinates":[-143.4393,61.7319]},"properties":{"name":"Mount Blackburn","kind":"volcano","rating":9,"region":"Alaska"}},{"type":"Feature","geometry":{"type":"Point","coordinates":[170.142,-43.595]},"properties":{"name":"Mount Cook / Southern Alps","kind":"peak","rating":9,"region":"New Zealand"}},{"type":"Feature","geometry":{"type":"Point","coordinates":[42.439,43.355]},"properties":{"name":"Mount Elbrus","kind":"volcano","rating":9,"region":"Kabardin-Balkar"}},{"type":"Feature","geometry":{"type":"Point","coordinates":[14.993,37.751]},"properties":{"name":"Mount Etna","kind":"volcano","rating":9,"region":"Italy"}},{"type":"Feature","geometry":{"type":"Point","coordinates":[-121.696,45.374]},"properties":{"name":"Mount Hood","kind":"volcano","rating":9,"region":"Oregon"}},{"type":"Feature","geometry":{"type":"Point","coordinates":[166.4203,-21.8839]},"properties":{"name":"Mount Humboldt","kind":"peak","rating":9,"region":"New Caledonia"}},{"type":"Feature","geometry":{"type":"Point","coordinates":[29.45,-1.5]},"properties":{"name":"Mount Karisimbi","kind":"volcano","rating":9,"region":"Rwanda"}},{"type":"Feature","geometry":{"type":"Point","coordinates":[37.2,-0.1]},"properties":{"name":"Mount Kenya","kind":"peak","rating":9,"region":"Kenya"}},{"type":"Feature","geometry":{"type":"Point","coordinates":[101.2644,-1.6969]},"properties":{"name":"Mount Kerinci","kind":"volcano","rating":9,"region":"Indonesia"}},{"type":"Feature","geometry":{"type":"Point","coordinates":[-119.156,53.11]},"properties":{"name":"Mount Robson","kind":"peak","rating":9,"region":"British Columbia"}},{"type":"Feature","geometry":{"type":"Point","coordinates":[-140.931,60.292]},"properties":{"name":"Mount Saint Elias","kind":"peak","rating":9,"region":"Yukon"}},{"type":"Feature","geometry":{"type":"Point","coordinates":[-122.195,41.409]},"properties":{"name":"Mount Shasta","kind":"volcano","rating":9,"region":"California"}},{"type":"Feature","geometry":{"type":"Point","coordinates":[-122.194,46.191]},"properties":{"name":"Mount St. Helens","kind":"volcano","rating":9,"region":"Washington"}},{"type":"Feature","geometry":{"type":"Point","coordinates":[109.22,-7.239]},"properties":{"name":"Mountain Slamet","kind":"volcano","rating":9,"region":"Indonesia"}},{"type":"Feature","geometry":{"type":"Point","coordinates":[72.883,19.073]},"properties":{"name":"Mumbai","kind":"city","rating":9,"region":"Maharashtra"}},{"type":"Feature","geometry":{"type":"Point","coordinates":[95.0553,29.6306]},"properties":{"name":"Namcha Barwa","kind":"peak","rating":9,"region":"Xizang"}},{"type":"Feature","geometry":{"type":"Point","coordinates":[79.9708,30.3739]},"properties":{"name":"Nanda Devi","kind":"peak","rating":9,"region":"Uttarakhand"}},{"type":"Feature","geometry":{"type":"Point","coordinates":[74.589,35.237]},"properties":{"name":"Nanga Parbat","kind":"peak","rating":9,"region":"Pakistan"}},{"type":"Feature","geometry":{"type":"Point","coordinates":[6.5,61.1]},"properties":{"name":"Norwegian fjords (Sognefjord)","kind":"coast","rating":9,"region":"Norway"}},{"type":"Feature","geometry":{"type":"Point","coordinates":[-68.5414,-27.1097]},"properties":{"name":"Ojos del Salado","kind":"peak","rating":9,"region":"Argentina"}},{"type":"Feature","geometry":{"type":"Point","coordinates":[8.7667,3.5833]},"properties":{"name":"Pico Basilé","kind":"volcano","rating":9,"region":"Equatorial Guinea"}},{"type":"Feature","geometry":{"type":"Point","coordinates":[-73.6867,10.8383]},"properties":{"name":"Pico Cristóbal Colón","kind":"peak","rating":9,"region":"Colombia"}},{"type":"Feature","geometry":{"type":"Point","coordinates":[-97.269,19.03]},"properties":{"name":"Pico de Orizaba","kind":"volcano","rating":9,"region":"Puebla"}},{"type":"Feature","geometry":{"type":"Point","coordinates":[55.4789,-21.0989]},"properties":{"name":"Piton des Neiges","kind":"volcano","rating":9,"region":"France"}},{"type":"Feature","geometry":{"type":"Point","coordinates":[-98.622,19.023]},"properties":{"name":"Popocatepetl","kind":"volcano","rating":9,"region":"Puebla"}},{"type":"Feature","geometry":{"type":"Point","coordinates":[116.4667,-8.4167]},"properties":{"name":"Rinjani","kind":"volcano","rating":9,"region":"Indonesia"}},{"type":"Feature","geometry":{"type":"Point","coordinates":[-43.182,-22.906]},"properties":{"name":"Rio de Janeiro","kind":"city","rating":9,"region":"Rio de Janeiro"}},{"type":"Feature","geometry":{"type":"Point","coordinates":[-122.419,37.775]},"properties":{"name":"San Francisco","kind":"city","rating":9,"region":"California"}},{"type":"Feature","geometry":{"type":"Point","coordinates":[112.9167,-8.1]},"properties":{"name":"Semeru","kind":"volcano","rating":9,"region":"Indonesia"}},{"type":"Feature","geometry":{"type":"Point","coordinates":[121.458,31.222]},"properties":{"name":"Shanghai","kind":"city","rating":9,"region":"Shanghai"}},{"type":"Feature","geometry":{"type":"Point","coordinates":[114.068,22.546]},"properties":{"name":"Shenzhen","kind":"city","rating":9,"region":"Guangdong"}},{"type":"Feature","geometry":{"type":"Point","coordinates":[161.363,56.6536]},"properties":{"name":"Shiveluch","kind":"volcano","rating":9,"region":"Kamchatka"}},{"type":"Feature","geometry":{"type":"Point","coordinates":[103.85,1.29]},"properties":{"name":"Singapore","kind":"city","rating":9,"region":"Singapore"}},{"type":"Feature","geometry":{"type":"Point","coordinates":[151.207,-33.868]},"properties":{"name":"Sydney","kind":"city","rating":9,"region":"New South Wales"}},{"type":"Feature","geometry":{"type":"Point","coordinates":[117.9928,-8.2453]},"properties":{"name":"Tambora","kind":"volcano","rating":9,"region":"Indonesia"}},{"type":"Feature","geometry":{"type":"Point","coordinates":[139.692,35.69]},"properties":{"name":"Tokyo","kind":"city","rating":9,"region":"Japan"}},{"type":"Feature","geometry":{"type":"Point","coordinates":[-16.8,64.4]},"properties":{"name":"Vatnajokull","kind":"glacier","rating":9,"region":"Iceland"}},{"type":"Feature","geometry":{"type":"Point","coordinates":[-91.9,15.0333]},"properties":{"name":"Volcán Tajumulco","kind":"volcano","rating":9,"region":"Guatemala"}},{"type":"Feature","geometry":{"type":"Point","coordinates":[114.267,30.583]},"properties":{"name":"Wuhan","kind":"city","rating":9,"region":"Hubei"}},{"type":"Feature","geometry":{"type":"Point","coordinates":[-119.533,37.746]},"properties":{"name":"Yosemite Valley / Half Dome","kind":"feature","rating":9,"region":"California"}},{"type":"Feature","geometry":{"type":"Point","coordinates":[112.5897,-7.765]},"properties":{"name":"Arjuno-Welirang","kind":"volcano","rating":8,"region":"Indonesia"}},{"type":"Feature","geometry":{"type":"Point","coordinates":[24.6633,79.7833]},"properties":{"name":"Austfonna","kind":"glacier","rating":8,"region":"Norway"}},{"type":"Feature","geometry":{"type":"Point","coordinates":[-77.5,24.5]},"properties":{"name":"Bahamas banks","kind":"island","rating":8,"region":"Bahamas"}},{"type":"Feature","geometry":{"type":"Point","coordinates":[37.305,-0.1517]},"properties":{"name":"Batian","kind":"peak","rating":8,"region":"Kenya"}},{"type":"Feature","geometry":{"type":"Point","coordinates":[74.5225,36.51]},"properties":{"name":"Batura Sar","kind":"peak","rating":8,"region":"Pakistan"}},{"type":"Feature","geometry":{"type":"Point","coordinates":[86.5897,49.8069]},"properties":{"name":"Belukha Mountain","kind":"peak","rating":8,"region":"Gorno-Altay"}},{"type":"Feature","geometry":{"type":"Point","coordinates":[29.07,41.12]},"properties":{"name":"Bosphorus","kind":"landmark","rating":8,"region":"Turkey"}},{"type":"Feature","geometry":{"type":"Point","coordinates":[23.4433,79.3683]},"properties":{"name":"Bråsvellbreen","kind":"glacier","rating":8,"region":"Norway"}},{"type":"Feature","geometry":{"type":"Point","coordinates":[120.0242,-3.385]},"properties":{"name":"Buntu Rantemario","kind":"peak","rating":8,"region":"Indonesia"}},{"type":"Feature","geometry":{"type":"Point","coordinates":[-83.4887,9.4841]},"properties":{"name":"Cerro Chirripó","kind":"peak","rating":8,"region":"Costa Rica"}},{"type":"Feature","geometry":{"type":"Point","coordinates":[-66.0942,-27.2142]},"properties":{"name":"Cerro del Bolsón","kind":"peak","rating":8,"region":"Argentina"}},{"type":"Feature","geometry":{"type":"Point","coordinates":[112.971,28.199]},"properties":{"name":"Changsha","kind":"city","rating":8,"region":"Hunan"}},{"type":"Feature","geometry":{"type":"Point","coordinates":[104.067,30.667]},"properties":{"name":"Chengdu","kind":"city","rating":8,"region":"Sichuan"}},{"type":"Feature","geometry":{"type":"Point","coordinates":[-78.4378,-0.6806]},"properties":{"name":"Cotopaxi volcano","kind":"volcano","rating":8,"region":"Ecuador"}},{"type":"Feature","geometry":{"type":"Point","coordinates":[23.4,77.6667]},"properties":{"name":"Edgeøyjøkulen","kind":"glacier","rating":8,"region":"Norway"}},{"type":"Feature","geometry":{"type":"Point","coordinates":[18.5511,19.7894]},"properties":{"name":"Emi Koussi","kind":"volcano","rating":8,"region":"Chad"}},{"type":"Feature","geometry":{"type":"Point","coordinates":[21.995,79.73]},"properties":{"name":"Etonbreen","kind":"glacier","rating":8,"region":"Norway"}},{"type":"Feature","geometry":{"type":"Point","coordinates":[-6.9,62.0]},"properties":{"name":"Faroe Islands","kind":"island","rating":8,"region":"Faeroe Islands"}},{"type":"Feature","geometry":{"type":"Point","coordinates":[146.1,-5.8]},"properties":{"name":"Finisterre Range","kind":"peak","rating":8,"region":"Papua New Guinea"}},{"type":"Feature","geometry":{"type":"Point","coordinates":[90.455,28.0469]},"properties":{"name":"Gangkhar Puensum","kind":"peak","rating":8,"region":"Bhutan"}},{"type":"Feature","geometry":{"type":"Point","coordinates":[-125.0,-74.25]},"properties":{"name":"Getz Ice Shelf","kind":"glacier","rating":8,"region":"Antarctica"}},{"type":"Feature","geometry":{"type":"Point","coordinates":[-113.718,48.696]},"properties":{"name":"Glacier National Park","kind":"range","rating":8,"region":"Montana"}},{"type":"Feature","geometry":{"type":"Point","coordinates":[147.7,-18.29]},"properties":{"name":"Great Barrier Reef","kind":"coast","rating":8,"region":""}},{"type":"Feature","geometry":{"type":"Point","coordinates":[-41.2,76.7]},"properties":{"name":"Greenland ice sheet","kind":"glacier","rating":8,"region":"Greenland"}},{"type":"Feature","geometry":{"type":"Point","coordinates":[-29.8985,68.9195]},"properties":{"name":"Gunnbjørn Fjeld","kind":"peak","rating":8,"region":"Greenland"}},{"type":"Feature","geometry":{"type":"Point","coordinates":[129.455,-3.1733]},"properties":{"name":"Gunung Binaiya","kind":"peak","rating":8,"region":"Indonesia"}},{"type":"Feature","geometry":{"type":"Point","coordinates":[107.18,20.91]},"properties":{"name":"Ha Long Bay","kind":"island","rating":8,"region":"Vietnam"}},{"type":"Feature","geometry":{"type":"Point","coordinates":[-156.253,20.71]},"properties":{"name":"Haleakala","kind":"volcano","rating":8,"region":"Hawaii"}},{"type":"Feature","geometry":{"type":"Point","coordinates":[120.161,30.294]},"properties":{"name":"Hangzhou","kind":"city","rating":8,"region":"Zhejiang"}},{"type":"Feature","geometry":{"type":"Point","coordinates":[19.065,78.9467]},"properties":{"name":"Hinlopenbreen","kind":"glacier","rating":8,"region":"Norway"}},{"type":"Feature","geometry":{"type":"Point","coordinates":[-114.5,36.1]},"properties":{"name":"Hoover Dam / Lake Mead","kind":"landmark","rating":8,"region":"Arizona"}},{"type":"Feature","geometry":{"type":"Point","coordinates":[72.0153,38.9427]},"properties":{"name":"Ismoil Somoni Peak","kind":"peak","rating":8,"region":"Tajikistan"}},{"type":"Feature","geometry":{"type":"Point","coordinates":[43.9758,15.2792]},"properties":{"name":"Jabal an Nabi Shu'ayb","kind":"peak","rating":8,"region":"Yemen"}},{"type":"Feature","geometry":{"type":"Point","coordinates":[100.175,27.0983]},"properties":{"name":"Jade Dragon Snow Mountain","kind":"peak","rating":8,"region":"Yunnan"}},{"type":"Feature","geometry":{"type":"Point","coordinates":[106.845,-6.215]},"properties":{"name":"Jakarta","kind":"city","rating":8,"region":"Indonesia"}},{"type":"Feature","geometry":{"type":"Point","coordinates":[75.3133,38.5939]},"properties":{"name":"Kongur Tagh","kind":"peak","rating":8,"region":"Xinjiang"}},{"type":"Feature","geometry":{"type":"Point","coordinates":[158.6833,53.3167]},"properties":{"name":"Koryaksky","kind":"volcano","rating":8,"region":"Kamchatka"}},{"type":"Feature","geometry":{"type":"Point","coordinates":[160.5167,54.75]},"properties":{"name":"Kronotsky","kind":"volcano","rating":8,"region":"Kamchatka"}},{"type":"Feature","geometry":{"type":"Point","coordinates":[101.687,3.141]},"properties":{"name":"Kuala Lumpur","kind":"city","rating":8,"region":"Malaysia"}},{"type":"Feature","geometry":{"type":"Point","coordinates":[108.0,53.5]},"properties":{"name":"Lake Baikal","kind":"lake","rating":8,"region":"Irkutsk"}},{"type":"Feature","geometry":{"type":"Point","coordinates":[9.27,46.0]},"properties":{"name":"Lake Como","kind":"lake","rating":8,"region":"Italy"}},{"type":"Feature","geometry":{"type":"Point","coordinates":[6.55,46.45]},"properties":{"name":"Lake Geneva","kind":"lake","rating":8,"region":"Switzerland"}},{"type":"Feature","geometry":{"type":"Point","coordinates":[-111.244,37.068]},"properties":{"name":"Lake Powell","kind":"lake","rating":8,"region":"Utah"}},{"type":"Feature","geometry":{"type":"Point","coordinates":[-120.032,39.097]},"properties":{"name":"Lake Tahoe","kind":"lake","rating":8,"region":"California"}},{"type":"Feature","geometry":{"type":"Point","coordinates":[-71.5031,-39.6372]},"properties":{"name":"Lanín","kind":"volcano","rating":8,"region":"Argentina"}},{"type":"Feature","geometry":{"type":"Point","coordinates":[14.0,68.2]},"properties":{"name":"Lofoten","kind":"island","rating":8,"region":"Norway"}},{"type":"Feature","geometry":{"type":"Point","coordinates":[-0.126,51.509]},"properties":{"name":"London","kind":"city","rating":8,"region":"UK"}},{"type":"Feature","geometry":{"type":"Point","coordinates":[-68.7,51.383]},"properties":{"name":"Manicouagan Crater","kind":"lake","rating":8,"region":"Québec"}},{"type":"Feature","geometry":{"type":"Point","coordinates":[29.8725,0.3867]},"properties":{"name":"Margherita Peak","kind":"peak","rating":8,"region":"Uganda"}},{"type":"Feature","geometry":{"type":"Point","coordinates":[-155.468,19.821]},"properties":{"name":"Mauna Kea","kind":"volcano","rating":8,"region":"Hawaii"}},{"type":"Feature","geometry":{"type":"Point","coordinates":[73.5178,-53.1044]},"properties":{"name":"Mawson Peak","kind":"volcano","rating":8,"region":"Heard I. and McDonald Islands"}},{"type":"Feature","geometry":{"type":"Point","coordinates":[123.685,13.2567]},"properties":{"name":"Mayon Volcano","kind":"volcano","rating":8,"region":"Philippines"}},{"type":"Feature","geometry":{"type":"Point","coordinates":[-70.1128,-31.9789]},"properties":{"name":"Mercedario","kind":"peak","rating":8,"region":"Argentina"}},{"type":"Feature","geometry":{"type":"Point","coordinates":[-1.511,48.636]},"properties":{"name":"Mont Saint-Michel","kind":"feature","rating":8,"region":"France"}},{"type":"Feature","geometry":{"type":"Point","coordinates":[-72.3067,-47.5917]},"properties":{"name":"Monte San Lorenzo","kind":"peak","rating":8,"region":"Argentina"}},{"type":"Feature","geometry":{"type":"Point","coordinates":[-73.3458,-46.595]},"properties":{"name":"Monte San Valentin","kind":"peak","rating":8,"region":"Chile"}},{"type":"Feature","geometry":{"type":"Point","coordinates":[-110.098,36.998]},"properties":{"name":"Monument Valley","kind":"feature","rating":8,"region":"Arizona"}},{"type":"Feature","geometry":{"type":"Point","coordinates":[37.618,55.752]},"properties":{"name":"Moscow","kind":"city","rating":8,"region":"Moskva"}},{"type":"Feature","geometry":{"type":"Point","coordinates":[-121.491,46.202]},"properties":{"name":"Mount Adams","kind":"volcano","rating":8,"region":"Washington"}},{"type":"Feature","geometry":{"type":"Point","coordinates":[125.2708,6.9875]},"properties":{"name":"Mount Apo","kind":"volcano","rating":8,"region":"Philippines"}},{"type":"Feature","geometry":{"type":"Point","coordinates":[-115.651,50.87]},"properties":{"name":"Mount Assiniboine","kind":"peak","rating":8,"region":"British Columbia"}},{"type":"Feature","geometry":{"type":"Point","coordinates":[-121.813,48.777]},"properties":{"name":"Mount Baker","kind":"volcano","rating":8,"region":"Washington"}},{"type":"Feature","geometry":{"type":"Point","coordinates":[154.9825,-5.9167]},"properties":{"name":"Mount Balbi","kind":"volcano","rating":8,"region":"Papua New Guinea"}},{"type":"Feature","geometry":{"type":"Point","coordinates":[47.8367,41.2343]},"properties":{"name":"Mount Bazardüzü","kind":"peak","rating":8,"region":"Dagestan"}},{"type":"Feature","geometry":{"type":"Point","coordinates":[108.4,-6.8919]},"properties":{"name":"Mount Cereme","kind":"volcano","rating":8,"region":"Indonesia"}},{"type":"Feature","geometry":{"type":"Point","coordinates":[-137.5266,58.9065]},"properties":{"name":"Mount Fairweather","kind":"peak","rating":8,"region":"Alaska"}},{"type":"Feature","geometry":{"type":"Point","coordinates":[29.6435,-1.3873]},"properties":{"name":"Mount Gahinga","kind":"volcano","rating":8,"region":"Rwanda"}},{"type":"Feature","geometry":{"type":"Point","coordinates":[146.3753,-5.9539]},"properties":{"name":"Mount Gladstone","kind":"peak","rating":8,"region":"Papua New Guinea"}},{"type":"Feature","geometry":{"type":"Point","coordinates":[101.8792,29.5958]},"properties":{"name":"Mount Gongga","kind":"peak","rating":8,"region":"Sichuan"}},{"type":"Feature","geometry":{"type":"Point","coordinates":[-146.715,63.6208]},"properties":{"name":"Mount Hayes","kind":"peak","rating":8,"region":"Alaska"}},{"type":"Feature","geometry":{"type":"Point","coordinates":[44.5189,42.6969]},"properties":{"name":"Mount Kazbek","kind":"volcano","rating":8,"region":"Georgia"}},{"type":"Feature","geometry":{"type":"Point","coordinates":[-140.4656,61.0233]},"properties":{"name":"Mount Lucania","kind":"peak","rating":8,"region":"Yukon"}},{"type":"Feature","geometry":{"type":"Point","coordinates":[-147.751,61.4378]},"properties":{"name":"Mount Marcus Baker","kind":"peak","rating":8,"region":"Alaska"}},{"type":"Feature","geometry":{"type":"Point","coordinates":[36.7602,-3.2468]},"properties":{"name":"Mount Meru","kind":"peak","rating":8,"region":"Tanzania"}},{"type":"Feature","geometry":{"type":"Point","coordinates":[-161.895,55.4194]},"properties":{"name":"Mount Pavlof","kind":"volcano","rating":8,"region":"Alaska"}},{"type":"Feature","geometry":{"type":"Point","coordinates":[175.5686,-39.2817]},"properties":{"name":"Mount Ruapehu","kind":"volcano","rating":8,"region":"New Zealand"}},{"type":"Feature","geometry":{"type":"Point","coordinates":[-126.6667,-73.4333]},"properties":{"name":"Mount Siple","kind":"peak","rating":8,"region":"Antarctica"}},{"type":"Feature","geometry":{"type":"Point","coordinates":[61.1333,28.6]},"properties":{"name":"Mount Taftan","kind":"volcano","rating":8,"region":"Iran"}},{"type":"Feature","geometry":{"type":"Point","coordinates":[-125.264,51.374]},"properties":{"name":"Mount Waddington","kind":"peak","rating":8,"region":"British Columbia"}},{"type":"Feature","geometry":{"type":"Point","coordinates":[-118.292,36.579]},"properties":{"name":"Mount Whitney","kind":"peak","rating":8,"region":"California"}},{"type":"Feature","geometry":{"type":"Point","coordinates":[110.0725,-7.385]},"properties":{"name":"Mountain Sumbing","kind":"volcano","rating":8,"region":"Indonesia"}},{"type":"Feature","geometry":{"type":"Point","coordinates":[-159.65,22.17]},"properties":{"name":"Na Pali Coast","kind":"coast","rating":8,"region":"Hawaii"}},{"type":"Feature","geometry":{"type":"Point","coordinates":[118.778,32.062]},"properties":{"name":"Nanjing","kind":"city","rating":8,"region":"Jiangsu"}},{"type":"Feature","geometry":{"type":"Point","coordinates":[108.317,22.817]},"properties":{"name":"Nanning","kind":"city","rating":8,"region":"Guangxi"}},{"type":"Feature","geometry":{"type":"Point","coordinates":[19.0383,78.58]},"properties":{"name":"Negribreen","kind":"glacier","rating":8,"region":"Norway"}},{"type":"Feature","geometry":{"type":"Point","coordinates":[31.134,29.979]},"properties":{"name":"Nile Valley / Pyramids","kind":"landmark","rating":8,"region":"Egypt"}},{"type":"Feature","geometry":{"type":"Point","coordinates":[19.5397,78.8372]},"properties":{"name":"Olav V Land","kind":"glacier","rating":8,"region":"Norway"}},{"type":"Feature","geometry":{"type":"Point","coordinates":[-79.7,9.1]},"properties":{"name":"Panama Canal","kind":"landmark","rating":8,"region":"Panama"}},{"type":"Feature","geometry":{"type":"Point","coordinates":[2.349,48.853]},"properties":{"name":"Paris","kind":"city","rating":8,"region":"France"}},{"type":"Feature","geometry":{"type":"Point","coordinates":[-66.0,67.25]},"properties":{"name":"Penny Ice Cap","kind":"glacier","rating":8,"region":"Nunavut"}},{"type":"Feature","geometry":{"type":"Point","coordinates":[-71.0465,8.5409]},"properties":{"name":"Pico Bolívar","kind":"peak","rating":8,"region":"Venezuela"}},{"type":"Feature","geometry":{"type":"Point","coordinates":[-71.0053,19.0331]},"properties":{"name":"Pico Duarte","kind":"peak","rating":8,"region":"Dominican Republic"}},{"type":"Feature","geometry":{"type":"Point","coordinates":[-24.3404,14.9493]},"properties":{"name":"Pico do Fogo","kind":"volcano","rating":8,"region":"Republic of Cabo Verde"}},{"type":"Feature","geometry":{"type":"Point","coordinates":[38.3725,13.2367]},"properties":{"name":"Ras Dashen","kind":"peak","rating":8,"region":"Ethiopia"}},{"type":"Feature","geometry":{"type":"Point","coordinates":[-43.21,-22.95]},"properties":{"name":"Rio de Janeiro bays","kind":"landmark","rating":8,"region":"Rio de Janeiro"}},{"type":"Feature","geometry":{"type":"Point","coordinates":[-72.2975,6.4942]},"properties":{"name":"Ritacuba Blanco","kind":"peak","rating":8,"region":"Colombia"}},{"type":"Feature","geometry":{"type":"Point","coordinates":[-175.0,-81.5]},"properties":{"name":"Ross Ice Shelf","kind":"glacier","rating":8,"region":""}},{"type":"Feature","geometry":{"type":"Point","coordinates":[47.8369,38.2669]},"properties":{"name":"Sabalan","kind":"peak","rating":8,"region":"Iran"}},{"type":"Feature","geometry":{"type":"Point","coordinates":[25.396,36.404]},"properties":{"name":"Santorini caldera","kind":"volcano","rating":8,"region":"Greece"}},{"type":"Feature","geometry":{"type":"Point","coordinates":[85.5667,47.0492]},"properties":{"name":"Sauyr Zhotasy","kind":"peak","rating":8,"region":"Xinjiang"}},{"type":"Feature","geometry":{"type":"Point","coordinates":[126.978,37.566]},"properties":{"name":"Seoul","kind":"city","rating":8,"region":"Republic of Korea"}},{"type":"Feature","geometry":{"type":"Point","coordinates":[60.0,75.5]},"properties":{"name":"Severny Island ice cap","kind":"glacier","rating":8,"region":"Arkhangel'sk"}},{"type":"Feature","geometry":{"type":"Point","coordinates":[123.433,41.792]},"properties":{"name":"Shenyang","kind":"city","rating":8,"region":"Liaoning"}},{"type":"Feature","geometry":{"type":"Point","coordinates":[85.7797,28.3522]},"properties":{"name":"Shishapangma","kind":"peak","rating":8,"region":"Xizang"}},{"type":"Feature","geometry":{"type":"Point","coordinates":[-132.2308,57.0706]},"properties":{"name":"Stikine Icecap","kind":"glacier","rating":8,"region":"British Columbia"}},{"type":"Feature","geometry":{"type":"Point","coordinates":[18.403,-33.963]},"properties":{"name":"Table Mountain","kind":"feature","rating":8,"region":"South Africa"}},{"type":"Feature","geometry":{"type":"Point","coordinates":[-16.642,28.272]},"properties":{"name":"Teide","kind":"volcano","rating":8,"region":"Spain"}},{"type":"Feature","geometry":{"type":"Point","coordinates":[71.8439,36.2458]},"properties":{"name":"Terich Mir","kind":"peak","rating":8,"region":"Pakistan"}},{"type":"Feature","geometry":{"type":"Point","coordinates":[-106.75,-75.5]},"properties":{"name":"Thwaites Glacier","kind":"glacier","rating":8,"region":"Antarctica"}},{"type":"Feature","geometry":{"type":"Point","coordinates":[94.3467,43.0733]},"properties":{"name":"Tomort","kind":"peak","rating":8,"region":"Xinjiang"}},{"type":"Feature","geometry":{"type":"Point","coordinates":[-79.399,43.706]},"properties":{"name":"Toronto","kind":"city","rating":8,"region":"Ontario"}},{"type":"Feature","geometry":{"type":"Point","coordinates":[-69.7704,-33.3586]},"properties":{"name":"Tupungato Volcano","kind":"volcano","rating":8,"region":"Argentina"}},{"type":"Feature","geometry":{"type":"Point","coordinates":[131.036,-25.345]},"properties":{"name":"Uluru","kind":"feature","rating":8,"region":"Northern Territory"}},{"type":"Feature","geometry":{"type":"Point","coordinates":[12.33,45.43]},"properties":{"name":"Venice lagoon","kind":"landmark","rating":8,"region":"Italy"}},{"type":"Feature","geometry":{"type":"Point","coordinates":[20.5,79.95]},"properties":{"name":"Vestfonna","kind":"glacier","rating":8,"region":"Norway"}},{"type":"Feature","geometry":{"type":"Point","coordinates":[14.426,40.821]},"properties":{"name":"Vesuvius / Bay of Naples","kind":"volcano","rating":8,"region":"Italy"}},{"type":"Feature","geometry":{"type":"Point","coordinates":[80.89,42.2617]},"properties":{"name":"Xuelian Feng","kind":"peak","rating":8,"region":"Xinjiang"}},{"type":"Feature","geometry":{"type":"Point","coordinates":[120.9573,23.47]},"properties":{"name":"Yushan Main Peak","kind":"peak","rating":8,"region":"Taiwan"}},{"type":"Feature","geometry":{"type":"Point","coordinates":[16.6267,79.585]},"properties":{"name":"Åsgardfonna","kind":"glacier","rating":8,"region":"Norway"}},{"type":"Feature","geometry":{"type":"Point","coordinates":[54.397,24.451]},"properties":{"name":"Abu Dhabi","kind":"city","rating":7,"region":"United Arab Emirates"}},{"type":"Feature","geometry":{"type":"Point","coordinates":[-138.0469,59.2014]},"properties":{"name":"Alsek Glacier","kind":"glacier","rating":7,"region":"Alaska"}},{"type":"Feature","geometry":{"type":"Point","coordinates":[93.7,39.25]},"properties":{"name":"Altun Shan","kind":"peak","rating":7,"region":"Qinghai"}},{"type":"Feature","geometry":{"type":"Point","coordinates":[83.82,28.5958]},"properties":{"name":"Annapurna I","kind":"peak","rating":7,"region":"Nepal"}},{"type":"Feature","geometry":{"type":"Point","coordinates":[60.0,45.0]},"properties":{"name":"Aral Sea","kind":"lake","rating":7,"region":"Kazakhstan"}},{"type":"Feature","geometry":{"type":"Point","coordinates":[155.5594,50.8597]},"properties":{"name":"Atlasov Island","kind":"volcano","rating":7,"region":"Sakhalin"}},{"type":"Feature","geometry":{"type":"Point","coordinates":[76.3808,35.7364]},"properties":{"name":"Baltoro Glacier","kind":"glacier","rating":7,"region":"Pakistan"}},{"type":"Feature","geometry":{"type":"Point","coordinates":[-75.0092,81.9147]},"properties":{"name":"Barbeau Peak","kind":"peak","rating":7,"region":"Nunavut"}},{"type":"Feature","geometry":{"type":"Point","coordinates":[74.65,36.5333]},"properties":{"name":"Batura Glacier","kind":"glacier","rating":7,"region":"Pakistan"}},{"type":"Feature","geometry":{"type":"Point","coordinates":[-8.1559,71.0797]},"properties":{"name":"Beerenberg","kind":"volcano","rating":7,"region":"Norway"}},{"type":"Feature","geometry":{"type":"Point","coordinates":[116.397,39.907]},"properties":{"name":"Beijing","kind":"city","rating":7,"region":"Beijing"}},{"type":"Feature","geometry":{"type":"Point","coordinates":[-112.187,37.593]},"properties":{"name":"Bryce Canyon","kind":"canyon","rating":7,"region":"Utah"}},{"type":"Feature","geometry":{"type":"Point","coordinates":[72.3275,36.1542]},"properties":{"name":"Buni Zom","kind":"peak","rating":7,"region":"Pakistan"}},{"type":"Feature","geometry":{"type":"Point","coordinates":[129.03,35.102]},"properties":{"name":"Busan","kind":"city","rating":7,"region":"Republic of Korea"}},{"type":"Feature","geometry":{"type":"Point","coordinates":[-109.878,38.327]},"properties":{"name":"Canyonlands","kind":"canyon","rating":7,"region":"Utah"}},{"type":"Feature","geometry":{"type":"Point","coordinates":[-77.9888,0.0239]},"properties":{"name":"Cayambe","kind":"volcano","rating":7,"region":"Ecuador"}},{"type":"Feature","geometry":{"type":"Point","coordinates":[-66.0386,-28.2564]},"properties":{"name":"Cerro El Manchao","kind":"peak","rating":7,"region":"Argentina"}},{"type":"Feature","geometry":{"type":"Point","coordinates":[-67.8264,-29.0146]},"properties":{"name":"Cerro General Belgrano","kind":"peak","rating":7,"region":"Argentina"}},{"type":"Feature","geometry":{"type":"Point","coordinates":[-73.1692,-45.1058]},"properties":{"name":"Cerro Macá","kind":"volcano","rating":7,"region":"Chile"}},{"type":"Feature","geometry":{"type":"Point","coordinates":[-76.1833,5.0333]},"properties":{"name":"Cerro Tamaná","kind":"peak","rating":7,"region":"Colombia"}},{"type":"Feature","geometry":{"type":"Point","coordinates":[75.1083,38.8658]},"properties":{"name":"Chakragil","kind":"peak","rating":7,"region":"Xinjiang"}},{"type":"Feature","geometry":{"type":"Point","coordinates":[-115.6958,36.2725]},"properties":{"name":"Charleston Peak","kind":"peak","rating":7,"region":"Nevada"}},{"type":"Feature","geometry":{"type":"Point","coordinates":[86.6608,28.0942]},"properties":{"name":"Cho Oyu","kind":"peak","rating":7,"region":"Nepal"}},{"type":"Feature","geometry":{"type":"Point","coordinates":[121.602,38.912]},"properties":{"name":"Dalian","kind":"city","rating":7,"region":"Liaoning"}},{"type":"Feature","geometry":{"type":"Point","coordinates":[-117.079,36.505]},"properties":{"name":"Death Valley","kind":"desert","rating":7,"region":"California"}},{"type":"Feature","geometry":{"type":"Point","coordinates":[103.13,-4.03]},"properties":{"name":"Dempo","kind":"volcano","rating":7,"region":"Indonesia"}},{"type":"Feature","geometry":{"type":"Point","coordinates":[51.4375,30.9517]},"properties":{"name":"Dena","kind":"peak","rating":7,"region":"Iran"}},{"type":"Feature","geometry":{"type":"Point","coordinates":[24.2589,12.9514]},"properties":{"name":"Deriba Caldera","kind":"peak","rating":7,"region":"Sudan"}},{"type":"Feature","geometry":{"type":"Point","coordinates":[75.1883,36.3258]},"properties":{"name":"Distaghil Sar","kind":"peak","rating":7,"region":"Pakistan"}},{"type":"Feature","geometry":{"type":"Point","coordinates":[51.531,25.285]},"properties":{"name":"Doha","kind":"city","rating":7,"region":"Qatar"}},{"type":"Feature","geometry":{"type":"Point","coordinates":[-78.4111,-1.6642]},"properties":{"name":"El Altar volcano","kind":"volcano","rating":7,"region":"Ecuador"}},{"type":"Feature","geometry":{"type":"Point","coordinates":[-67.1275,-28.8675]},"properties":{"name":"El Mela","kind":"peak","rating":7,"region":"Argentina"}},{"type":"Feature","geometry":{"type":"Point","coordinates":[-81.2,24.7]},"properties":{"name":"Florida Keys","kind":"island","rating":7,"region":"Florida"}},{"type":"Feature","geometry":{"type":"Point","coordinates":[6.3333,60.0]},"properties":{"name":"Folgefonna","kind":"glacier","rating":7,"region":"Norway"}},{"type":"Feature","geometry":{"type":"Point","coordinates":[113.131,23.027]},"properties":{"name":"Foshan","kind":"city","rating":7,"region":"Guangdong"}},{"type":"Feature","geometry":{"type":"Point","coordinates":[120.2044,0.5783]},"properties":{"name":"Fuyul Sojol","kind":"peak","rating":7,"region":"Indonesia"}},{"type":"Feature","geometry":{"type":"Point","coordinates":[-122.479,37.82]},"properties":{"name":"Golden Gate Bridge","kind":"landmark","rating":7,"region":"California"}},{"type":"Feature","geometry":{"type":"Point","coordinates":[-121.0,66.0]},"properties":{"name":"Great Bear Lake","kind":"lake","rating":7,"region":"Northwest Territories"}},{"type":"Feature","geometry":{"type":"Point","coordinates":[-112.583,41.166]},"properties":{"name":"Great Salt Lake","kind":"lake","rating":7,"region":"Utah"}},{"type":"Feature","geometry":{"type":"Point","coordinates":[-114.0,61.6667]},"properties":{"name":"Great Slave Lake","kind":"lake","rating":7,"region":"Northwest Territories"}},{"type":"Feature","geometry":{"type":"Point","coordinates":[97.2192,3.7975]},"properties":{"name":"Gunung Leuser","kind":"peak","rating":7,"region":"Indonesia"}},{"type":"Feature","geometry":{"type":"Point","coordinates":[81.2992,30.4383]},"properties":{"name":"Gurla Mandhata","kind":"peak","rating":7,"region":"Xizang"}},{"type":"Feature","geometry":{"type":"Point","coordinates":[94.9683,29.8142]},"properties":{"name":"Gyala Peri","kind":"peak","rating":7,"region":"Xizang"}},{"type":"Feature","geometry":{"type":"Point","coordinates":[117.281,31.864]},"properties":{"name":"Hefei","kind":"city","rating":7,"region":"Anhui"}},{"type":"Feature","geometry":{"type":"Point","coordinates":[-19.6658,63.9922]},"properties":{"name":"Hekla","kind":"volcano","rating":7,"region":"Iceland"}},{"type":"Feature","geometry":{"type":"Point","coordinates":[-18.8167,64.8167]},"properties":{"name":"Hofsjökull","kind":"glacier","rating":7,"region":"Iceland"}},{"type":"Feature","geometry":{"type":"Point","coordinates":[-95.363,29.763]},"properties":{"name":"Houston","kind":"city","rating":7,"region":"Texas"}},{"type":"Feature","geometry":{"type":"Point","coordinates":[-77.6,-9.1167]},"properties":{"name":"Huascarán","kind":"peak","rating":7,"region":"Peru"}},{"type":"Feature","geometry":{"type":"Point","coordinates":[78.456,17.384]},"properties":{"name":"Hyderabad","kind":"city","rating":7,"region":"Telangana"}},{"type":"Feature","geometry":{"type":"Point","coordinates":[-67.7908,-16.6333]},"properties":{"name":"Illimani","kind":"peak","rating":7,"region":"Bolivia"}},{"type":"Feature","geometry":{"type":"Point","coordinates":[126.705,37.456]},"properties":{"name":"Incheon","kind":"city","rating":7,"region":"Republic of Korea"}},{"type":"Feature","geometry":{"type":"Point","coordinates":[28.95,41.014]},"properties":{"name":"Istanbul","kind":"city","rating":7,"region":"Turkey"}},{"type":"Feature","geometry":{"type":"Point","coordinates":[43.2228,18.0064]},"properties":{"name":"Jabal Al-Majaz","kind":"peak","rating":7,"region":"Saudi Arabia"}},{"type":"Feature","geometry":{"type":"Point","coordinates":[57.2638,23.2374]},"properties":{"name":"Jebel Shams","kind":"peak","rating":7,"region":"Oman"}},{"type":"Feature","geometry":{"type":"Point","coordinates":[116.997,36.668]},"properties":{"name":"Jinan","kind":"city","rating":7,"region":"Shandong"}},{"type":"Feature","geometry":{"type":"Point","coordinates":[103.8533,31.5433]},"properties":{"name":"Jiuding Shan","kind":"peak","rating":7,"region":"Sichuan"}},{"type":"Feature","geometry":{"type":"Point","coordinates":[79.5933,30.92]},"properties":{"name":"Kamet","kind":"peak","rating":7,"region":"Uttarakhand"}},{"type":"Feature","geometry":{"type":"Point","coordinates":[73.2406,36.7308]},"properties":{"name":"Koyo Zom","kind":"peak","rating":7,"region":"Pakistan"}},{"type":"Feature","geometry":{"type":"Point","coordinates":[13.0,78.8333]},"properties":{"name":"Kronebreen","kind":"glacier","rating":7,"region":"Norway"}},{"type":"Feature","geometry":{"type":"Point","coordinates":[70.9833,36.1792]},"properties":{"name":"Kuh-e Bandaka","kind":"peak","rating":7,"region":"Afghanistan"}},{"type":"Feature","geometry":{"type":"Point","coordinates":[-155.2868,19.4211]},"properties":{"name":"Kīlauea","kind":"volcano","rating":7,"region":"Hawaii"}},{"type":"Feature","geometry":{"type":"Point","coordinates":[57.2708,29.5125]},"properties":{"name":"Kūh-e Hezār","kind":"peak","rating":7,"region":"Iran"}},{"type":"Feature","geometry":{"type":"Point","coordinates":[74.8789,46.5408]},"properties":{"name":"Lake Balkhash","kind":"lake","rating":7,"region":"Kazakhstan"}},{"type":"Feature","geometry":{"type":"Point","coordinates":[-80.9997,42.25]},"properties":{"name":"Lake Erie","kind":"lake","rating":7,"region":"Ohio"}},{"type":"Feature","geometry":{"type":"Point","coordinates":[-82.7563,44.5926]},"properties":{"name":"Lake Huron","kind":"lake","rating":7,"region":"Michigan"}},{"type":"Feature","geometry":{"type":"Point","coordinates":[31.4597,60.8428]},"properties":{"name":"Lake Ladoga","kind":"lake","rating":7,"region":"Leningrad"}},{"type":"Feature","geometry":{"type":"Point","coordinates":[34.3667,-12.1833]},"properties":{"name":"Lake Malawi","kind":"lake","rating":7,"region":"Mozambique"}},{"type":"Feature","geometry":{"type":"Point","coordinates":[-71.5567,9.8158]},"properties":{"name":"Lake Maracaibo","kind":"lake","rating":7,"region":"Venezuela"}},{"type":"Feature","geometry":{"type":"Point","coordinates":[-86.7565,44.0079]},"properties":{"name":"Lake Michigan","kind":"lake","rating":7,"region":"Michigan"}},{"type":"Feature","geometry":{"type":"Point","coordinates":[-78.1064,43.7289]},"properties":{"name":"Lake Ontario","kind":"lake","rating":7,"region":"Ontario"}},{"type":"Feature","geometry":{"type":"Point","coordinates":[-87.76,47.5288]},"properties":{"name":"Lake Superior","kind":"lake","rating":7,"region":"Michigan"}},{"type":"Feature","geometry":{"type":"Point","coordinates":[29.5,-6.1]},"properties":{"name":"Lake Tanganyika","kind":"lake","rating":7,"region":"Tanzania"}},{"type":"Feature","geometry":{"type":"Point","coordinates":[33.0,-1.0]},"properties":{"name":"Lake Victoria","kind":"lake","rating":7,"region":"Uganda"}},{"type":"Feature","geometry":{"type":"Point","coordinates":[106.0,-77.5]},"properties":{"name":"Lake Vostok","kind":"lake","rating":7,"region":"Antarctica"}},{"type":"Feature","geometry":{"type":"Point","coordinates":[-97.25,52.1167]},"properties":{"name":"Lake Winnipeg","kind":"lake","rating":7,"region":"Manitoba"}},{"type":"Feature","geometry":{"type":"Point","coordinates":[-20.1968,64.6919]},"properties":{"name":"Langjökull","kind":"glacier","rating":7,"region":"Iceland"}},{"type":"Feature","geometry":{"type":"Point","coordinates":[-115.137,36.175]},"properties":{"name":"Las Vegas","kind":"city","rating":7,"region":"Nevada"}},{"type":"Feature","geometry":{"type":"Point","coordinates":[91.1,81.1]},"properties":{"name":"Lednik Shmidta","kind":"glacier","rating":7,"region":"Krasnoyarsk"}},{"type":"Feature","geometry":{"type":"Point","coordinates":[26.4733,80.15]},"properties":{"name":"Leighbreen","kind":"glacier","rating":7,"region":"Norway"}},{"type":"Feature","geometry":{"type":"Point","coordinates":[72.8779,39.3437]},"properties":{"name":"Lenin Peak","kind":"peak","rating":7,"region":"Tajikistan"}},{"type":"Feature","geometry":{"type":"Point","coordinates":[-68.5367,-24.7197]},"properties":{"name":"Llullaillaco","kind":"volcano","rating":7,"region":"Argentina"}},{"type":"Feature","geometry":{"type":"Point","coordinates":[17.5867,78.7483]},"properties":{"name":"Lomonosovfonna","kind":"glacier","rating":7,"region":"Norway"}},{"type":"Feature","geometry":{"type":"Point","coordinates":[-118.244,34.052]},"properties":{"name":"Los Angeles","kind":"city","rating":7,"region":"California"}},{"type":"Feature","geometry":{"type":"Point","coordinates":[-75.705,72.3578]},"properties":{"name":"Macculloch Glacier","kind":"glacier","rating":7,"region":"Nunavut"}},{"type":"Feature","geometry":{"type":"Point","coordinates":[121.033,14.55]},"properties":{"name":"Makati City","kind":"city","rating":7,"region":"Philippines"}},{"type":"Feature","geometry":{"type":"Point","coordinates":[-166.9111,53.8863]},"properties":{"name":"Makushin Volcano","kind":"volcano","rating":7,"region":"Alaska"}},{"type":"Feature","geometry":{"type":"Point","coordinates":[100.4733,-0.3806]},"properties":{"name":"Marapi","kind":"volcano","rating":7,"region":"Indonesia"}},{"type":"Feature","geometry":{"type":"Point","coordinates":[48.9658,-14.0228]},"properties":{"name":"Maromokotro","kind":"peak","rating":7,"region":"Madagascar"}},{"type":"Feature","geometry":{"type":"Point","coordinates":[144.963,-37.814]},"properties":{"name":"Melbourne","kind":"city","rating":7,"region":"Victoria"}},{"type":"Feature","geometry":{"type":"Point","coordinates":[110.4461,-7.5414]},"properties":{"name":"Merapi","kind":"volcano","rating":7,"region":"Indonesia"}},{"type":"Feature","geometry":{"type":"Point","coordinates":[-80.194,25.774]},"properties":{"name":"Miami","kind":"city","rating":7,"region":"Florida"}},{"type":"Feature","geometry":{"type":"Point","coordinates":[12.55,79.5]},"properties":{"name":"Monacobreen","kind":"glacier","rating":7,"region":"Norway"}},{"type":"Feature","geometry":{"type":"Point","coordinates":[-125.8758,51.8994]},"properties":{"name":"Monarch Mountain","kind":"peak","rating":7,"region":"British Columbia"}},{"type":"Feature","geometry":{"type":"Point","coordinates":[119.9317,-5.3467]},"properties":{"name":"Moncong Lompobatang","kind":"peak","rating":7,"region":"Indonesia"}},{"type":"Feature","geometry":{"type":"Point","coordinates":[-119.009,38.017]},"properties":{"name":"Mono Lake","kind":"lake","rating":7,"region":"California"}},{"type":"Feature","geometry":{"type":"Point","coordinates":[44.1953,40.5231]},"properties":{"name":"Mount Aragats","kind":"peak","rating":7,"region":"Armenia"}},{"type":"Feature","geometry":{"type":"Point","coordinates":[133.9797,-1.1564]},"properties":{"name":"Mount Arfak","kind":"peak","rating":7,"region":"Indonesia"}},{"type":"Feature","geometry":{"type":"Point","coordinates":[24.3272,40.1583]},"properties":{"name":"Mount Athos","kind":"peak","rating":7,"region":"Greece"}},{"type":"Feature","geometry":{"type":"Point","coordinates":[-141.749,61.3856]},"properties":{"name":"Mount Bona","kind":"volcano","rating":7,"region":"Alaska"}},{"type":"Feature","geometry":{"type":"Point","coordinates":[-156.9914,57.1336]},"properties":{"name":"Mount Chiginagak","kind":"volcano","rating":7,"region":"Alaska"}},{"type":"Feature","geometry":{"type":"Point","coordinates":[-106.4453,39.1178]},"properties":{"name":"Mount Elbert","kind":"peak","rating":7,"region":"Colorado"}},{"type":"Feature","geometry":{"type":"Point","coordinates":[34.5265,1.1185]},"properties":{"name":"Mount Elgon","kind":"volcano","rating":7,"region":"Uganda"}},{"type":"Feature","geometry":{"type":"Point","coordinates":[35.45,38.5317]},"properties":{"name":"Mount Erciyes","kind":"volcano","rating":7,"region":"Turkey"}},{"type":"Feature","geometry":{"type":"Point","coordinates":[-63.45,-64.6333]},"properties":{"name":"Mount Francais","kind":"peak","rating":7,"region":"Antarctica"}},{"type":"Feature","geometry":{"type":"Point","coordinates":[143.8861,-6.0389]},"properties":{"name":"Mount Giluwe","kind":"peak","rating":7,"region":"Papua New Guinea"}},{"type":"Feature","geometry":{"type":"Point","coordinates":[-155.0917,58.3539]},"properties":{"name":"Mount Griggs","kind":"volcano","rating":7,"region":"Alaska"}},{"type":"Feature","geometry":{"type":"Point","coordinates":[120.9833,13.25]},"properties":{"name":"Mount Halcon","kind":"peak","rating":7,"region":"Philippines"}},{"type":"Feature","geometry":{"type":"Point","coordinates":[-153.0912,60.0317]},"properties":{"name":"Mount Iliamna","kind":"volcano","rating":7,"region":"Alaska"}},{"type":"Feature","geometry":{"type":"Point","coordinates":[-121.8,44.674]},"properties":{"name":"Mount Jefferson","kind":"volcano","rating":7,"region":"Oregon"}},{"type":"Feature","geometry":{"type":"Point","coordinates":[126.1242,-3.2558]},"properties":{"name":"Mount Kapalatmada","kind":"peak","rating":7,"region":"Indonesia"}},{"type":"Feature","geometry":{"type":"Point","coordinates":[166.4167,-84.3333]},"properties":{"name":"Mount Kirkpatrick","kind":"peak","rating":7,"region":"Antarctica"}},{"type":"Feature","geometry":{"type":"Point","coordinates":[148.2635,-36.4558]},"properties":{"name":"Mount Kosciuszko","kind":"peak","rating":7,"region":"New South Wales"}},{"type":"Feature","geometry":{"type":"Point","coordinates":[168.75,-71.7867]},"properties":{"name":"Mount Minto","kind":"peak","rating":7,"region":"Antarctica"}},{"type":"Feature","geometry":{"type":"Point","coordinates":[10.5189,6.1997]},"properties":{"name":"Mount Oku","kind":"volcano","rating":7,"region":"Cameroon"}},{"type":"Feature","geometry":{"type":"Point","coordinates":[-36.5553,-54.4408]},"properties":{"name":"Mount Paget","kind":"peak","rating":7,"region":"South Georgia and the Islands"}},{"type":"Feature","geometry":{"type":"Point","coordinates":[-62.407,-64.2555]},"properties":{"name":"Mount Parry","kind":"peak","rating":7,"region":"Antarctica"}},{"type":"Feature","geometry":{"type":"Point","coordinates":[-61.1656,14.8131]},"properties":{"name":"Mount Pelée","kind":"volcano","rating":7,"region":"France"}},{"type":"Feature","geometry":{"type":"Point","coordinates":[-28.3992,38.4686]},"properties":{"name":"Mount Pico","kind":"volcano","rating":7,"region":"Portugal"}},{"type":"Feature","geometry":{"type":"Point","coordinates":[160.0607,-9.7037]},"properties":{"name":"Mount Popomanaseu","kind":"volcano","rating":7,"region":"Solomon Islands"}},{"type":"Feature","geometry":{"type":"Point","coordinates":[120.8836,16.5836]},"properties":{"name":"Mount Pulag","kind":"peak","rating":7,"region":"Philippines"}},{"type":"Feature","geometry":{"type":"Point","coordinates":[95.0375,25.74]},"properties":{"name":"Mount Saramati","kind":"peak","rating":7,"region":"Myanmar"}},{"type":"Feature","geometry":{"type":"Point","coordinates":[170.555,-43.552]},"properties":{"name":"Mount Sibbald","kind":"peak","rating":7,"region":"New Zealand"}},{"type":"Feature","geometry":{"type":"Point","coordinates":[-126.1,-77.04]},"properties":{"name":"Mount Sidley","kind":"peak","rating":7,"region":"Antarctica"}},{"type":"Feature","geometry":{"type":"Point","coordinates":[102.902,31.1063]},"properties":{"name":"Mount Siguniang","kind":"peak","rating":7,"region":"Sichuan"}},{"type":"Feature","geometry":{"type":"Point","coordinates":[-117.8675,51.6567]},"properties":{"name":"Mount Sir Sandford","kind":"peak","rating":7,"region":"British Columbia"}},{"type":"Feature","geometry":{"type":"Point","coordinates":[-119.731,52.8014]},"properties":{"name":"Mount Sir Wilfrid Laurier","kind":"peak","rating":7,"region":"British Columbia"}},{"type":"Feature","geometry":{"type":"Point","coordinates":[-69.7167,-69.8167]},"properties":{"name":"Mount Stephenson","kind":"peak","rating":7,"region":"Antarctica"}},{"type":"Feature","geometry":{"type":"Point","coordinates":[149.0108,-9.6692]},"properties":{"name":"Mount Suckling","kind":"peak","rating":7,"region":"Papua New Guinea"}},{"type":"Feature","geometry":{"type":"Point","coordinates":[42.8296,38.9298]},"properties":{"name":"Mount Süphan","kind":"volcano","rating":7,"region":"Turkey"}},{"type":"Feature","geometry":{"type":"Point","coordinates":[126.23,7.4417]},"properties":{"name":"Mount Tagubud","kind":"peak","rating":7,"region":"Philippines"}},{"type":"Feature","geometry":{"type":"Point","coordinates":[-152.414,61.4089]},"properties":{"name":"Mount Torbert","kind":"peak","rating":7,"region":"Alaska"}},{"type":"Feature","geometry":{"type":"Point","coordinates":[39.8194,6.8265]},"properties":{"name":"Mount Tullu Demtu","kind":"peak","rating":7,"region":"Ethiopia"}},{"type":"Feature","geometry":{"type":"Point","coordinates":[147.5333,-8.8925]},"properties":{"name":"Mount Victoria","kind":"peak","rating":7,"region":"Papua New Guinea"}},{"type":"Feature","geometry":{"type":"Point","coordinates":[150.2058,-9.3342]},"properties":{"name":"Mount Vineuo","kind":"peak","rating":7,"region":"Papua New Guinea"}},{"type":"Feature","geometry":{"type":"Point","coordinates":[-168.693,53.13]},"properties":{"name":"Mount Vsevidof","kind":"volcano","rating":7,"region":"Alaska"}},{"type":"Feature","geometry":{"type":"Point","coordinates":[145.0296,-5.78]},"properties":{"name":"Mount Wilhelm","kind":"peak","rating":7,"region":"Papua New Guinea"}},{"type":"Feature","geometry":{"type":"Point","coordinates":[113.5665,-7.9645]},"properties":{"name":"Mountain Argopuro","kind":"peak","rating":7,"region":"Indonesia"}},{"type":"Feature","geometry":{"type":"Point","coordinates":[75.1158,38.2783]},"properties":{"name":"Muztagh Ata","kind":"peak","rating":7,"region":"Xinjiang"}},{"type":"Feature","geometry":{"type":"Point","coordinates":[115.853,28.684]},"properties":{"name":"Nanchang","kind":"city","rating":7,"region":"Jiangxi"}},{"type":"Feature","geometry":{"type":"Point","coordinates":[-103.608,19.5636]},"properties":{"name":"Nevado de Colima","kind":"peak","rating":7,"region":"Jalisco"}},{"type":"Feature","geometry":{"type":"Point","coordinates":[-99.7556,19.1088]},"properties":{"name":"Nevado de Toluca","kind":"volcano","rating":7,"region":"México"}},{"type":"Feature","geometry":{"type":"Point","coordinates":[-76.0333,2.9333]},"properties":{"name":"Nevado del Huila","kind":"peak","rating":7,"region":"Colombia"}},{"type":"Feature","geometry":{"type":"Point","coordinates":[-75.3225,4.8953]},"properties":{"name":"Nevado del Ruiz","kind":"volcano","rating":7,"region":"Colombia"}},{"type":"Feature","geometry":{"type":"Point","coordinates":[-79.075,43.08]},"properties":{"name":"Niagara Falls","kind":"feature","rating":7,"region":"Ontario"}},{"type":"Feature","geometry":{"type":"Point","coordinates":[-76.7981,72.1181]},"properties":{"name":"Oliver Glacier","kind":"glacier","rating":7,"region":"Nunavut"}},{"type":"Feature","geometry":{"type":"Point","coordinates":[157.335,52.5431]},"properties":{"name":"Opala","kind":"volcano","rating":7,"region":"Kamchatka"}},{"type":"Feature","geometry":{"type":"Point","coordinates":[135.501,34.694]},"properties":{"name":"Osaka","kind":"city","rating":7,"region":"Japan"}},{"type":"Feature","geometry":{"type":"Point","coordinates":[-62.8333,-64.25]},"properties":{"name":"Palmer Archipelago","kind":"peak","rating":7,"region":"Antarctica"}},{"type":"Feature","geometry":{"type":"Point","coordinates":[-79.52,8.994]},"properties":{"name":"Panama City","kind":"city","rating":7,"region":"Panama"}},{"type":"Feature","geometry":{"type":"Point","coordinates":[-71.9833,18.3667]},"properties":{"name":"Peak la Selle","kind":"peak","rating":7,"region":"Haiti"}},{"type":"Feature","geometry":{"type":"Point","coordinates":[-73.128,-50.4932]},"properties":{"name":"Perito Moreno Glacier","kind":"glacier","rating":7,"region":"Argentina"}},{"type":"Feature","geometry":{"type":"Point","coordinates":[-41.7963,-20.4352]},"properties":{"name":"Pico da Bandeira","kind":"peak","rating":7,"region":"Espírito Santo"}},{"type":"Feature","geometry":{"type":"Point","coordinates":[-66.0054,0.8055]},"properties":{"name":"Pico da Neblina","kind":"peak","rating":7,"region":"Brazil"}},{"type":"Feature","geometry":{"type":"Point","coordinates":[6.5333,0.2667]},"properties":{"name":"Pico de São Tomé","kind":"volcano","rating":7,"region":"São Tomé and Principe"}},{"type":"Feature","geometry":{"type":"Point","coordinates":[80.7739,7.0008]},"properties":{"name":"Pidurutalagala","kind":"peak","rating":7,"region":"Sri Lanka"}},{"type":"Feature","geometry":{"type":"Point","coordinates":[77.6842,41.0594]},"properties":{"name":"Pik Dankova","kind":"peak","rating":7,"region":"Kyrgyzstan"}},{"type":"Feature","geometry":{"type":"Point","coordinates":[72.4817,37.1625]},"properties":{"name":"Pik Karla Marxa","kind":"peak","rating":7,"region":"Tajikistan"}},{"type":"Feature","geometry":{"type":"Point","coordinates":[120.35,15.13]},"properties":{"name":"Pinatubo","kind":"volcano","rating":7,"region":"Philippines"}},{"type":"Feature","geometry":{"type":"Point","coordinates":[140.2892,-4.7086]},"properties":{"name":"Puncak Mandala","kind":"peak","rating":7,"region":"Indonesia"}},{"type":"Feature","geometry":{"type":"Point","coordinates":[120.38,36.065]},"properties":{"name":"Qingdao","kind":"city","rating":7,"region":"Shandong"}},{"type":"Feature","geometry":{"type":"Point","coordinates":[-67.7,-20.3333]},"properties":{"name":"Salar de Uyuni","kind":"lake","rating":7,"region":"Bolivia"}},{"type":"Feature","geometry":{"type":"Point","coordinates":[-72.5444,-13.3336]},"properties":{"name":"Salcantay","kind":"peak","rating":7,"region":"Peru"}},{"type":"Feature","geometry":{"type":"Point","coordinates":[-116.825,34.0992]},"properties":{"name":"San Gorgonio Mountain","kind":"peak","rating":7,"region":"California"}},{"type":"Feature","geometry":{"type":"Point","coordinates":[-116.679,33.8147]},"properties":{"name":"San Jacinto Peak","kind":"peak","rating":7,"region":"California"}},{"type":"Feature","geometry":{"type":"Point","coordinates":[-68.3914,-21.8878]},"properties":{"name":"San Pedro","kind":"volcano","rating":7,"region":"Chile"}},{"type":"Feature","geometry":{"type":"Point","coordinates":[-73.4494,-15.3235]},"properties":{"name":"Sara Sara","kind":"volcano","rating":7,"region":"Peru"}},{"type":"Feature","geometry":{"type":"Point","coordinates":[-122.332,47.606]},"properties":{"name":"Seattle","kind":"city","rating":7,"region":"Washington"}},{"type":"Feature","geometry":{"type":"Point","coordinates":[-68.2561,-24.3933]},"properties":{"name":"Socompa","kind":"volcano","rating":7,"region":"Chile"}},{"type":"Feature","geometry":{"type":"Point","coordinates":[120.595,31.304]},"properties":{"name":"Suzhou","kind":"city","rating":7,"region":"Jiangsu"}},{"type":"Feature","geometry":{"type":"Point","coordinates":[151.215,-33.857]},"properties":{"name":"Sydney Harbour","kind":"landmark","rating":7,"region":"New South Wales"}},{"type":"Feature","geometry":{"type":"Point","coordinates":[77.3408,43.1183]},"properties":{"name":"Talgar peak","kind":"peak","rating":7,"region":"Kazakhstan"}},{"type":"Feature","geometry":{"type":"Point","coordinates":[174.0647,-39.2964]},"properties":{"name":"Taranaki Maunga","kind":"volcano","rating":7,"region":"New Zealand"}},{"type":"Feature","geometry":{"type":"Point","coordinates":[125.4933,-8.9067]},"properties":{"name":"Tatamailau","kind":"peak","rating":7,"region":"Timor-Leste"}},{"type":"Feature","geometry":{"type":"Point","coordinates":[-121.769,44.103]},"properties":{"name":"Three Sisters","kind":"volcano","rating":7,"region":"Oregon"}},{"type":"Feature","geometry":{"type":"Point","coordinates":[117.177,39.142]},"properties":{"name":"Tianjin","kind":"city","rating":7,"region":"Tianjin"}},{"type":"Feature","geometry":{"type":"Point","coordinates":[160.33,55.83]},"properties":{"name":"Tolbachik","kind":"volcano","rating":7,"region":"Kamchatka"}},{"type":"Feature","geometry":{"type":"Point","coordinates":[13.8367,46.3783]},"properties":{"name":"Triglav","kind":"peak","rating":7,"region":"Slovenia"}},{"type":"Feature","geometry":{"type":"Point","coordinates":[-71.8875,-41.1608]},"properties":{"name":"Tronador","kind":"peak","rating":7,"region":"Chile"}},{"type":"Feature","geometry":{"type":"Point","coordinates":[151.3333,-5.05]},"properties":{"name":"Ulawun","kind":"volcano","rating":7,"region":"Papua New Guinea"}},{"type":"Feature","geometry":{"type":"Point","coordinates":[-123.119,49.25]},"properties":{"name":"Vancouver","kind":"city","rating":7,"region":"British Columbia"}},{"type":"Feature","geometry":{"type":"Point","coordinates":[118.082,24.48]},"properties":{"name":"Xiamen","kind":"city","rating":7,"region":"Fujian"}},{"type":"Feature","geometry":{"type":"Point","coordinates":[-110.37,44.46]},"properties":{"name":"Yellowstone Lake","kind":"lake","rating":7,"region":"Wyoming"}},{"type":"Feature","geometry":{"type":"Point","coordinates":[113.568,22.277]},"properties":{"name":"Zhuhai","kind":"city","rating":7,"region":"Guangdong"}},{"type":"Feature","geometry":{"type":"Point","coordinates":[159.3147,53.59]},"properties":{"name":"Zhupanovsky","kind":"volcano","rating":7,"region":"Kamchatka"}},{"type":"Feature","geometry":{"type":"Point","coordinates":[-113.026,37.298]},"properties":{"name":"Zion Canyon","kind":"canyon","rating":7,"region":"Utah"}},{"type":"Feature","geometry":{"type":"Point","coordinates":[-117.46,48.9283]},"properties":{"name":"Abercrombie Mountain","kind":"peak","rating":6,"region":"Washington"}},{"type":"Feature","geometry":{"type":"Point","coordinates":[-69.0469,-18.3833]},"properties":{"name":"Acotango","kind":"volcano","rating":6,"region":"Bolivia"}},{"type":"Feature","geometry":{"type":"Point","coordinates":[95.24,44.7992]},"properties":{"name":"Aj Bogd","kind":"peak","rating":6,"region":"Mongolia"}},{"type":"Feature","geometry":{"type":"Point","coordinates":[-163.97,54.756]},"properties":{"name":"Aleutian volcanoes","kind":"volcano","rating":6,"region":"Alaska"}},{"type":"Feature","geometry":{"type":"Point","coordinates":[14.6,40.63]},"properties":{"name":"Amalfi Coast","kind":"coast","rating":6,"region":"Italy"}},{"type":"Feature","geometry":{"type":"Point","coordinates":[77.0667,10.1667]},"properties":{"name":"Anamudi","kind":"peak","rating":6,"region":"Kerala"}},{"type":"Feature","geometry":{"type":"Point","coordinates":[-70.2,-33.4]},"properties":{"name":"Andes near Santiago","kind":"range","rating":6,"region":"Chile"}},{"type":"Feature","geometry":{"type":"Point","coordinates":[-78.1408,-0.4814]},"properties":{"name":"Antisana volcano","kind":"volcano","rating":6,"region":"Ecuador"}},{"type":"Feature","geometry":{"type":"Point","coordinates":[-67.8808,-25.5625]},"properties":{"name":"Antofalla","kind":"volcano","rating":6,"region":"Argentina"}},{"type":"Feature","geometry":{"type":"Point","coordinates":[80.9297,30.0053]},"properties":{"name":"Api","kind":"peak","rating":6,"region":"Nepal"}},{"type":"Feature","geometry":{"type":"Point","coordinates":[-84.703,10.463]},"properties":{"name":"Arenal","kind":"volcano","rating":6,"region":"Costa Rica"}},{"type":"Feature","geometry":{"type":"Point","coordinates":[-16.75,65.03]},"properties":{"name":"Askja","kind":"volcano","rating":6,"region":"Iceland"}},{"type":"Feature","geometry":{"type":"Point","coordinates":[96.7636,29.2101]},"properties":{"name":"Ata Kang La Glacier","kind":"glacier","rating":6,"region":"Xizang"}},{"type":"Feature","geometry":{"type":"Point","coordinates":[-7.916,31.059]},"properties":{"name":"Atlas Mountains (Toubkal)","kind":"range","rating":6,"region":"Morocco"}},{"type":"Feature","geometry":{"type":"Point","coordinates":[-71.2311,-13.7886]},"properties":{"name":"Ausangate","kind":"peak","rating":6,"region":"Peru"}},{"type":"Feature","geometry":{"type":"Point","coordinates":[96.7242,29.1658]},"properties":{"name":"Bairiga","kind":"peak","rating":6,"region":"Xizang"}},{"type":"Feature","geometry":{"type":"Point","coordinates":[-112.5,28.0]},"properties":{"name":"Baja California / Sea of Cortez","kind":"coast","rating":6,"region":"Baja California Sur"}},{"type":"Feature","geometry":{"type":"Point","coordinates":[-48.635,-26.991]},"properties":{"name":"Balneário Camboriú","kind":"city","rating":6,"region":"Santa Catarina"}},{"type":"Feature","geometry":{"type":"Point","coordinates":[-5.004,56.797]},"properties":{"name":"Ben Nevis / Highlands","kind":"peak","rating":6,"region":"UK"}},{"type":"Feature","geometry":{"type":"Point","coordinates":[-121.81,36.27]},"properties":{"name":"Big Sur coast","kind":"coast","rating":6,"region":"California"}},{"type":"Feature","geometry":{"type":"Point","coordinates":[76.8833,35.2833]},"properties":{"name":"Bilafond Glacier","kind":"glacier","rating":6,"region":"Pakistan"}},{"type":"Feature","geometry":{"type":"Point","coordinates":[-76.5792,18.0467]},"properties":{"name":"Blue Mountain Peak","kind":"peak","rating":6,"region":"Jamaica"}},{"type":"Feature","geometry":{"type":"Point","coordinates":[-113.89,40.76]},"properties":{"name":"Bonneville Salt Flats","kind":"desert","rating":6,"region":"Utah"}},{"type":"Feature","geometry":{"type":"Point","coordinates":[75.8585,36.2162]},"properties":{"name":"Braldu Glacier","kind":"glacier","rating":6,"region":"Pakistan"}},{"type":"Feature","geometry":{"type":"Point","coordinates":[76.069,33.556]},"properties":{"name":"Brammah Glacier","kind":"glacier","rating":6,"region":"Jammu and Kashmir"}},{"type":"Feature","geometry":{"type":"Point","coordinates":[-17.5278,64.6408]},"properties":{"name":"Bárðarbunga","kind":"volcano","rating":6,"region":"Iceland"}},{"type":"Feature","geometry":{"type":"Point","coordinates":[-2.5164,37.2547]},"properties":{"name":"Calar Gallinero","kind":"peak","rating":6,"region":"Spain"}},{"type":"Feature","geometry":{"type":"Point","coordinates":[-72.6111,-41.3328]},"properties":{"name":"Calbuco","kind":"volcano","rating":6,"region":"Chile"}},{"type":"Feature","geometry":{"type":"Point","coordinates":[-86.8,21.1]},"properties":{"name":"Cancun / Riviera Maya","kind":"landmark","rating":6,"region":"Quintana Roo"}},{"type":"Feature","geometry":{"type":"Point","coordinates":[-70.0,41.8]},"properties":{"name":"Cape Cod","kind":"coast","rating":6,"region":"Massachusetts"}},{"type":"Feature","geometry":{"type":"Point","coordinates":[34.83,38.64]},"properties":{"name":"Cappadocia","kind":"feature","rating":6,"region":"Turkey"}},{"type":"Feature","geometry":{"type":"Point","coordinates":[44.0,42.9]},"properties":{"name":"Caucasus crest","kind":"range","rating":6,"region":"North Ossetia"}},{"type":"Feature","geometry":{"type":"Point","coordinates":[77.5753,35.4071]},"properties":{"name":"Central Rimo Glacier","kind":"glacier","rating":6,"region":"Siachen Glacier"}},{"type":"Feature","geometry":{"type":"Point","coordinates":[-72.2075,-46.065]},"properties":{"name":"Cerro Castillo","kind":"peak","rating":6,"region":"Chile"}},{"type":"Feature","geometry":{"type":"Point","coordinates":[-88.68,14.5342]},"properties":{"name":"Cerro Las Minas","kind":"peak","rating":6,"region":"Honduras"}},{"type":"Feature","geometry":{"type":"Point","coordinates":[-65.4067,3.66]},"properties":{"name":"Cerro Marahuaca","kind":"peak","rating":6,"region":"Venezuela"}},{"type":"Feature","geometry":{"type":"Point","coordinates":[-96.1824,16.214]},"properties":{"name":"Cerro Nube Flane","kind":"peak","rating":6,"region":"Oaxaca"}},{"type":"Feature","geometry":{"type":"Point","coordinates":[-72.9036,10.4589]},"properties":{"name":"Cerro Pintado","kind":"peak","rating":6,"region":"Colombia"}},{"type":"Feature","geometry":{"type":"Point","coordinates":[-63.9583,10.0842]},"properties":{"name":"Cerro Tristeza","kind":"peak","rating":6,"region":"Venezuela"}},{"type":"Feature","geometry":{"type":"Point","coordinates":[-69.7808,-30.42]},"properties":{"name":"Cerro de la Majadita","kind":"peak","rating":6,"region":"Argentina"}},{"type":"Feature","geometry":{"type":"Point","coordinates":[-72.6458,-42.8328]},"properties":{"name":"Chaitén","kind":"volcano","rating":6,"region":"Chile"}},{"type":"Feature","geometry":{"type":"Point","coordinates":[84.9453,28.5553]},"properties":{"name":"Chamar","kind":"peak","rating":6,"region":"Nepal"}},{"type":"Feature","geometry":{"type":"Point","coordinates":[-119.78,34.01]},"properties":{"name":"Channel Islands","kind":"island","rating":6,"region":"California"}},{"type":"Feature","geometry":{"type":"Point","coordinates":[-144.9355,60.6769]},"properties":{"name":"Childs Glacier","kind":"glacier","rating":6,"region":"Alaska"}},{"type":"Feature","geometry":{"type":"Point","coordinates":[84.3333,27.5]},"properties":{"name":"Chitwan National Park","kind":"park","rating":6,"region":"Nepal"}},{"type":"Feature","geometry":{"type":"Point","coordinates":[73.6809,36.7966]},"properties":{"name":"Chiāntar Glacier","kind":"glacier","rating":6,"region":"Pakistan"}},{"type":"Feature","geometry":{"type":"Point","coordinates":[89.27,27.8242]},"properties":{"name":"Chomolhari","kind":"peak","rating":6,"region":"Bhutan"}},{"type":"Feature","geometry":{"type":"Point","coordinates":[139.775,35.67]},"properties":{"name":"Chūō","kind":"city","rating":6,"region":"Japan"}},{"type":"Feature","geometry":{"type":"Point","coordinates":[9.72,44.12]},"properties":{"name":"Cinque Terre","kind":"coast","rating":6,"region":"Italy"}},{"type":"Feature","geometry":{"type":"Point","coordinates":[-9.426,52.972]},"properties":{"name":"Cliffs of Moher","kind":"coast","rating":6,"region":"Ireland"}},{"type":"Feature","geometry":{"type":"Point","coordinates":[-107.1739,44.3821]},"properties":{"name":"Cloud Peak","kind":"peak","rating":6,"region":"Wyoming"}},{"type":"Feature","geometry":{"type":"Point","coordinates":[-121.8,45.7]},"properties":{"name":"Columbia River Gorge","kind":"canyon","rating":6,"region":"Oregon"}},{"type":"Feature","geometry":{"type":"Point","coordinates":[-85.6167,11.5333]},"properties":{"name":"Concepción","kind":"volcano","rating":6,"region":"Nicaragua"}},{"type":"Feature","geometry":{"type":"Point","coordinates":[-71.1675,-37.8522]},"properties":{"name":"Copahue","kind":"volcano","rating":6,"region":"Chile"}},{"type":"Feature","geometry":{"type":"Point","coordinates":[-107.75,27.5]},"properties":{"name":"Copper Canyon","kind":"canyon","rating":6,"region":"Chihuahua"}},{"type":"Feature","geometry":{"type":"Point","coordinates":[-72.6572,-15.5203]},"properties":{"name":"Coropuna","kind":"volcano","rating":6,"region":"Peru"}},{"type":"Feature","geometry":{"type":"Point","coordinates":[9.0,42.3]},"properties":{"name":"Corsica mountains","kind":"range","rating":6,"region":"France"}},{"type":"Feature","geometry":{"type":"Point","coordinates":[-17.8333,28.5667]},"properties":{"name":"Cumbre Vieja","kind":"volcano","rating":6,"region":"Spain"}},{"type":"Feature","geometry":{"type":"Point","coordinates":[-24.955,72.125]},"properties":{"name":"Dansketinden","kind":"peak","rating":6,"region":"Greenland"}},{"type":"Feature","geometry":{"type":"Point","coordinates":[99.64,24.1117]},"properties":{"name":"Daxue Mountain","kind":"peak","rating":6,"region":"Yunnan"}},{"type":"Feature","geometry":{"type":"Point","coordinates":[35.5,31.5]},"properties":{"name":"Dead Sea","kind":"lake","rating":6,"region":"Jordan"}},{"type":"Feature","geometry":{"type":"Point","coordinates":[-104.715,44.59]},"properties":{"name":"Devils Tower","kind":"feature","rating":6,"region":"Wyoming"}},{"type":"Feature","geometry":{"type":"Point","coordinates":[-157.806,21.262]},"properties":{"name":"Diamond Head / Waikiki","kind":"volcano","rating":6,"region":"Hawaii"}},{"type":"Feature","geometry":{"type":"Point","coordinates":[76.7367,11.4024]},"properties":{"name":"Doddabetta","kind":"peak","rating":6,"region":"Tamil Nadu"}},{"type":"Feature","geometry":{"type":"Point","coordinates":[76.301,33.7552]},"properties":{"name":"Drang-Drung Glacier","kind":"glacier","rating":6,"region":"Ladakh"}},{"type":"Feature","geometry":{"type":"Point","coordinates":[-22.25,66.15]},"properties":{"name":"Drangajökull","kind":"glacier","rating":6,"region":"Iceland"}},{"type":"Feature","geometry":{"type":"Point","coordinates":[18.09,42.65]},"properties":{"name":"Dubrovnik / Dalmatian coast","kind":"coast","rating":6,"region":"Croatia"}},{"type":"Feature","geometry":{"type":"Point","coordinates":[90.9,45.2]},"properties":{"name":"Dunheger","kind":"peak","rating":6,"region":"Mongolia"}},{"type":"Feature","geometry":{"type":"Point","coordinates":[43.1317,43.0525]},"properties":{"name":"Dykh-Tau","kind":"peak","rating":6,"region":"Kabardin-Balkar"}},{"type":"Feature","geometry":{"type":"Point","coordinates":[6.36,44.922]},"properties":{"name":"Ecrins / Meije","kind":"peak","rating":6,"region":"France"}},{"type":"Feature","geometry":{"type":"Point","coordinates":[-93.2278,17.36]},"properties":{"name":"El Chichón","kind":"volcano","rating":6,"region":"Chiapas"}},{"type":"Feature","geometry":{"type":"Point","coordinates":[-19.2,63.63]},"properties":{"name":"Eyjafjallajokull / Myrdalsjokull","kind":"glacier","rating":6,"region":"Iceland"}},{"type":"Feature","geometry":{"type":"Point","coordinates":[-76.6958,3.34]},"properties":{"name":"Farallones de Cali","kind":"peak","rating":6,"region":"Colombia"}},{"type":"Feature","geometry":{"type":"Point","coordinates":[-114.1,47.88]},"properties":{"name":"Flathead Lake","kind":"lake","rating":6,"region":"Montana"}},{"type":"Feature","geometry":{"type":"Point","coordinates":[8.684,50.116]},"properties":{"name":"Frankfurt am Main","kind":"city","rating":6,"region":"Germany"}},{"type":"Feature","geometry":{"type":"Point","coordinates":[8.3,61.6333]},"properties":{"name":"Galdhøpiggen","kind":"peak","rating":6,"region":"Norway"}},{"type":"Feature","geometry":{"type":"Point","coordinates":[-77.3667,1.2167]},"properties":{"name":"Galeras","kind":"volcano","rating":6,"region":"Colombia"}},{"type":"Feature","geometry":{"type":"Point","coordinates":[-109.6542,43.1842]},"properties":{"name":"Gannett Peak","kind":"peak","rating":6,"region":"Wyoming"}},{"type":"Feature","geometry":{"type":"Point","coordinates":[-123.005,49.851]},"properties":{"name":"Garibaldi / Whistler peaks","kind":"range","rating":6,"region":"British Columbia"}},{"type":"Feature","geometry":{"type":"Point","coordinates":[-90.185,38.624]},"properties":{"name":"Gateway Arch","kind":"landmark","rating":6,"region":"Illinois"}},{"type":"Feature","geometry":{"type":"Point","coordinates":[100.335,5.411]},"properties":{"name":"George Town","kind":"city","rating":6,"region":"Malaysia"}},{"type":"Feature","geometry":{"type":"Point","coordinates":[-80.3,45.2]},"properties":{"name":"Georgian Bay / Thirty Thousand Islands","kind":"island","rating":6,"region":"Ontario"}},{"type":"Feature","geometry":{"type":"Point","coordinates":[-5.353,36.14]},"properties":{"name":"Gibraltar","kind":"landmark","rating":6,"region":"Spain"}},{"type":"Feature","geometry":{"type":"Point","coordinates":[105.0,43.0]},"properties":{"name":"Gobi Desert","kind":"desert","rating":6,"region":"Mongolia"}},{"type":"Feature","geometry":{"type":"Point","coordinates":[-125.747,49.6628]},"properties":{"name":"Golden Hinde","kind":"peak","rating":6,"region":"British Columbia"}},{"type":"Feature","geometry":{"type":"Point","coordinates":[73.5667,39.4559]},"properties":{"name":"Gora Kurumdy","kind":"peak","rating":6,"region":"Tajikistan"}},{"type":"Feature","geometry":{"type":"Point","coordinates":[-110.838,44.525]},"properties":{"name":"Grand Prismatic / Old Faithful","kind":"feature","rating":6,"region":"Wyoming"}},{"type":"Feature","geometry":{"type":"Point","coordinates":[-105.594,37.792]},"properties":{"name":"Great Sand Dunes","kind":"desert","rating":6,"region":"Colorado"}},{"type":"Feature","geometry":{"type":"Point","coordinates":[-83.49,35.611]},"properties":{"name":"Great Smoky Mountains","kind":"range","rating":6,"region":"Tennessee"}},{"type":"Feature","geometry":{"type":"Point","coordinates":[-66.7504,62.5588]},"properties":{"name":"Grinnell Glacier","kind":"glacier","rating":6,"region":"Nunavut"}},{"type":"Feature","geometry":{"type":"Point","coordinates":[12.694,47.074]},"properties":{"name":"Grossglockner","kind":"peak","rating":6,"region":"Austria"}},{"type":"Feature","geometry":{"type":"Point","coordinates":[-69.0897,-18.4236]},"properties":{"name":"Guallatiri, Chile","kind":"volcano","rating":6,"region":"Chile"}},{"type":"Feature","geometry":{"type":"Point","coordinates":[106.717,26.583]},"properties":{"name":"Guiyang","kind":"city","rating":6,"region":"Guizhou"}},{"type":"Feature","geometry":{"type":"Point","coordinates":[108.0771,-7.2567]},"properties":{"name":"Gunung Galunggung","kind":"volcano","rating":6,"region":"Indonesia"}},{"type":"Feature","geometry":{"type":"Point","coordinates":[76.9736,35.1378]},"properties":{"name":"Gyong Glacier","kind":"glacier","rating":6,"region":"Pakistan"}},{"type":"Feature","geometry":{"type":"Point","coordinates":[126.5167,33.35]},"properties":{"name":"Hallasan","kind":"volcano","rating":6,"region":"Republic of Korea"}},{"type":"Feature","geometry":{"type":"Point","coordinates":[74.8978,35.8414]},"properties":{"name":"Haramosh Peak","kind":"peak","rating":6,"region":"Pakistan"}},{"type":"Feature","geometry":{"type":"Point","coordinates":[7.4167,60.5333]},"properties":{"name":"Hardangerjøkulen","kind":"glacier","rating":6,"region":"Norway"}},{"type":"Feature","geometry":{"type":"Point","coordinates":[169.7,-72.5333]},"properties":{"name":"Hawkes Heights","kind":"peak","rating":6,"region":"Antarctica"}},{"type":"Feature","geometry":{"type":"Point","coordinates":[20.13,49.17]},"properties":{"name":"High Tatras","kind":"range","rating":6,"region":"Slovakia"}},{"type":"Feature","geometry":{"type":"Point","coordinates":[-65.0445,66.7355]},"properties":{"name":"Highway Glacier","kind":"glacier","rating":6,"region":"Nunavut"}},{"type":"Feature","geometry":{"type":"Point","coordinates":[13.0632,47.4208]},"properties":{"name":"Hochkönig","kind":"peak","rating":6,"region":"Austria"}},{"type":"Feature","geometry":{"type":"Point","coordinates":[13.6057,47.4752]},"properties":{"name":"Hoher Dachstein","kind":"peak","rating":6,"region":"Austria"}},{"type":"Feature","geometry":{"type":"Point","coordinates":[137.6481,36.2892]},"properties":{"name":"Hotaka Mountains","kind":"peak","rating":6,"region":"Japan"}},{"type":"Feature","geometry":{"type":"Point","coordinates":[-70.8497,-16.6156]},"properties":{"name":"Huaynaputina","kind":"volcano","rating":6,"region":"Peru"}},{"type":"Feature","geometry":{"type":"Point","coordinates":[87.8192,49.1458]},"properties":{"name":"Hüiten Peak","kind":"peak","rating":6,"region":"Xinjiang"}},{"type":"Feature","geometry":{"type":"Point","coordinates":[-54.437,-25.695]},"properties":{"name":"Iguazu Falls","kind":"feature","rating":6,"region":"Argentina"}},{"type":"Feature","geometry":{"type":"Point","coordinates":[114.242,-8.058]},"properties":{"name":"Ijen","kind":"volcano","rating":6,"region":"Indonesia"}},{"type":"Feature","geometry":{"type":"Point","coordinates":[-68.3,-27.0333]},"properties":{"name":"Incahuasi","kind":"volcano","rating":6,"region":"Argentina"}},{"type":"Feature","geometry":{"type":"Point","coordinates":[72.3542,38.5111]},"properties":{"name":"Independence Peak","kind":"peak","rating":6,"region":"Tajikistan"}},{"type":"Feature","geometry":{"type":"Point","coordinates":[-83.8525,9.9792]},"properties":{"name":"Irazú Volcano","kind":"volcano","rating":6,"region":"Costa Rica"}},{"type":"Feature","geometry":{"type":"Point","coordinates":[77.25,42.4167]},"properties":{"name":"Issyk-Kul","kind":"lake","rating":6,"region":"Kyrgyzstan"}},{"type":"Feature","geometry":{"type":"Point","coordinates":[-89.6333,13.8131]},"properties":{"name":"Izalco","kind":"volcano","rating":6,"region":"El Salvador"}},{"type":"Feature","geometry":{"type":"Point","coordinates":[-98.642,19.179]},"properties":{"name":"Iztaccihuatl","kind":"volcano","rating":6,"region":"Puebla"}},{"type":"Feature","geometry":{"type":"Point","coordinates":[92.5,47.6667]},"properties":{"name":"Jargalant Hayrhan","kind":"peak","rating":6,"region":"Mongolia"}},{"type":"Feature","geometry":{"type":"Point","coordinates":[19.8128,42.4422]},"properties":{"name":"Jezercë","kind":"peak","rating":6,"region":"Albania"}},{"type":"Feature","geometry":{"type":"Point","coordinates":[102.8644,26.0856]},"properties":{"name":"Jiaozi Snow Mountain","kind":"peak","rating":6,"region":"Yunnan"}},{"type":"Feature","geometry":{"type":"Point","coordinates":[103.758,1.466]},"properties":{"name":"Johor Bahru","kind":"city","rating":6,"region":"Malaysia"}},{"type":"Feature","geometry":{"type":"Point","coordinates":[7.0,61.7]},"properties":{"name":"Jostedalsbreen glacier","kind":"glacier","rating":6,"region":"Norway"}},{"type":"Feature","geometry":{"type":"Point","coordinates":[101.26,42.29]},"properties":{"name":"Juyan Lake","kind":"lake","rating":6,"region":"Inner Mongol"}},{"type":"Feature","geometry":{"type":"Point","coordinates":[78.5283,33.7233]},"properties":{"name":"Kangju Kangri","kind":"peak","rating":6,"region":"Ladakh"}},{"type":"Feature","geometry":{"type":"Point","coordinates":[92.5325,27.865]},"properties":{"name":"Kangto","kind":"peak","rating":6,"region":"Xizang"}},{"type":"Feature","geometry":{"type":"Point","coordinates":[123.1319,10.4119]},"properties":{"name":"Kanlaon Volcano","kind":"volcano","rating":6,"region":"Philippines"}},{"type":"Feature","geometry":{"type":"Point","coordinates":[137.1667,-28.6667]},"properties":{"name":"Kati Thanda–Lake Eyre","kind":"lake","rating":6,"region":"South Australia"}},{"type":"Feature","geometry":{"type":"Point","coordinates":[98.6833,28.4383]},"properties":{"name":"Kawagarbo","kind":"peak","rating":6,"region":"Yunnan"}},{"type":"Feature","geometry":{"type":"Point","coordinates":[93.35,26.6667]},"properties":{"name":"Kaziranga National Park","kind":"park","rating":6,"region":"Assam"}},{"type":"Feature","geometry":{"type":"Point","coordinates":[41.1613,40.8355]},"properties":{"name":"Kaçkar Dağı","kind":"peak","rating":6,"region":"Turkey"}},{"type":"Feature","geometry":{"type":"Point","coordinates":[-130.3239,63.4314]},"properties":{"name":"Keele Peak","kind":"peak","rating":6,"region":"Yukon"}},{"type":"Feature","geometry":{"type":"Point","coordinates":[121.82,-8.77]},"properties":{"name":"Keli Mutubuurai","kind":"volcano","rating":6,"region":"Indonesia"}},{"type":"Feature","geometry":{"type":"Point","coordinates":[-80.649,28.573]},"properties":{"name":"Kennedy Space Center","kind":"landmark","rating":6,"region":"Florida"}},{"type":"Feature","geometry":{"type":"Point","coordinates":[100.5,51.1]},"properties":{"name":"Khövsgöl Lake","kind":"lake","rating":6,"region":"Mongolia"}},{"type":"Feature","geometry":{"type":"Point","coordinates":[32.9089,3.9475]},"properties":{"name":"Kinyeti","kind":"peak","rating":6,"region":"South Sudan"}},{"type":"Feature","geometry":{"type":"Point","coordinates":[73.2158,37.1475]},"properties":{"name":"Koh-i Belandtarin","kind":"peak","rating":6,"region":"Afghanistan"}},{"type":"Feature","geometry":{"type":"Point","coordinates":[12.7767,78.8167]},"properties":{"name":"Kongsvegen","kind":"glacier","rating":6,"region":"Norway"}},{"type":"Feature","geometry":{"type":"Point","coordinates":[20.5467,41.7903]},"properties":{"name":"Korab","kind":"peak","rating":6,"region":"North Macedonia"}},{"type":"Feature","geometry":{"type":"Point","coordinates":[71.4517,36.7783]},"properties":{"name":"Kuh-e Chuk Shakh","kind":"peak","rating":6,"region":"Afghanistan"}},{"type":"Feature","geometry":{"type":"Point","coordinates":[102.718,25.039]},"properties":{"name":"Kunming","kind":"city","rating":6,"region":"Yunnan"}},{"type":"Feature","geometry":{"type":"Point","coordinates":[-126.9594,52.0703]},"properties":{"name":"Kwatna Peak","kind":"peak","rating":6,"region":"British Columbia"}},{"type":"Feature","geometry":{"type":"Point","coordinates":[60.0111,28.0758]},"properties":{"name":"Kūh-e Zendeh","kind":"peak","rating":6,"region":"Iran"}},{"type":"Feature","geometry":{"type":"Point","coordinates":[-61.1833,13.3333]},"properties":{"name":"La Soufrière","kind":"volcano","rating":6,"region":"Saint Vincent and the Grenadines"}},{"type":"Feature","geometry":{"type":"Point","coordinates":[6.17,45.85]},"properties":{"name":"Lac d'Annecy","kind":"lake","rating":6,"region":"France"}},{"type":"Feature","geometry":{"type":"Point","coordinates":[-51.39,-31.15]},"properties":{"name":"Lagoa dos Patos","kind":"lake","rating":6,"region":"Rio Grande do Sul"}},{"type":"Feature","geometry":{"type":"Point","coordinates":[30.9167,1.6833]},"properties":{"name":"Lake Albert","kind":"lake","rating":6,"region":"Democratic Republic of the Congo"}},{"type":"Feature","geometry":{"type":"Point","coordinates":[17.7,46.85]},"properties":{"name":"Lake Balaton","kind":"lake","rating":6,"region":"Hungary"}},{"type":"Feature","geometry":{"type":"Point","coordinates":[14.5338,13.0979]},"properties":{"name":"Lake Chad","kind":"lake","rating":6,"region":"Chad"}},{"type":"Feature","geometry":{"type":"Point","coordinates":[9.4,47.6]},"properties":{"name":"Lake Constance","kind":"lake","rating":6,"region":"Germany"}},{"type":"Feature","geometry":{"type":"Point","coordinates":[29.6,-0.3333]},"properties":{"name":"Lake Edward","kind":"lake","rating":6,"region":"Democratic Republic of the Congo"}},{"type":"Feature","geometry":{"type":"Point","coordinates":[10.68,45.65]},"properties":{"name":"Lake Garda","kind":"lake","rating":6,"region":"Italy"}},{"type":"Feature","geometry":{"type":"Point","coordinates":[27.6017,68.9597]},"properties":{"name":"Lake Inari","kind":"lake","rating":6,"region":"Finland"}},{"type":"Feature","geometry":{"type":"Point","coordinates":[29.1353,-1.8531]},"properties":{"name":"Lake Kivu","kind":"lake","rating":6,"region":"Rwanda"}},{"type":"Feature","geometry":{"type":"Point","coordinates":[8.45,46.99]},"properties":{"name":"Lake Lucerne","kind":"lake","rating":6,"region":"Switzerland"}},{"type":"Feature","geometry":{"type":"Point","coordinates":[8.65,45.95]},"properties":{"name":"Lake Maggiore","kind":"lake","rating":6,"region":"Italy"}},{"type":"Feature","geometry":{"type":"Point","coordinates":[28.5,-9.1667]},"properties":{"name":"Lake Mweru","kind":"lake","rating":6,"region":"Zambia"}},{"type":"Feature","geometry":{"type":"Point","coordinates":[31.86,22.5]},"properties":{"name":"Lake Nasser","kind":"lake","rating":6,"region":"Egypt"}},{"type":"Feature","geometry":{"type":"Point","coordinates":[-85.3563,11.5742]},"properties":{"name":"Lake Nicaragua","kind":"lake","rating":6,"region":"Nicaragua"}},{"type":"Feature","geometry":{"type":"Point","coordinates":[35.6556,61.6906]},"properties":{"name":"Lake Onega","kind":"lake","rating":6,"region":"Karelia"}},{"type":"Feature","geometry":{"type":"Point","coordinates":[27.4917,58.6767]},"properties":{"name":"Lake Peipus","kind":"lake","rating":6,"region":"Pskov"}},{"type":"Feature","geometry":{"type":"Point","coordinates":[-90.1,30.2]},"properties":{"name":"Lake Pontchartrain Causeway","kind":"landmark","rating":6,"region":"Louisiana"}},{"type":"Feature","geometry":{"type":"Point","coordinates":[26.0,19.5]},"properties":{"name":"Lake Ptolemy","kind":"lake","rating":6,"region":"Sudan"}},{"type":"Feature","geometry":{"type":"Point","coordinates":[45.3492,40.3106]},"properties":{"name":"Lake Sevan","kind":"lake","rating":6,"region":"Armenia"}},{"type":"Feature","geometry":{"type":"Point","coordinates":[37.25,12.0]},"properties":{"name":"Lake Tana","kind":"lake","rating":6,"region":"Ethiopia"}},{"type":"Feature","geometry":{"type":"Point","coordinates":[-68.0,-20.0]},"properties":{"name":"Lake Tauca","kind":"lake","rating":6,"region":"Bolivia"}},{"type":"Feature","geometry":{"type":"Point","coordinates":[103.67,39.05]},"properties":{"name":"Lake Tengger","kind":"lake","rating":6,"region":"Gansu"}},{"type":"Feature","geometry":{"type":"Point","coordinates":[-69.3,-15.9]},"properties":{"name":"Lake Titicaca","kind":"lake","rating":6,"region":"Bolivia"}},{"type":"Feature","geometry":{"type":"Point","coordinates":[98.8875,2.67]},"properties":{"name":"Lake Toba","kind":"lake","rating":6,"region":"Indonesia"}},{"type":"Feature","geometry":{"type":"Point","coordinates":[8.7,47.25]},"properties":{"name":"Lake Zurich","kind":"lake","rating":6,"region":"Switzerland"}},{"type":"Feature","geometry":{"type":"Point","coordinates":[-115.173,36.114]},"properties":{"name":"Las Vegas Strip","kind":"landmark","rating":6,"region":"Nevada"}},{"type":"Feature","geometry":{"type":"Point","coordinates":[-121.505,40.488]},"properties":{"name":"Lassen Peak","kind":"volcano","rating":6,"region":"California"}},{"type":"Feature","geometry":{"type":"Point","coordinates":[24.0317,35.2928]},"properties":{"name":"Lefka Ori","kind":"peak","rating":6,"region":"Greece"}},{"type":"Feature","geometry":{"type":"Point","coordinates":[8.4806,61.9467]},"properties":{"name":"Leirungshøi","kind":"peak","rating":6,"region":"Norway"}},{"type":"Feature","geometry":{"type":"Point","coordinates":[-67.8828,-22.8336]},"properties":{"name":"Licancabur","kind":"volcano","rating":6,"region":"Chile"}},{"type":"Feature","geometry":{"type":"Point","coordinates":[-71.7304,-38.6974]},"properties":{"name":"Llaima","kind":"volcano","rating":6,"region":"Chile"}},{"type":"Feature","geometry":{"type":"Point","coordinates":[-4.45,57.3]},"properties":{"name":"Loch Ness","kind":"lake","rating":6,"region":"UK"}},{"type":"Feature","geometry":{"type":"Point","coordinates":[-105.615,40.255]},"properties":{"name":"Longs Peak / Front Range","kind":"peak","rating":6,"region":"Colorado"}},{"type":"Feature","geometry":{"type":"Point","coordinates":[-73.2342,-50.3305]},"properties":{"name":"Los Glaciares National Park","kind":"park","rating":6,"region":"Argentina"}},{"type":"Feature","geometry":{"type":"Point","coordinates":[113.546,22.201]},"properties":{"name":"Macau","kind":"city","rating":6,"region":"Macao"}},{"type":"Feature","geometry":{"type":"Point","coordinates":[-84.727,45.817]},"properties":{"name":"Mackinac Bridge","kind":"landmark","rating":6,"region":"Michigan"}},{"type":"Feature","geometry":{"type":"Point","coordinates":[2.8,39.8]},"properties":{"name":"Mallorca (Tramuntana)","kind":"island","rating":6,"region":"Spain"}},{"type":"Feature","geometry":{"type":"Point","coordinates":[-73.966,40.783]},"properties":{"name":"Manhattan","kind":"city","rating":6,"region":"New York"}},{"type":"Feature","geometry":{"type":"Point","coordinates":[-106.989,39.07]},"properties":{"name":"Maroon Bells / Elk Mountains","kind":"range","rating":6,"region":"Colorado"}},{"type":"Feature","geometry":{"type":"Point","coordinates":[18.2208,17.0311]},"properties":{"name":"Mega-Chad","kind":"lake","rating":6,"region":"Chad"}},{"type":"Feature","geometry":{"type":"Point","coordinates":[-72.86,-44.0758]},"properties":{"name":"Melimoyu","kind":"peak","rating":6,"region":"Chile"}},{"type":"Feature","geometry":{"type":"Point","coordinates":[-108.4944,37.2604]},"properties":{"name":"Mesa Verde National Park","kind":"park","rating":6,"region":"Colorado"}},{"type":"Feature","geometry":{"type":"Point","coordinates":[-111.022,35.028]},"properties":{"name":"Meteor Crater","kind":"feature","rating":6,"region":"Arizona"}},{"type":"Feature","geometry":{"type":"Point","coordinates":[-99.128,19.428]},"properties":{"name":"Mexico City","kind":"city","rating":6,"region":"Distrito Federal"}},{"type":"Feature","geometry":{"type":"Point","coordinates":[-80.13,25.79]},"properties":{"name":"Miami Beach","kind":"landmark","rating":6,"region":"Florida"}},{"type":"Feature","geometry":{"type":"Point","coordinates":[167.92,-44.67]},"properties":{"name":"Milford Sound","kind":"coast","rating":6,"region":"New Zealand"}},{"type":"Feature","geometry":{"type":"Point","coordinates":[139.751,35.658]},"properties":{"name":"Minato City","kind":"city","rating":6,"region":"Japan"}},{"type":"Feature","geometry":{"type":"Point","coordinates":[-89.5,29.3]},"properties":{"name":"Mississippi River delta","kind":"coast","rating":6,"region":"Louisiana"}},{"type":"Feature","geometry":{"type":"Point","coordinates":[-71.4106,-16.2964]},"properties":{"name":"Misti","kind":"volcano","rating":6,"region":"Peru"}},{"type":"Feature","geometry":{"type":"Point","coordinates":[24.7362,45.5994]},"properties":{"name":"Moldoveanu Peak","kind":"peak","rating":6,"region":"Romania"}},{"type":"Feature","geometry":{"type":"Point","coordinates":[-156.9,21.18]},"properties":{"name":"Molokai sea cliffs","kind":"coast","rating":6,"region":"Hawaii"}},{"type":"Feature","geometry":{"type":"Point","coordinates":[-149.4769,-17.6231]},"properties":{"name":"Mont Orohena","kind":"peak","rating":6,"region":"French Polynesia"}},{"type":"Feature","geometry":{"type":"Point","coordinates":[-68.7992,-27.7553]},"properties":{"name":"Monte Pissis","kind":"peak","rating":6,"region":"Argentina"}},{"type":"Feature","geometry":{"type":"Point","coordinates":[7.867,45.937]},"properties":{"name":"Monte Rosa","kind":"peak","rating":6,"region":"Italy"}},{"type":"Feature","geometry":{"type":"Point","coordinates":[-69.5983,-54.6592]},"properties":{"name":"Monte Shipton","kind":"peak","rating":6,"region":"Chile"}},{"type":"Feature","geometry":{"type":"Point","coordinates":[-121.9,36.8]},"properties":{"name":"Monterey Bay","kind":"coast","rating":6,"region":"California"}},{"type":"Feature","geometry":{"type":"Point","coordinates":[138.5167,36.4]},"properties":{"name":"Mount Asama","kind":"volcano","rating":6,"region":"Japan"}},{"type":"Feature","geometry":{"type":"Point","coordinates":[131.1042,32.885]},"properties":{"name":"Mount Aso","kind":"volcano","rating":6,"region":"Japan"}},{"type":"Feature","geometry":{"type":"Point","coordinates":[168.728,-44.384]},"properties":{"name":"Mount Aspiring / Tititea","kind":"peak","rating":6,"region":"New Zealand"}},{"type":"Feature","geometry":{"type":"Point","coordinates":[140.0722,37.6008]},"properties":{"name":"Mount Bandai","kind":"volcano","rating":6,"region":"Japan"}},{"type":"Feature","geometry":{"type":"Point","coordinates":[115.375,-8.2419]},"properties":{"name":"Mount Batur","kind":"volcano","rating":6,"region":"Indonesia"}},{"type":"Feature","geometry":{"type":"Point","coordinates":[37.8483,10.7133]},"properties":{"name":"Mount Choqa","kind":"peak","rating":6,"region":"Ethiopia"}},{"type":"Feature","geometry":{"type":"Point","coordinates":[-169.945,52.8222]},"properties":{"name":"Mount Cleveland","kind":"volcano","rating":6,"region":"Alaska"}},{"type":"Feature","geometry":{"type":"Point","coordinates":[-116.9208,52.1189]},"properties":{"name":"Mount Coleman","kind":"peak","rating":6,"region":"Alberta"}},{"type":"Feature","geometry":{"type":"Point","coordinates":[-137.1714,58.6622]},"properties":{"name":"Mount Crillon","kind":"peak","rating":6,"region":"Alaska"}},{"type":"Feature","geometry":{"type":"Point","coordinates":[-117.421,51.1517]},"properties":{"name":"Mount Dawson","kind":"peak","rating":6,"region":"British Columbia"}},{"type":"Feature","geometry":{"type":"Point","coordinates":[-144.638,62.1161]},"properties":{"name":"Mount Drum","kind":"peak","rating":6,"region":"Alaska"}},{"type":"Feature","geometry":{"type":"Point","coordinates":[124.9208,8.1153]},"properties":{"name":"Mount Dulang-dulang","kind":"peak","rating":6,"region":"Philippines"}},{"type":"Feature","geometry":{"type":"Point","coordinates":[-118.0567,52.6672]},"properties":{"name":"Mount Edith Cavell","kind":"peak","rating":6,"region":"Alberta"}},{"type":"Feature","geometry":{"type":"Point","coordinates":[-116.4869,50.4889]},"properties":{"name":"Mount Farnham","kind":"peak","rating":6,"region":"British Columbia"}},{"type":"Feature","geometry":{"type":"Point","coordinates":[-151.398,62.961]},"properties":{"name":"Mount Foraker","kind":"peak","rating":6,"region":"Alaska"}},{"type":"Feature","geometry":{"type":"Point","coordinates":[-62.5486,-62.9967]},"properties":{"name":"Mount Foster","kind":"peak","rating":6,"region":"Antarctica"}},{"type":"Feature","geometry":{"type":"Point","coordinates":[-68.6167,-67.5333]},"properties":{"name":"Mount Gaudry","kind":"peak","rating":6,"region":"Antarctica"}},{"type":"Feature","geometry":{"type":"Point","coordinates":[99.6058,29.8075]},"properties":{"name":"Mount Genyen","kind":"peak","rating":6,"region":"Sichuan"}},{"type":"Feature","geometry":{"type":"Point","coordinates":[122.5678,12.4139]},"properties":{"name":"Mount Guiting-Guiting","kind":"peak","rating":6,"region":"Philippines"}},{"type":"Feature","geometry":{"type":"Point","coordinates":[136.5,36.1]},"properties":{"name":"Mount Haku","kind":"volcano","rating":6,"region":"Japan"}},{"type":"Feature","geometry":{"type":"Point","coordinates":[35.4,-4.435]},"properties":{"name":"Mount Hanang","kind":"peak","rating":6,"region":"Tanzania"}},{"type":"Feature","geometry":{"type":"Point","coordinates":[34.1651,38.1265]},"properties":{"name":"Mount Hasan","kind":"volcano","rating":6,"region":"Turkey"}},{"type":"Feature","geometry":{"type":"Point","coordinates":[-154.145,61.8039]},"properties":{"name":"Mount Hesperus","kind":"peak","rating":6,"region":"Alaska"}},{"type":"Feature","geometry":{"type":"Point","coordinates":[-64.5667,-69.7667]},"properties":{"name":"Mount Hope","kind":"peak","rating":6,"region":"Antarctica"}},{"type":"Feature","geometry":{"type":"Point","coordinates":[24.7707,35.2264]},"properties":{"name":"Mount Ida","kind":"peak","rating":6,"region":"Greece"}},{"type":"Feature","geometry":{"type":"Point","coordinates":[-143.802,69.2024]},"properties":{"name":"Mount Isto","kind":"peak","rating":6,"region":"Alaska"}},{"type":"Feature","geometry":{"type":"Point","coordinates":[107.3,29.0667]},"properties":{"name":"Mount Jinfo","kind":"peak","rating":6,"region":"Chongqing"}},{"type":"Feature","geometry":{"type":"Point","coordinates":[43.3531,-11.7603]},"properties":{"name":"Mount Karthala","kind":"volcano","rating":6,"region":"Comoros"}},{"type":"Feature","geometry":{"type":"Point","coordinates":[-154.9533,58.279]},"properties":{"name":"Mount Katmai","kind":"volcano","rating":6,"region":"Alaska"}},{"type":"Feature","geometry":{"type":"Point","coordinates":[-144.644,63.2386]},"properties":{"name":"Mount Kimball (Alaska)","kind":"peak","rating":6,"region":"Alaska"}},{"type":"Feature","geometry":{"type":"Point","coordinates":[116.558,6.075]},"properties":{"name":"Mount Kinabalu","kind":"peak","rating":6,"region":"Malaysia"}},{"type":"Feature","geometry":{"type":"Point","coordinates":[138.2387,35.6743]},"properties":{"name":"Mount Kita","kind":"peak","rating":6,"region":"Japan"}},{"type":"Feature","geometry":{"type":"Point","coordinates":[162.6833,-78.0667]},"properties":{"name":"Mount Lister","kind":"peak","rating":6,"region":"Antarctica"}},{"type":"Feature","geometry":{"type":"Point","coordinates":[36.4569,-0.9153]},"properties":{"name":"Mount Longonot","kind":"volcano","rating":6,"region":"Kenya"}},{"type":"Feature","geometry":{"type":"Point","coordinates":[35.82,-3.06]},"properties":{"name":"Mount Loolmalasin","kind":"peak","rating":6,"region":"Tanzania"}},{"type":"Feature","geometry":{"type":"Point","coordinates":[123.6367,8.2175]},"properties":{"name":"Mount Malindang","kind":"peak","rating":6,"region":"Philippines"}},{"type":"Feature","geometry":{"type":"Point","coordinates":[117.6697,8.8183]},"properties":{"name":"Mount Mantalingajan","kind":"peak","rating":6,"region":"Philippines"}},{"type":"Feature","geometry":{"type":"Point","coordinates":[161.35,-82.85]},"properties":{"name":"Mount Markham","kind":"peak","rating":6,"region":"Antarctica"}},{"type":"Feature","geometry":{"type":"Point","coordinates":[166.6,-72.5]},"properties":{"name":"Mount McDonald","kind":"peak","rating":6,"region":"Antarctica"}},{"type":"Feature","geometry":{"type":"Point","coordinates":[-110.7,-75.3]},"properties":{"name":"Mount Murphy","kind":"peak","rating":6,"region":"Antarctica"}},{"type":"Feature","geometry":{"type":"Point","coordinates":[90.5603,30.3889]},"properties":{"name":"Mount Nyenchen Tanglha","kind":"peak","rating":6,"region":"Xizang"}},{"type":"Feature","geometry":{"type":"Point","coordinates":[-65.4333,66.55]},"properties":{"name":"Mount Odin","kind":"peak","rating":6,"region":"Nunavut"}},{"type":"Feature","geometry":{"type":"Point","coordinates":[-118.1292,50.5517]},"properties":{"name":"Mount Odin","kind":"peak","rating":6,"region":"British Columbia"}},{"type":"Feature","geometry":{"type":"Point","coordinates":[22.358,40.086]},"properties":{"name":"Mount Olympus","kind":"peak","rating":6,"region":"Greece"}},{"type":"Feature","geometry":{"type":"Point","coordinates":[137.4806,35.8931]},"properties":{"name":"Mount Ontake","kind":"volcano","rating":6,"region":"Japan"}},{"type":"Feature","geometry":{"type":"Point","coordinates":[-124.568,51.2717]},"properties":{"name":"Mount Queen Bess","kind":"peak","rating":6,"region":"British Columbia"}},{"type":"Feature","geometry":{"type":"Point","coordinates":[-132.303,57.3931]},"properties":{"name":"Mount Ratz","kind":"peak","rating":6,"region":"British Columbia"}},{"type":"Feature","geometry":{"type":"Point","coordinates":[-152.742,60.485]},"properties":{"name":"Mount Redoubt","kind":"volcano","rating":6,"region":"Alaska"}},{"type":"Feature","geometry":{"type":"Point","coordinates":[-60.7642,5.1419]},"properties":{"name":"Mount Roraima","kind":"peak","rating":6,"region":"Venezuela"}},{"type":"Feature","geometry":{"type":"Point","coordinates":[31.0333,-72.6]},"properties":{"name":"Mount Rossel","kind":"peak","rating":6,"region":"Antarctica"}},{"type":"Feature","geometry":{"type":"Point","coordinates":[-144.1289,62.2139]},"properties":{"name":"Mount Sanford","kind":"peak","rating":6,"region":"Alaska"}},{"type":"Feature","geometry":{"type":"Point","coordinates":[36.6167,-0.3497]},"properties":{"name":"Mount Satima","kind":"peak","rating":6,"region":"Kenya"}},{"type":"Feature","geometry":{"type":"Point","coordinates":[54.0661,31.6039]},"properties":{"name":"Mount Shir (Yazd Province)","kind":"peak","rating":6,"region":"Iran"}},{"type":"Feature","geometry":{"type":"Point","coordinates":[69.9025,34.0383]},"properties":{"name":"Mount Sikaram","kind":"peak","rating":6,"region":"Afghanistan"}},{"type":"Feature","geometry":{"type":"Point","coordinates":[98.3919,3.17]},"properties":{"name":"Mount Sinabung","kind":"volcano","rating":6,"region":"Indonesia"}},{"type":"Feature","geometry":{"type":"Point","coordinates":[102.2344,4.6311]},"properties":{"name":"Mount Tahan","kind":"peak","rating":6,"region":"Malaysia"}},{"type":"Feature","geometry":{"type":"Point","coordinates":[5.5336,23.2889]},"properties":{"name":"Mount Tahat","kind":"peak","rating":6,"region":"Algeria"}},{"type":"Feature","geometry":{"type":"Point","coordinates":[107.745,33.9458]},"properties":{"name":"Mount Taibai","kind":"peak","rating":6,"region":"Shaanxi"}},{"type":"Feature","geometry":{"type":"Point","coordinates":[-112.1,-76.3]},"properties":{"name":"Mount Takahe","kind":"peak","rating":6,"region":"Antarctica"}},{"type":"Feature","geometry":{"type":"Point","coordinates":[120.1166,15.4833]},"properties":{"name":"Mount Tapulao","kind":"peak","rating":6,"region":"Philippines"}},{"type":"Feature","geometry":{"type":"Point","coordinates":[168.5333,-77.5167]},"properties":{"name":"Mount Terror","kind":"volcano","rating":6,"region":"Antarctica"}},{"type":"Feature","geometry":{"type":"Point","coordinates":[-143.6972,60.6518]},"properties":{"name":"Mount Tom White","kind":"peak","rating":6,"region":"Alaska"}},{"type":"Feature","geometry":{"type":"Point","coordinates":[-124.0928,57.3464]},"properties":{"name":"Mount Ulysses","kind":"peak","rating":6,"region":"British Columbia"}},{"type":"Feature","geometry":{"type":"Point","coordinates":[130.2987,32.7613]},"properties":{"name":"Mount Unzen","kind":"volcano","rating":6,"region":"Japan"}},{"type":"Feature","geometry":{"type":"Point","coordinates":[-159.3908,56.1981]},"properties":{"name":"Mount Veniaminof","kind":"peak","rating":6,"region":"Alaska"}},{"type":"Feature","geometry":{"type":"Point","coordinates":[-71.303,44.27]},"properties":{"name":"Mount Washington","kind":"peak","rating":6,"region":"New Hampshire"}},{"type":"Feature","geometry":{"type":"Point","coordinates":[103.8467,32.6758]},"properties":{"name":"Mount Xuebaoding","kind":"peak","rating":6,"region":"Sichuan"}},{"type":"Feature","geometry":{"type":"Point","coordinates":[35.65,-15.9]},"properties":{"name":"Mulanje Massif","kind":"peak","rating":6,"region":"Malawi"}},{"type":"Feature","geometry":{"type":"Point","coordinates":[23.5853,42.1792]},"properties":{"name":"Musala","kind":"peak","rating":6,"region":"Bulgaria"}},{"type":"Feature","geometry":{"type":"Point","coordinates":[17.2,59.5]},"properties":{"name":"Mälaren","kind":"lake","rating":6,"region":"Sweden"}},{"type":"Feature","geometry":{"type":"Point","coordinates":[136.906,35.181]},"properties":{"name":"Nagoya","kind":"city","rating":6,"region":"Japan"}},{"type":"Feature","geometry":{"type":"Point","coordinates":[93.9031,21.2336]},"properties":{"name":"Nat Ma Taung","kind":"peak","rating":6,"region":"Myanmar"}},{"type":"Feature","geometry":{"type":"Point","coordinates":[84.4167,28.735]},"properties":{"name":"Nemjung","kind":"peak","rating":6,"region":"Nepal"}},{"type":"Feature","geometry":{"type":"Point","coordinates":[42.2467,38.6226]},"properties":{"name":"Nemrut","kind":"volcano","rating":6,"region":"Turkey"}},{"type":"Feature","geometry":{"type":"Point","coordinates":[-71.6908,-15.5253]},"properties":{"name":"Nevado Mismi","kind":"volcano","rating":6,"region":"Peru"}},{"type":"Feature","geometry":{"type":"Point","coordinates":[-65.7458,-24.0633]},"properties":{"name":"Nevado de Chañi","kind":"peak","rating":6,"region":"Argentina"}},{"type":"Feature","geometry":{"type":"Point","coordinates":[107.9833,15.0667]},"properties":{"name":"Ngoc Linh","kind":"peak","rating":6,"region":"Vietnam"}},{"type":"Feature","geometry":{"type":"Point","coordinates":[121.549,29.878]},"properties":{"name":"Ningbo","kind":"city","rating":6,"region":"Zhejiang"}},{"type":"Feature","geometry":{"type":"Point","coordinates":[-12.7222,13.0742]},"properties":{"name":"Niokolo-Koba National Park","kind":"park","rating":6,"region":"Senegal"}},{"type":"Feature","geometry":{"type":"Point","coordinates":[90.1792,28.9475]},"properties":{"name":"Noijin Kangsang","kind":"peak","rating":6,"region":"Xizang"}},{"type":"Feature","geometry":{"type":"Point","coordinates":[-31.0,77.0]},"properties":{"name":"Northeast Greenland National Park","kind":"park","rating":6,"region":"Greenland"}},{"type":"Feature","geometry":{"type":"Point","coordinates":[71.8283,36.4317]},"properties":{"name":"Noshaq","kind":"peak","rating":6,"region":"Pakistan"}},{"type":"Feature","geometry":{"type":"Point","coordinates":[-123.711,47.801]},"properties":{"name":"Olympic Mountains","kind":"range","rating":6,"region":"Washington"}},{"type":"Feature","geometry":{"type":"Point","coordinates":[-72.4931,-41.1]},"properties":{"name":"Osorno","kind":"volcano","rating":6,"region":"Chile"}},{"type":"Feature","geometry":{"type":"Point","coordinates":[97.5023,47.6367]},"properties":{"name":"Otgontenger","kind":"peak","rating":6,"region":"Mongolia"}},{"type":"Feature","geometry":{"type":"Point","coordinates":[-75.5,35.5]},"properties":{"name":"Outer Banks","kind":"coast","rating":6,"region":"North Carolina"}},{"type":"Feature","geometry":{"type":"Point","coordinates":[-91.4,79.74]},"properties":{"name":"Outlook Peak","kind":"peak","rating":6,"region":"Nunavut"}},{"type":"Feature","geometry":{"type":"Point","coordinates":[-90.6011,14.3808]},"properties":{"name":"Pacaya","kind":"volcano","rating":6,"region":"Guatemala"}},{"type":"Feature","geometry":{"type":"Point","coordinates":[55.139,25.112]},"properties":{"name":"Palm Jumeirah","kind":"landmark","rating":6,"region":"United Arab Emirates"}},{"type":"Feature","geometry":{"type":"Point","coordinates":[77.7326,32.0901]},"properties":{"name":"Parbati Parbat","kind":"peak","rating":6,"region":"Himachal Pradesh"}},{"type":"Feature","geometry":{"type":"Point","coordinates":[23.5408,45.3403]},"properties":{"name":"Parângu Mare","kind":"peak","rating":6,"region":"Romania"}},{"type":"Feature","geometry":{"type":"Point","coordinates":[-102.251,19.493]},"properties":{"name":"Parícutin","kind":"volcano","rating":6,"region":"Michoacán"}},{"type":"Feature","geometry":{"type":"Point","coordinates":[88.8425,27.9533]},"properties":{"name":"Pauhunri","kind":"peak","rating":6,"region":"Xizang"}},{"type":"Feature","geometry":{"type":"Point","coordinates":[146.0086,65.1773]},"properties":{"name":"Peak Pobeda, Sakha","kind":"peak","rating":6,"region":"Sakha (Yakutia)"}},{"type":"Feature","geometry":{"type":"Point","coordinates":[-44.843,-22.4282]},"properties":{"name":"Pedra da Mina","kind":"peak","rating":6,"region":"São Paulo"}},{"type":"Feature","geometry":{"type":"Point","coordinates":[103.1333,18.9833]},"properties":{"name":"Phou Bia","kind":"peak","rating":6,"region":"Lao PDR"}},{"type":"Feature","geometry":{"type":"Point","coordinates":[-74.025,18.3825]},"properties":{"name":"Pic Macaya","kind":"peak","rating":6,"region":"Haiti"}},{"type":"Feature","geometry":{"type":"Point","coordinates":[-115.375,30.9908]},"properties":{"name":"Picacho del Diablo","kind":"peak","rating":6,"region":"Baja California"}},{"type":"Feature","geometry":{"type":"Point","coordinates":[-78.5989,-0.1772]},"properties":{"name":"Pichincha Volcano","kind":"volcano","rating":6,"region":"Ecuador"}},{"type":"Feature","geometry":{"type":"Point","coordinates":[-66.7825,10.5433]},"properties":{"name":"Pico Naiguatá","kind":"peak","rating":6,"region":"Venezuela"}},{"type":"Feature","geometry":{"type":"Point","coordinates":[117.5798,56.8652]},"properties":{"name":"Pik BAM","kind":"peak","rating":6,"region":"Chita"}},{"type":"Feature","geometry":{"type":"Point","coordinates":[68.195,39.1978]},"properties":{"name":"Pik Chimtarga","kind":"peak","rating":6,"region":"Tajikistan"}},{"type":"Feature","geometry":{"type":"Point","coordinates":[74.5717,42.5212]},"properties":{"name":"Pik Semionova Tien-Shanskogo","kind":"peak","rating":6,"region":"Kyrgyzstan"}},{"type":"Feature","geometry":{"type":"Point","coordinates":[70.7189,39.6195]},"properties":{"name":"Pik Skalisty","kind":"peak","rating":6,"region":"Kyrgyzstan"}},{"type":"Feature","geometry":{"type":"Point","coordinates":[-105.044,38.841]},"properties":{"name":"Pikes Peak","kind":"peak","rating":6,"region":"Colorado"}},{"type":"Feature","geometry":{"type":"Point","coordinates":[55.7072,-21.2431]},"properties":{"name":"Piton de la Fournaise","kind":"volcano","rating":6,"region":"France"}},{"type":"Feature","geometry":{"type":"Point","coordinates":[9.908,46.382]},"properties":{"name":"Piz Bernina","kind":"peak","rating":6,"region":"Switzerland"}},{"type":"Feature","geometry":{"type":"Point","coordinates":[120.45,-8.65]},"properties":{"name":"Poco Likang","kind":"peak","rating":6,"region":"Indonesia"}},{"type":"Feature","geometry":{"type":"Point","coordinates":[116.3833,29.0667]},"properties":{"name":"Poyang Lake","kind":"lake","rating":6,"region":"Jiangxi"}},{"type":"Feature","geometry":{"type":"Point","coordinates":[-84.2303,10.1978]},"properties":{"name":"Poás Volcano","kind":"volcano","rating":6,"region":"Costa Rica"}},{"type":"Feature","geometry":{"type":"Point","coordinates":[22.3503,36.9528]},"properties":{"name":"Profitis Ilias","kind":"peak","rating":6,"region":"Greece"}},{"type":"Feature","geometry":{"type":"Point","coordinates":[-122.45,47.6]},"properties":{"name":"Puget Sound","kind":"coast","rating":6,"region":"Washington"}},{"type":"Feature","geometry":{"type":"Point","coordinates":[2.9624,45.772]},"properties":{"name":"Puy de Dôme","kind":"volcano","rating":6,"region":"France"}},{"type":"Feature","geometry":{"type":"Point","coordinates":[2.8142,45.5283]},"properties":{"name":"Puy de Sancy","kind":"volcano","rating":6,"region":"France"}},{"type":"Feature","geometry":{"type":"Point","coordinates":[-72.1172,-40.5903]},"properties":{"name":"Puyehue-Cordón Caulle","kind":"volcano","rating":6,"region":"Chile"}},{"type":"Feature","geometry":{"type":"Point","coordinates":[125.754,39.034]},"properties":{"name":"Pyongyang","kind":"city","rating":6,"region":"Dem. Rep. Korea"}},{"type":"Feature","geometry":{"type":"Point","coordinates":[0.657,42.631]},"properties":{"name":"Pyrenees crest (Aneto)","kind":"range","rating":6,"region":"Spain"}},{"type":"Feature","geometry":{"type":"Point","coordinates":[100.0,37.0]},"properties":{"name":"Qinghai Lake","kind":"lake","rating":6,"region":"Qinghai"}},{"type":"Feature","geometry":{"type":"Point","coordinates":[-12.2878,-37.1118]},"properties":{"name":"Queen Mary's Peak","kind":"peak","rating":6,"region":""}},{"type":"Feature","geometry":{"type":"Point","coordinates":[-78.8973,-0.8612]},"properties":{"name":"Quilotoa","kind":"volcano","rating":6,"region":"Ecuador"}},{"type":"Feature","geometry":{"type":"Point","coordinates":[36.1167,34.3]},"properties":{"name":"Qurnat as Sawda'","kind":"peak","rating":6,"region":"Lebanon"}},{"type":"Feature","geometry":{"type":"Point","coordinates":[46.722,24.688]},"properties":{"name":"Riyadh","kind":"city","rating":6,"region":"Saudi Arabia"}},{"type":"Feature","geometry":{"type":"Point","coordinates":[-17.8847,28.7542]},"properties":{"name":"Roque de los Muchachos","kind":"peak","rating":6,"region":"Spain"}},{"type":"Feature","geometry":{"type":"Point","coordinates":[-3.98,31.15]},"properties":{"name":"Sahara dunes (Erg Chebbi)","kind":"desert","rating":6,"region":"Morocco"}},{"type":"Feature","geometry":{"type":"Point","coordinates":[28.25,61.25]},"properties":{"name":"Saimaa","kind":"lake","rating":6,"region":"Finland"}},{"type":"Feature","geometry":{"type":"Point","coordinates":[130.6581,31.5806]},"properties":{"name":"Sakurajima","kind":"volcano","rating":6,"region":"Japan"}},{"type":"Feature","geometry":{"type":"Point","coordinates":[-115.84,33.31]},"properties":{"name":"Salton Sea","kind":"lake","rating":6,"region":"California"}},{"type":"Feature","geometry":{"type":"Point","coordinates":[-111.678,35.346]},"properties":{"name":"San Francisco Peaks","kind":"peak","rating":6,"region":"Arizona"}},{"type":"Feature","geometry":{"type":"Point","coordinates":[-123.05,48.55]},"properties":{"name":"San Juan Islands","kind":"island","rating":6,"region":"Washington"}},{"type":"Feature","geometry":{"type":"Point","coordinates":[-78.3408,-2.0025]},"properties":{"name":"Sangay volcano","kind":"volcano","rating":6,"region":"Ecuador"}},{"type":"Feature","geometry":{"type":"Point","coordinates":[-91.5519,14.7558]},"properties":{"name":"Santa María","kind":"volcano","rating":6,"region":"Guatemala"}},{"type":"Feature","geometry":{"type":"Point","coordinates":[77.7333,34.8333]},"properties":{"name":"Saser Kangri","kind":"peak","rating":6,"region":"Ladakh"}},{"type":"Feature","geometry":{"type":"Point","coordinates":[71.9109,39.2362]},"properties":{"name":"Sat Peak","kind":"peak","rating":6,"region":"Tajikistan"}},{"type":"Feature","geometry":{"type":"Point","coordinates":[80.2575,45.0417]},"properties":{"name":"Semenov-Tyan-Shanskiy peak","kind":"peak","rating":6,"region":"Kazakhstan"}},{"type":"Feature","geometry":{"type":"Point","coordinates":[-85.9983,82.3289]},"properties":{"name":"Serson Ice Shelf","kind":"glacier","rating":6,"region":"Nunavut"}},{"type":"Feature","geometry":{"type":"Point","coordinates":[-108.836,36.688]},"properties":{"name":"Shiprock","kind":"feature","rating":6,"region":"New Mexico"}},{"type":"Feature","geometry":{"type":"Point","coordinates":[-3.311,37.053]},"properties":{"name":"Sierra Nevada (Mulhacen)","kind":"peak","rating":6,"region":"Spain"}},{"type":"Feature","geometry":{"type":"Point","coordinates":[-118.7,37.3]},"properties":{"name":"Sierra Nevada crest","kind":"range","rating":6,"region":"California"}},{"type":"Feature","geometry":{"type":"Point","coordinates":[33.973,28.539]},"properties":{"name":"Sinai mountains","kind":"range","rating":6,"region":"Egypt"}},{"type":"Feature","geometry":{"type":"Point","coordinates":[-121.9033,50.1878]},"properties":{"name":"Skihist Mountain","kind":"peak","rating":6,"region":"British Columbia"}},{"type":"Feature","geometry":{"type":"Point","coordinates":[-23.772,64.806]},"properties":{"name":"Snaefellsjokull","kind":"volcano","rating":6,"region":"Iceland"}},{"type":"Feature","geometry":{"type":"Point","coordinates":[-116.7,45.25]},"properties":{"name":"Snake River Canyon / Hells Canyon","kind":"canyon","rating":6,"region":"Oregon"}},{"type":"Feature","geometry":{"type":"Point","coordinates":[-61.6634,16.0438]},"properties":{"name":"Soufrière","kind":"volcano","rating":6,"region":"France"}},{"type":"Feature","geometry":{"type":"Point","coordinates":[-62.1833,16.7167]},"properties":{"name":"Soufrière Hills","kind":"volcano","rating":6,"region":"Montserrat"}},{"type":"Feature","geometry":{"type":"Point","coordinates":[77.5167,35.3333]},"properties":{"name":"South Rimo Glacier","kind":"glacier","rating":6,"region":"Ladakh"}},{"type":"Feature","geometry":{"type":"Point","coordinates":[15.213,38.789]},"properties":{"name":"Stromboli","kind":"volcano","rating":6,"region":"Italy"}},{"type":"Feature","geometry":{"type":"Point","coordinates":[-77.4908,79.4962]},"properties":{"name":"Sven Hedin Glacier","kind":"glacier","rating":6,"region":"Nunavut"}},{"type":"Feature","geometry":{"type":"Point","coordinates":[75.6675,35.9963]},"properties":{"name":"Sīm Gang Glacier","kind":"glacier","rating":6,"region":"Pakistan"}},{"type":"Feature","geometry":{"type":"Point","coordinates":[173.6625,-41.9958]},"properties":{"name":"Tapuae-o-Uenuku","kind":"peak","rating":6,"region":"New Zealand"}},{"type":"Feature","geometry":{"type":"Point","coordinates":[48.9794,41.1532]},"properties":{"name":"Taxtakörpü SA","kind":"lake","rating":6,"region":"Azerbaijan"}},{"type":"Feature","geometry":{"type":"Point","coordinates":[45.3119,42.5733]},"properties":{"name":"Tebulosmta","kind":"peak","rating":6,"region":"Chechnya"}},{"type":"Feature","geometry":{"type":"Point","coordinates":[-66.5143,62.2755]},"properties":{"name":"Terra Nivea","kind":"glacier","rating":6,"region":"Nunavut"}},{"type":"Feature","geometry":{"type":"Point","coordinates":[29.2667,-29.4667]},"properties":{"name":"Thabana Ntlenyana","kind":"peak","rating":6,"region":"Lesotho"}},{"type":"Feature","geometry":{"type":"Point","coordinates":[80.0,42.0]},"properties":{"name":"Tian Shan","kind":"range","rating":6,"region":"Xinjiang"}},{"type":"Feature","geometry":{"type":"Point","coordinates":[104.0667,12.8833]},"properties":{"name":"Tonle Sap","kind":"lake","rating":6,"region":"Cambodia"}},{"type":"Feature","geometry":{"type":"Point","coordinates":[44.0045,37.4857]},"properties":{"name":"Uludoruk","kind":"peak","rating":6,"region":"Turkey"}},{"type":"Feature","geometry":{"type":"Point","coordinates":[45.405,37.662]},"properties":{"name":"Urmia Lake","kind":"lake","rating":6,"region":"Iran"}},{"type":"Feature","geometry":{"type":"Point","coordinates":[-125.5,49.6]},"properties":{"name":"Vancouver Island mountains","kind":"range","rating":6,"region":"British Columbia"}},{"type":"Feature","geometry":{"type":"Point","coordinates":[-3.8333,-72.625]},"properties":{"name":"Veten Mountain","kind":"peak","rating":6,"region":"Antarctica"}},{"type":"Feature","geometry":{"type":"Point","coordinates":[-71.9392,-39.42]},"properties":{"name":"Villarrica Volcano","kind":"volcano","rating":6,"region":"Chile"}},{"type":"Feature","geometry":{"type":"Point","coordinates":[29.5,-0.5]},"properties":{"name":"Virunga National Park","kind":"park","rating":6,"region":"Democratic Republic of the Congo"}},{"type":"Feature","geometry":{"type":"Point","coordinates":[7.0917,44.6675]},"properties":{"name":"Viso","kind":"peak","rating":6,"region":"Italy"}},{"type":"Feature","geometry":{"type":"Point","coordinates":[-82.543,8.808]},"properties":{"name":"Volcan Baru","kind":"volcano","rating":6,"region":"Panama"}},{"type":"Feature","geometry":{"type":"Point","coordinates":[-90.88,14.473]},"properties":{"name":"Volcan de Fuego / Agua","kind":"volcano","rating":6,"region":"Guatemala"}},{"type":"Feature","geometry":{"type":"Point","coordinates":[-86.5385,12.4247]},"properties":{"name":"Volcán Momotombo","kind":"volcano","rating":6,"region":"Nicaragua"}},{"type":"Feature","geometry":{"type":"Point","coordinates":[-92.1058,15.1334]},"properties":{"name":"Volcán Tacaná","kind":"volcano","rating":6,"region":"Guatemala"}},{"type":"Feature","geometry":{"type":"Point","coordinates":[-91.3333,0.0333]},"properties":{"name":"Volcán Wolf","kind":"volcano","rating":6,"region":"Ecuador"}},{"type":"Feature","geometry":{"type":"Point","coordinates":[13.5,58.9167]},"properties":{"name":"Vänern","kind":"lake","rating":6,"region":"Sweden"}},{"type":"Feature","geometry":{"type":"Point","coordinates":[14.6,58.4]},"properties":{"name":"Vättern","kind":"lake","rating":6,"region":"Sweden"}},{"type":"Feature","geometry":{"type":"Point","coordinates":[-111.65,40.6]},"properties":{"name":"Wasatch Range","kind":"range","rating":6,"region":"Utah"}},{"type":"Feature","geometry":{"type":"Point","coordinates":[-77.035,38.889]},"properties":{"name":"Washington DC Mall","kind":"landmark","rating":6,"region":"District of Columbia"}},{"type":"Feature","geometry":{"type":"Point","coordinates":[-122.7933,50.1331]},"properties":{"name":"Wedge Mountain","kind":"peak","rating":6,"region":"British Columbia"}},{"type":"Feature","geometry":{"type":"Point","coordinates":[13.5655,42.4693]},"properties":{"name":"Western Summit of Corno Grande","kind":"peak","rating":6,"region":"Italy"}},{"type":"Feature","geometry":{"type":"Point","coordinates":[-114.313,38.9861]},"properties":{"name":"Wheeler Peak","kind":"peak","rating":6,"region":"Nevada"}},{"type":"Feature","geometry":{"type":"Point","coordinates":[1.36,51.13]},"properties":{"name":"White Cliffs of Dover","kind":"coast","rating":6,"region":"UK"}},{"type":"Feature","geometry":{"type":"Point","coordinates":[-106.172,32.78]},"properties":{"name":"White Sands","kind":"desert","rating":6,"region":"New Mexico"}},{"type":"Feature","geometry":{"type":"Point","coordinates":[10.8672,46.8853]},"properties":{"name":"Wildspitze","kind":"peak","rating":6,"region":"Austria"}},{"type":"Feature","geometry":{"type":"Point","coordinates":[120.289,31.569]},"properties":{"name":"Wuxi","kind":"city","rating":6,"region":"Jiangsu"}},{"type":"Feature","geometry":{"type":"Point","coordinates":[108.929,34.258]},"properties":{"name":"Xi’an","kind":"city","rating":6,"region":"Shaanxi"}},{"type":"Feature","geometry":{"type":"Point","coordinates":[85.1272,28.3917]},"properties":{"name":"Yangra","kind":"peak","rating":6,"region":"Xizang"}},{"type":"Feature","geometry":{"type":"Point","coordinates":[-76.9053,-10.2689]},"properties":{"name":"Yerupajá","kind":"peak","rating":6,"region":"Peru"}},{"type":"Feature","geometry":{"type":"Point","coordinates":[50.0775,32.3644]},"properties":{"name":"Zard Kuh","kind":"peak","rating":6,"region":"Iran"}},{"type":"Feature","geometry":{"type":"Point","coordinates":[10.985,47.421]},"properties":{"name":"Zugspitze","kind":"peak","rating":6,"region":"Germany"}},{"type":"Feature","geometry":{"type":"Point","coordinates":[-16.6421,64.0254]},"properties":{"name":"Öræfajökull","kind":"volcano","rating":6,"region":"Iceland"}},{"type":"Feature","geometry":{"type":"Point","coordinates":[-98.95,64.5667]},"properties":{"name":"Aberdeen Lake","kind":"lake","rating":5,"region":"Nunavut"}},{"type":"Feature","geometry":{"type":"Point","coordinates":[-67.6172,-23.2958]},"properties":{"name":"Acamarachi","kind":"volcano","rating":5,"region":"Chile"}},{"type":"Feature","geometry":{"type":"Point","coordinates":[40.84,10.07]},"properties":{"name":"Adwa","kind":"volcano","rating":5,"region":"Ethiopia"}},{"type":"Feature","geometry":{"type":"Point","coordinates":[130.7,31.65]},"properties":{"name":"Aira Caldera","kind":"volcano","rating":5,"region":"Japan"}},{"type":"Feature","geometry":{"type":"Point","coordinates":[-99.2581,19.2075]},"properties":{"name":"Ajusco","kind":"volcano","rating":5,"region":"Distrito Federal"}},{"type":"Feature","geometry":{"type":"Point","coordinates":[159.45,53.9667]},"properties":{"name":"Akademia Nauk","kind":"volcano","rating":5,"region":"Kamchatka"}},{"type":"Feature","geometry":{"type":"Point","coordinates":[158.65,55.43]},"properties":{"name":"Akhtang","kind":"volcano","rating":5,"region":"Kamchatka"}},{"type":"Feature","geometry":{"type":"Point","coordinates":[140.8036,39.7608]},"properties":{"name":"Akita-Komagatake","kind":"volcano","rating":5,"region":"Japan"}},{"type":"Feature","geometry":{"type":"Point","coordinates":[-91.1091,-0.3966]},"properties":{"name":"Alcedo Volcano","kind":"volcano","rating":5,"region":"Ecuador"}},{"type":"Feature","geometry":{"type":"Point","coordinates":[-74.8579,20.4967]},"properties":{"name":"Alexander von Humboldt National Park","kind":"park","rating":5,"region":"Cuba"}},{"type":"Feature","geometry":{"type":"Point","coordinates":[159.6449,56.692]},"properties":{"name":"Alney","kind":"volcano","rating":5,"region":"Kamchatka"}},{"type":"Feature","geometry":{"type":"Point","coordinates":[-71.1833,64.9833]},"properties":{"name":"Amadjuak Lake","kind":"lake","rating":5,"region":"Nunavut"}},{"type":"Feature","geometry":{"type":"Point","coordinates":[124.4158,0.7575]},"properties":{"name":"Ambang","kind":"volcano","rating":5,"region":"Indonesia"}},{"type":"Feature","geometry":{"type":"Point","coordinates":[37.25,-2.65]},"properties":{"name":"Amboseli National Park","kind":"park","rating":5,"region":"Kenya"}},{"type":"Feature","geometry":{"type":"Point","coordinates":[71.0,-69.75]},"properties":{"name":"Amery Ice Shelf","kind":"glacier","rating":5,"region":"Antarctica"}},{"type":"Feature","geometry":{"type":"Point","coordinates":[-71.88,-15.8206]},"properties":{"name":"Ampato","kind":"volcano","rating":5,"region":"Peru"}},{"type":"Feature","geometry":{"type":"Point","coordinates":[-159.0,-85.5833]},"properties":{"name":"Amundsen Glacier","kind":"glacier","rating":5,"region":"Antarctica"}},{"type":"Feature","geometry":{"type":"Point","coordinates":[47.2433,-19.3498]},"properties":{"name":"Ankaratra","kind":"volcano","rating":5,"region":"Madagascar"}},{"type":"Feature","geometry":{"type":"Point","coordinates":[0.0,-90.0]},"properties":{"name":"Antarctic ice sheet","kind":"glacier","rating":5,"region":"Antarctica"}},{"type":"Feature","geometry":{"type":"Point","coordinates":[-67.5358,-25.9681]},"properties":{"name":"Antofagasta de la Sierra","kind":"volcano","rating":5,"region":"Argentina"}},{"type":"Feature","geometry":{"type":"Point","coordinates":[-71.3511,-37.41]},"properties":{"name":"Antuco","kind":"volcano","rating":5,"region":"Chile"}},{"type":"Feature","geometry":{"type":"Point","coordinates":[-67.7833,-24.29]},"properties":{"name":"Aracar","kind":"volcano","rating":5,"region":"Argentina"}},{"type":"Feature","geometry":{"type":"Point","coordinates":[-109.54,38.7281]},"properties":{"name":"Arches National Park","kind":"park","rating":5,"region":"Utah"}},{"type":"Feature","geometry":{"type":"Point","coordinates":[6.9794,45.9603]},"properties":{"name":"Argentière Glacier","kind":"glacier","rating":5,"region":"France"}},{"type":"Feature","geometry":{"type":"Point","coordinates":[66.055,40.937]},"properties":{"name":"Arnasai Lakes","kind":"lake","rating":5,"region":"Uzbekistan"}},{"type":"Feature","geometry":{"type":"Point","coordinates":[157.827,52.355]},"properties":{"name":"Asacha","kind":"volcano","rating":5,"region":"Kamchatka"}},{"type":"Feature","geometry":{"type":"Point","coordinates":[-84.388,33.749]},"properties":{"name":"Atlanta","kind":"city","rating":5,"region":"Georgia"}},{"type":"Feature","geometry":{"type":"Point","coordinates":[147.1275,44.8072]},"properties":{"name":"Atsonupuri","kind":"volcano","rating":5,"region":"Sakhalin"}},{"type":"Feature","geometry":{"type":"Point","coordinates":[-68.4683,-21.2208]},"properties":{"name":"Aucanquilcha","kind":"volcano","rating":5,"region":"Chile"}},{"type":"Feature","geometry":{"type":"Point","coordinates":[-153.4333,59.3633]},"properties":{"name":"Augustine Volcano","kind":"volcano","rating":5,"region":"Alaska"}},{"type":"Feature","geometry":{"type":"Point","coordinates":[-163.0,-85.4167]},"properties":{"name":"Axel Heiberg Glacier","kind":"glacier","rating":5,"region":"Antarctica"}},{"type":"Feature","geometry":{"type":"Point","coordinates":[66.75,40.9167]},"properties":{"name":"Aydar Lake","kind":"lake","rating":5,"region":"Uzbekistan"}},{"type":"Feature","geometry":{"type":"Point","coordinates":[44.9473,40.2258]},"properties":{"name":"Azhdahak","kind":"volcano","rating":5,"region":"Armenia"}},{"type":"Feature","geometry":{"type":"Point","coordinates":[-102.5,43.75]},"properties":{"name":"Badlands National Park","kind":"park","rating":5,"region":"South Dakota"}},{"type":"Feature","geometry":{"type":"Point","coordinates":[146.2333,-4.8]},"properties":{"name":"Bagabag","kind":"volcano","rating":5,"region":"Papua New Guinea"}},{"type":"Feature","geometry":{"type":"Point","coordinates":[158.0667,53.905]},"properties":{"name":"Bakening","kind":"volcano","rating":5,"region":"Kamchatka"}},{"type":"Feature","geometry":{"type":"Point","coordinates":[-95.5,64.1667]},"properties":{"name":"Baker Lake","kind":"lake","rating":5,"region":"Nunavut"}},{"type":"Feature","geometry":{"type":"Point","coordinates":[147.2833,-2.55]},"properties":{"name":"Baluan Island","kind":"volcano","rating":5,"region":"Papua New Guinea"}},{"type":"Feature","geometry":{"type":"Point","coordinates":[-16.1089,20.2347]},"properties":{"name":"Banc d'Arguin National Park","kind":"park","rating":5,"region":"Mauritania"}},{"type":"Feature","geometry":{"type":"Point","coordinates":[67.2308,34.8397]},"properties":{"name":"Band-e Amir National Park","kind":"park","rating":5,"region":"Afghanistan"}},{"type":"Feature","geometry":{"type":"Point","coordinates":[171.0,-83.75]},"properties":{"name":"Beardmore Glacier","kind":"glacier","rating":5,"region":"Antarctica"}},{"type":"Feature","geometry":{"type":"Point","coordinates":[-156.3761,57.9522]},"properties":{"name":"Becharof Lake","kind":"lake","rating":5,"region":"Alaska"}},{"type":"Feature","geometry":{"type":"Point","coordinates":[37.6333,60.1667]},"properties":{"name":"Beloye Lake","kind":"lake","rating":5,"region":"Vologda"}},{"type":"Feature","geometry":{"type":"Point","coordinates":[23.8667,52.7667]},"properties":{"name":"Białowieża National Park","kind":"park","rating":5,"region":"Poland"}},{"type":"Feature","geometry":{"type":"Point","coordinates":[87.0,42.0]},"properties":{"name":"Bosten Lake","kind":"lake","rating":5,"region":"Xinjiang"}},{"type":"Feature","geometry":{"type":"Point","coordinates":[-60.7789,45.8603]},"properties":{"name":"Bras d'Or Lake","kind":"lake","rating":5,"region":"Nova Scotia"}},{"type":"Feature","geometry":{"type":"Point","coordinates":[101.75,56.25]},"properties":{"name":"Bratsk Reservoir","kind":"lake","rating":5,"region":"Irkutsk"}},{"type":"Feature","geometry":{"type":"Point","coordinates":[-23.2918,65.2192]},"properties":{"name":"Breiðafjörður","kind":"coast","rating":5,"region":"Iceland"}},{"type":"Feature","geometry":{"type":"Point","coordinates":[-55.0731,4.8406]},"properties":{"name":"Brokopondo Reservoir","kind":"lake","rating":5,"region":"Suriname"}},{"type":"Feature","geometry":{"type":"Point","coordinates":[-25.0,-75.6667]},"properties":{"name":"Brunt Ice Shelf","kind":"glacier","rating":5,"region":"Antarctica"}},{"type":"Feature","geometry":{"type":"Point","coordinates":[163.25,-66.7833]},"properties":{"name":"Buckle Island","kind":"volcano","rating":5,"region":"Antarctica"}},{"type":"Feature","geometry":{"type":"Point","coordinates":[83.5142,48.9019]},"properties":{"name":"Bukhtarma Reservoir","kind":"lake","rating":5,"region":"Kazakhstan"}},{"type":"Feature","geometry":{"type":"Point","coordinates":[55.27,25.185]},"properties":{"name":"Business Bay","kind":"city","rating":5,"region":"United Arab Emirates"}},{"type":"Feature","geometry":{"type":"Point","coordinates":[159.0,-80.3333]},"properties":{"name":"Byrd Glacier","kind":"glacier","rating":5,"region":"Antarctica"}},{"type":"Feature","geometry":{"type":"Point","coordinates":[-68.6983,-19.1458]},"properties":{"name":"Cabaray","kind":"volcano","rating":5,"region":"Bolivia"}},{"type":"Feature","geometry":{"type":"Point","coordinates":[31.8333,-15.6667]},"properties":{"name":"Cahora Bassa Reservoir","kind":"lake","rating":5,"region":"Mozambique"}},{"type":"Feature","geometry":{"type":"Point","coordinates":[-67.7333,-23.95]},"properties":{"name":"Caichinque","kind":"volcano","rating":5,"region":"Chile"}},{"type":"Feature","geometry":{"type":"Point","coordinates":[-71.45,-37.9167]},"properties":{"name":"Callaqui","kind":"volcano","rating":5,"region":"Chile"}},{"type":"Feature","geometry":{"type":"Point","coordinates":[162.9833,-77.6167]},"properties":{"name":"Canada Glacier","kind":"glacier","rating":5,"region":"Antarctica"}},{"type":"Feature","geometry":{"type":"Point","coordinates":[-61.7954,5.3193]},"properties":{"name":"Canaima National Park","kind":"park","rating":5,"region":"Venezuela"}},{"type":"Feature","geometry":{"type":"Point","coordinates":[-69.9833,54.6667]},"properties":{"name":"Caniapiscau Reservoir","kind":"lake","rating":5,"region":"Québec"}},{"type":"Feature","geometry":{"type":"Point","coordinates":[-104.4439,32.1753]},"properties":{"name":"Carlsbad Caverns National Park","kind":"park","rating":5,"region":"New Mexico"}},{"type":"Feature","geometry":{"type":"Point","coordinates":[-100.0,53.3667]},"properties":{"name":"Cedar Lake","kind":"lake","rating":5,"region":"Manitoba"}},{"type":"Feature","geometry":{"type":"Point","coordinates":[36.05,3.5]},"properties":{"name":"Central Island","kind":"volcano","rating":5,"region":"Kenya"}},{"type":"Feature","geometry":{"type":"Point","coordinates":[-70.7608,-35.6533]},"properties":{"name":"Cerro Azul","kind":"volcano","rating":5,"region":"Chile"}},{"type":"Feature","geometry":{"type":"Point","coordinates":[-68.5833,-25.4167]},"properties":{"name":"Cerro Bayo Complex","kind":"volcano","rating":5,"region":"Argentina"}},{"type":"Feature","geometry":{"type":"Point","coordinates":[-68.3614,-26.6309]},"properties":{"name":"Cerro El Cóndor","kind":"volcano","rating":5,"region":"Argentina"}},{"type":"Feature","geometry":{"type":"Point","coordinates":[-68.2283,-22.0592]},"properties":{"name":"Cerro Paniri","kind":"volcano","rating":5,"region":"Chile"}},{"type":"Feature","geometry":{"type":"Point","coordinates":[-66.479,-24.056]},"properties":{"name":"Cerro Tuzgle","kind":"volcano","rating":5,"region":"Argentina"}},{"type":"Feature","geometry":{"type":"Point","coordinates":[-71.5317,-16.1942]},"properties":{"name":"Chachani","kind":"volcano","rating":5,"region":"Peru"}},{"type":"Feature","geometry":{"type":"Point","coordinates":[-171.1414,52.5722]},"properties":{"name":"Chagulak Island","kind":"volcano","rating":5,"region":"Alaska"}},{"type":"Feature","geometry":{"type":"Point","coordinates":[-47.6667,-14.0833]},"properties":{"name":"Chapada dos Veadeiros National Park","kind":"park","rating":5,"region":"Goiás"}},{"type":"Feature","geometry":{"type":"Point","coordinates":[46.7167,56.3]},"properties":{"name":"Cheboksary Reservoir","kind":"lake","rating":5,"region":"Mariy-El"}},{"type":"Feature","geometry":{"type":"Point","coordinates":[155.4617,50.3217]},"properties":{"name":"Chikurachki","kind":"volcano","rating":5,"region":"Sakhalin"}},{"type":"Feature","geometry":{"type":"Point","coordinates":[-77.935,0.8211]},"properties":{"name":"Chiles volcano","kind":"volcano","rating":5,"region":"Ecuador"}},{"type":"Feature","geometry":{"type":"Point","coordinates":[85.3167,19.7167]},"properties":{"name":"Chilika Lake","kind":"lake","rating":5,"region":"Odisha"}},{"type":"Feature","geometry":{"type":"Point","coordinates":[24.4,-18.65]},"properties":{"name":"Chobe National Park","kind":"park","rating":5,"region":"Botswana"}},{"type":"Feature","geometry":{"type":"Point","coordinates":[0.5,34.35]},"properties":{"name":"Chott Ech Chergui","kind":"lake","rating":5,"region":"Algeria"}},{"type":"Feature","geometry":{"type":"Point","coordinates":[6.0585,33.9742]},"properties":{"name":"Chott Merouane","kind":"lake","rating":5,"region":"Algeria"}},{"type":"Feature","geometry":{"type":"Point","coordinates":[8.4333,33.7]},"properties":{"name":"Chott el Djerid","kind":"lake","rating":5,"region":"Tunisia"}},{"type":"Feature","geometry":{"type":"Point","coordinates":[-81.695,41.499]},"properties":{"name":"Cleveland","kind":"city","rating":5,"region":"Ohio"}},{"type":"Feature","geometry":{"type":"Point","coordinates":[-97.15,19.4919]},"properties":{"name":"Cofre de Peru en tanga","kind":"volcano","rating":5,"region":"Veracruz"}},{"type":"Feature","geometry":{"type":"Point","coordinates":[-81.79,7.48]},"properties":{"name":"Coiba","kind":"park","rating":5,"region":"Panama"}},{"type":"Feature","geometry":{"type":"Point","coordinates":[-3.5906,8.8225]},"properties":{"name":"Comoé National Park","kind":"park","rating":5,"region":"Côte d'Ivoire"}},{"type":"Feature","geometry":{"type":"Point","coordinates":[-69.1317,-27.3056]},"properties":{"name":"Copiapó volcano","kind":"volcano","rating":5,"region":"Chile"}},{"type":"Feature","geometry":{"type":"Point","coordinates":[-72.7928,-43.1931]},"properties":{"name":"Corcovado Volcano","kind":"volcano","rating":5,"region":"Chile"}},{"type":"Feature","geometry":{"type":"Point","coordinates":[-100.866,54.2514]},"properties":{"name":"Cormorant Lake","kind":"lake","rating":5,"region":"Manitoba"}},{"type":"Feature","geometry":{"type":"Point","coordinates":[95.658,5.448]},"properties":{"name":"Cot Seulawah Agam","kind":"volcano","rating":5,"region":"Indonesia"}},{"type":"Feature","geometry":{"type":"Point","coordinates":[-78.3492,0.3608]},"properties":{"name":"Cotacachi","kind":"volcano","rating":5,"region":"Ecuador"}},{"type":"Feature","geometry":{"type":"Point","coordinates":[-106.6333,57.4833]},"properties":{"name":"Cree Lake","kind":"lake","rating":5,"region":"Saskatchewan"}},{"type":"Feature","geometry":{"type":"Point","coordinates":[-78.3628,0.3006]},"properties":{"name":"Cuicocha","kind":"volcano","rating":5,"region":"Ecuador"}},{"type":"Feature","geometry":{"type":"Point","coordinates":[-77.8833,0.9558]},"properties":{"name":"Cumbal","kind":"volcano","rating":5,"region":"Colombia"}},{"type":"Feature","geometry":{"type":"Point","coordinates":[133.5464,35.3711]},"properties":{"name":"Daisen","kind":"volcano","rating":5,"region":"Japan"}},{"type":"Feature","geometry":{"type":"Point","coordinates":[142.85,43.65]},"properties":{"name":"Daisetsuzan Volcanic Group","kind":"volcano","rating":5,"region":"Japan"}},{"type":"Feature","geometry":{"type":"Point","coordinates":[-96.807,32.783]},"properties":{"name":"Dallas","kind":"city","rating":5,"region":"Texas"}},{"type":"Feature","geometry":{"type":"Point","coordinates":[44.6225,42.7447]},"properties":{"name":"Darial Gorge","kind":"canyon","rating":5,"region":"North Ossetia"}},{"type":"Feature","geometry":{"type":"Point","coordinates":[-77.5472,7.7361]},"properties":{"name":"Darién National Park","kind":"park","rating":5,"region":"Panama"}},{"type":"Feature","geometry":{"type":"Point","coordinates":[-26.75,-76.1333]},"properties":{"name":"Dawson-Lambton Glacier","kind":"glacier","rating":5,"region":"Antarctica"}},{"type":"Feature","geometry":{"type":"Point","coordinates":[99.5,-66.75]},"properties":{"name":"Denman Glacier","kind":"glacier","rating":5,"region":"Antarctica"}},{"type":"Feature","geometry":{"type":"Point","coordinates":[-70.75,-35.5833]},"properties":{"name":"Descabezado Grande","kind":"volcano","rating":5,"region":"Chile"}},{"type":"Feature","geometry":{"type":"Point","coordinates":[-83.046,42.331]},"properties":{"name":"Detroit","kind":"city","rating":5,"region":"Michigan"}},{"type":"Feature","geometry":{"type":"Point","coordinates":[-98.9442,48.0347]},"properties":{"name":"Devils Lake","kind":"lake","rating":5,"region":"North Dakota"}},{"type":"Feature","geometry":{"type":"Point","coordinates":[77.35,-80.3667]},"properties":{"name":"Dome A","kind":"glacier","rating":5,"region":"Antarctica"}},{"type":"Feature","geometry":{"type":"Point","coordinates":[123.35,-75.1]},"properties":{"name":"Dome C","kind":"glacier","rating":5,"region":"Antarctica"}},{"type":"Feature","geometry":{"type":"Point","coordinates":[37.5,-77.5]},"properties":{"name":"Dome F","kind":"glacier","rating":5,"region":"Antarctica"}},{"type":"Feature","geometry":{"type":"Point","coordinates":[-70.433,-36.6397]},"properties":{"name":"Domuyo","kind":"volcano","rating":5,"region":"Argentina"}},{"type":"Feature","geometry":{"type":"Point","coordinates":[112.95,29.3167]},"properties":{"name":"Dongting Lake","kind":"lake","rating":5,"region":"Hunan"}},{"type":"Feature","geometry":{"type":"Point","coordinates":[-76.9249,1.4708]},"properties":{"name":"Doña Juana","kind":"volcano","rating":5,"region":"Colombia"}},{"type":"Feature","geometry":{"type":"Point","coordinates":[-6.44,37.02]},"properties":{"name":"Doñana National Park","kind":"park","rating":5,"region":"Spain"}},{"type":"Feature","geometry":{"type":"Point","coordinates":[55.157,25.008]},"properties":{"name":"Dubai Investments Park","kind":"city","rating":5,"region":"United Arab Emirates"}},{"type":"Feature","geometry":{"type":"Point","coordinates":[-101.5333,63.1]},"properties":{"name":"Dubawnt Lake","kind":"lake","rating":5,"region":"Nunavut"}},{"type":"Feature","geometry":{"type":"Point","coordinates":[127.8783,1.6992]},"properties":{"name":"Dukono","kind":"volcano","rating":5,"region":"Indonesia"}},{"type":"Feature","geometry":{"type":"Point","coordinates":[80.0,-80.0]},"properties":{"name":"East Antarctic Ice Sheet","kind":"glacier","rating":5,"region":"Antarctica"}},{"type":"Feature","geometry":{"type":"Point","coordinates":[156.015,50.6889]},"properties":{"name":"Ebeko","kind":"volcano","rating":5,"region":"Sakhalin"}},{"type":"Feature","geometry":{"type":"Point","coordinates":[-20.4094,64.7733]},"properties":{"name":"Eiríksjökull","kind":"volcano","rating":5,"region":"Iceland"}},{"type":"Feature","geometry":{"type":"Point","coordinates":[-18.6092,63.9667]},"properties":{"name":"Eldgjá","kind":"volcano","rating":5,"region":"Iceland"}},{"type":"Feature","geometry":{"type":"Point","coordinates":[-52.9167,-18.0833]},"properties":{"name":"Emas National Park","kind":"park","rating":5,"region":"Goiás"}},{"type":"Feature","geometry":{"type":"Point","coordinates":[16.2639,-18.7853]},"properties":{"name":"Etosha National Park","kind":"park","rating":5,"region":"Namibia"}},{"type":"Feature","geometry":{"type":"Point","coordinates":[-80.9,25.5]},"properties":{"name":"Everglades","kind":"feature","rating":5,"region":"Florida"}},{"type":"Feature","geometry":{"type":"Point","coordinates":[-18.1333,65.85]},"properties":{"name":"Eyjafjörður","kind":"coast","rating":5,"region":"Iceland"}},{"type":"Feature","geometry":{"type":"Point","coordinates":[45.0253,30.8433]},"properties":{"name":"Faydat Umm Shuwayjah","kind":"lake","rating":5,"region":"Iraq"}},{"type":"Feature","geometry":{"type":"Point","coordinates":[43.5756,31.3464]},"properties":{"name":"Faydat al Jawbu","kind":"lake","rating":5,"region":"Iraq"}},{"type":"Feature","geometry":{"type":"Point","coordinates":[-61.2992,-77.8592]},"properties":{"name":"Filchner-Ronne Ice Shelf","kind":"glacier","rating":5,"region":""}},{"type":"Feature","geometry":{"type":"Point","coordinates":[-0.1667,-70.5]},"properties":{"name":"Fimbul Ice Shelf","kind":"glacier","rating":5,"region":"Antarctica"}},{"type":"Feature","geometry":{"type":"Point","coordinates":[167.347,-45.386]},"properties":{"name":"Fiordland National Park","kind":"park","rating":5,"region":"New Zealand"}},{"type":"Feature","geometry":{"type":"Point","coordinates":[-2.75,56.1667]},"properties":{"name":"Firth of Forth","kind":"coast","rating":5,"region":"UK"}},{"type":"Feature","geometry":{"type":"Point","coordinates":[39.6821,-4.0712]},"properties":{"name":"Fort Jesus Museum","kind":"park","rating":5,"region":"Kenya"}},{"type":"Feature","geometry":{"type":"Point","coordinates":[-153.6719,58.77]},"properties":{"name":"Fourpeaked Mountain","kind":"volcano","rating":5,"region":"Alaska"}},{"type":"Feature","geometry":{"type":"Point","coordinates":[155.2475,50.2697]},"properties":{"name":"Fuss Peak","kind":"volcano","rating":5,"region":"Sakhalin"}},{"type":"Feature","geometry":{"type":"Point","coordinates":[127.3339,0.8072]},"properties":{"name":"Gamalama","kind":"volcano","rating":5,"region":"Indonesia"}},{"type":"Feature","geometry":{"type":"Point","coordinates":[78.9833,30.9833]},"properties":{"name":"Gangotri Glacier","kind":"glacier","rating":5,"region":"Uttarakhand"}},{"type":"Feature","geometry":{"type":"Point","coordinates":[-17.2372,28.1262]},"properties":{"name":"Garajonay National Park","kind":"park","rating":5,"region":"Spain"}},{"type":"Feature","geometry":{"type":"Point","coordinates":[29.25,4.0]},"properties":{"name":"Garamba National Park","kind":"park","rating":5,"region":"Democratic Republic of the Congo"}},{"type":"Feature","geometry":{"type":"Point","coordinates":[-178.8031,51.7867]},"properties":{"name":"Gareloi Volcano","kind":"volcano","rating":5,"region":"Alaska"}},{"type":"Feature","geometry":{"type":"Point","coordinates":[7.0806,62.0944]},"properties":{"name":"Geirangerfjord","kind":"coast","rating":5,"region":"Norway"}},{"type":"Feature","geometry":{"type":"Point","coordinates":[96.8169,4.8105]},"properties":{"name":"Geureudong","kind":"volcano","rating":5,"region":"Indonesia"}},{"type":"Feature","geometry":{"type":"Point","coordinates":[70.7967,21.1356]},"properties":{"name":"Gir National Park","kind":"park","rating":5,"region":"Gujarat"}},{"type":"Feature","geometry":{"type":"Point","coordinates":[-94.2467,54.6739]},"properties":{"name":"Gods Lake","kind":"lake","rating":5,"region":"Manitoba"}},{"type":"Feature","geometry":{"type":"Point","coordinates":[42.1,57.4833]},"properties":{"name":"Gorky Reservoir","kind":"lake","rating":5,"region":"Ivanovo"}},{"type":"Feature","geometry":{"type":"Point","coordinates":[-74.8333,48.5833]},"properties":{"name":"Gouin Reservoir","kind":"lake","rating":5,"region":"Québec"}},{"type":"Feature","geometry":{"type":"Point","coordinates":[61.9417,29.8353]},"properties":{"name":"Gowd-e Zerah","kind":"lake","rating":5,"region":"Afghanistan"}},{"type":"Feature","geometry":{"type":"Point","coordinates":[-176.1108,52.0764]},"properties":{"name":"Great Sitkin Volcano","kind":"volcano","rating":5,"region":"Alaska"}},{"type":"Feature","geometry":{"type":"Point","coordinates":[-57.7381,49.6894]},"properties":{"name":"Gros Morne National Park","kind":"park","rating":5,"region":"Newfoundland and Labrador"}},{"type":"Feature","geometry":{"type":"Point","coordinates":[25.1884,68.905]},"properties":{"name":"Guhkesjávri","kind":"lake","rating":5,"region":"Norway"}},{"type":"Feature","geometry":{"type":"Point","coordinates":[107.8397,-7.1433]},"properties":{"name":"Gunung Guntur","kind":"volcano","rating":5,"region":"Indonesia"}},{"type":"Feature","geometry":{"type":"Point","coordinates":[114.8125,4.0425]},"properties":{"name":"Gunung Mulu National Park","kind":"park","rating":5,"region":"Malaysia"}},{"type":"Feature","geometry":{"type":"Point","coordinates":[110.8833,-6.6167]},"properties":{"name":"Gunung Muria","kind":"volcano","rating":5,"region":"Indonesia"}},{"type":"Feature","geometry":{"type":"Point","coordinates":[105.625,-5.7833]},"properties":{"name":"Gunung Rajabasa","kind":"volcano","rating":5,"region":"Indonesia"}},{"type":"Feature","geometry":{"type":"Point","coordinates":[124.736,1.112]},"properties":{"name":"Gunung Soputanpatepangan","kind":"volcano","rating":5,"region":"Indonesia"}},{"type":"Feature","geometry":{"type":"Point","coordinates":[-62.8061,7.34]},"properties":{"name":"Guri Reservoir","kind":"lake","rating":5,"region":"Venezuela"}},{"type":"Feature","geometry":{"type":"Point","coordinates":[8.9056,56.1564]},"properties":{"name":"Gødstrup Lake","kind":"lake","rating":5,"region":"Denmark"}},{"type":"Feature","geometry":{"type":"Point","coordinates":[140.8542,39.9578]},"properties":{"name":"Hachimantai","kind":"volcano","rating":5,"region":"Japan"}},{"type":"Feature","geometry":{"type":"Point","coordinates":[61.6667,30.8333]},"properties":{"name":"Hamun-e Helmand","kind":"lake","rating":5,"region":"Iran"}},{"type":"Feature","geometry":{"type":"Point","coordinates":[6.0,60.1667]},"properties":{"name":"Hardangerfjord","kind":"coast","rating":5,"region":"Norway"}},{"type":"Feature","geometry":{"type":"Point","coordinates":[-155.1236,19.4008]},"properties":{"name":"Hawaiʻi Volcanoes National Park","kind":"park","rating":5,"region":"Hawaii"}},{"type":"Feature","geometry":{"type":"Point","coordinates":[-170.1192,52.7497]},"properties":{"name":"Herbert Island","kind":"volcano","rating":5,"region":"Alaska"}},{"type":"Feature","geometry":{"type":"Point","coordinates":[-16.35,65.1833]},"properties":{"name":"Herðubreið","kind":"volcano","rating":5,"region":"Iceland"}},{"type":"Feature","geometry":{"type":"Point","coordinates":[118.5847,33.2861]},"properties":{"name":"Hongze Lake","kind":"lake","rating":5,"region":"Jiangsu"}},{"type":"Feature","geometry":{"type":"Point","coordinates":[-155.8672,19.6922]},"properties":{"name":"Hualālai","kind":"volcano","rating":5,"region":"Hawaii"}},{"type":"Feature","geometry":{"type":"Point","coordinates":[117.4356,48.9731]},"properties":{"name":"Hulun Lake","kind":"lake","rating":5,"region":"Inner Mongol"}},{"type":"Feature","geometry":{"type":"Point","coordinates":[28.2433,62.3867]},"properties":{"name":"Huuhtijärvi","kind":"lake","rating":5,"region":"Finland"}},{"type":"Feature","geometry":{"type":"Point","coordinates":[5.25,52.8167]},"properties":{"name":"IJsselmeer","kind":"lake","rating":5,"region":"Netherlands"}},{"type":"Feature","geometry":{"type":"Point","coordinates":[9.6554,37.1234]},"properties":{"name":"Ichkeul National Park","kind":"park","rating":5,"region":"Tunisia"}},{"type":"Feature","geometry":{"type":"Point","coordinates":[24.0321,63.0636]},"properties":{"name":"Iiruunjärvi","kind":"lake","rating":5,"region":"Finland"}},{"type":"Feature","geometry":{"type":"Point","coordinates":[-155.024,59.536]},"properties":{"name":"Iliamna Lake","kind":"lake","rating":5,"region":"Alaska"}},{"type":"Feature","geometry":{"type":"Point","coordinates":[-49.55,69.15]},"properties":{"name":"Ilulissat Icefjord","kind":"coast","rating":5,"region":"Greenland"}},{"type":"Feature","geometry":{"type":"Point","coordinates":[-2.4728,52.6264]},"properties":{"name":"Ironbridge Gorge","kind":"canyon","rating":5,"region":"UK"}},{"type":"Feature","geometry":{"type":"Point","coordinates":[-68.5667,-20.7333]},"properties":{"name":"Irruputuncu","kind":"volcano","rating":5,"region":"Chile"}},{"type":"Feature","geometry":{"type":"Point","coordinates":[-163.729,54.7686]},"properties":{"name":"Isanotski Peaks","kind":"volcano","rating":5,"region":"Alaska"}},{"type":"Feature","geometry":{"type":"Point","coordinates":[-94.6667,53.7833]},"properties":{"name":"Island Lake","kind":"lake","rating":5,"region":"Manitoba"}},{"type":"Feature","geometry":{"type":"Point","coordinates":[-68.8333,-19.15]},"properties":{"name":"Isluga","kind":"volcano","rating":5,"region":"Chile"}},{"type":"Feature","geometry":{"type":"Point","coordinates":[-54.45,-25.04]},"properties":{"name":"Itaipu Reservoir","kind":"lake","rating":5,"region":"Paraná"}},{"type":"Feature","geometry":{"type":"Point","coordinates":[-50.1167,69.9833]},"properties":{"name":"Jakobshavn Glacier","kind":"glacier","rating":5,"region":"Greenland"}},{"type":"Feature","geometry":{"type":"Point","coordinates":[-117.9,52.8]},"properties":{"name":"Jasper National Park","kind":"park","rating":5,"region":"Alberta"}},{"type":"Feature","geometry":{"type":"Point","coordinates":[-62.6172,-2.1703]},"properties":{"name":"Jaú National Park","kind":"park","rating":5,"region":"Amazonas"}},{"type":"Feature","geometry":{"type":"Point","coordinates":[78.9333,29.5333]},"properties":{"name":"Jim Corbett National Park","kind":"park","rating":5,"region":"Uttarakhand"}},{"type":"Feature","geometry":{"type":"Point","coordinates":[103.9,33.2]},"properties":{"name":"Jiuzhaigou Valley","kind":"park","rating":5,"region":"Sichuan"}},{"type":"Feature","geometry":{"type":"Point","coordinates":[28.7587,-2.3148]},"properties":{"name":"Kahuzi-Biéga National Park","kind":"park","rating":5,"region":"Democratic Republic of the Congo"}},{"type":"Feature","geometry":{"type":"Point","coordinates":[4.5644,10.4061]},"properties":{"name":"Kainji Lake","kind":"lake","rating":5,"region":"Nigeria"}},{"type":"Feature","geometry":{"type":"Point","coordinates":[56.35,58.1333]},"properties":{"name":"Kama Reservoir","kind":"lake","rating":5,"region":"Perm'"}},{"type":"Feature","geometry":{"type":"Point","coordinates":[156.8667,51.3]},"properties":{"name":"Kambalny","kind":"volcano","rating":5,"region":"Kamchatka"}},{"type":"Feature","geometry":{"type":"Point","coordinates":[-175.0167,-19.6667]},"properties":{"name":"Kao","kind":"volcano","rating":5,"region":""}},{"type":"Feature","geometry":{"type":"Point","coordinates":[39.829,37.7114]},"properties":{"name":"Karaca Dağ","kind":"volcano","rating":5,"region":"Turkey"}},{"type":"Feature","geometry":{"type":"Point","coordinates":[125.4075,2.7778]},"properties":{"name":"Karangetang","kind":"volcano","rating":5,"region":"Indonesia"}},{"type":"Feature","geometry":{"type":"Point","coordinates":[-102.0061,60.2833]},"properties":{"name":"Kasba Lake","kind":"lake","rating":5,"region":"Northwest Territories"}},{"type":"Feature","geometry":{"type":"Point","coordinates":[121.18,-8.82]},"properties":{"name":"Keli Ebulobo","kind":"volcano","rating":5,"region":"Indonesia"}},{"type":"Feature","geometry":{"type":"Point","coordinates":[124.7919,1.3581]},"properties":{"name":"Kentur Lokon","kind":"volcano","rating":5,"region":"Indonesia"}},{"type":"Feature","geometry":{"type":"Point","coordinates":[77.5167,27.1667]},"properties":{"name":"Kevladev National Park","kind":"park","rating":5,"region":"Rajasthan"}},{"type":"Feature","geometry":{"type":"Point","coordinates":[80.175,42.2108]},"properties":{"name":"Khan Tengri","kind":"peak","rating":5,"region":"Kyrgyzstan"}},{"type":"Feature","geometry":{"type":"Point","coordinates":[157.3667,54.75]},"properties":{"name":"Khangar","kind":"volcano","rating":5,"region":"Kamchatka"}},{"type":"Feature","geometry":{"type":"Point","coordinates":[88.3123,27.6563]},"properties":{"name":"Khangchendzonga National Park","kind":"park","rating":5,"region":"Sikkim"}},{"type":"Feature","geometry":{"type":"Point","coordinates":[132.4167,45.0167]},"properties":{"name":"Khanka","kind":"lake","rating":5,"region":"Primor'ye"}},{"type":"Feature","geometry":{"type":"Point","coordinates":[92.2695,48.0353]},"properties":{"name":"Khar-Us Lake","kind":"lake","rating":5,"region":"Mongolia"}},{"type":"Feature","geometry":{"type":"Point","coordinates":[157.703,52.063]},"properties":{"name":"Khodutka","kind":"volcano","rating":5,"region":"Kamchatka"}},{"type":"Feature","geometry":{"type":"Point","coordinates":[93.3478,49.1715]},"properties":{"name":"Khyargas Nuur","kind":"lake","rating":5,"region":"Mongolia"}},{"type":"Feature","geometry":{"type":"Point","coordinates":[-137.8292,60.4536]},"properties":{"name":"Kluane National Park and Reserve","kind":"park","rating":5,"region":"Yukon"}},{"type":"Feature","geometry":{"type":"Point","coordinates":[-174.1658,52.3817]},"properties":{"name":"Korovin Volcano","kind":"volcano","rating":5,"region":"Alaska"}},{"type":"Feature","geometry":{"type":"Point","coordinates":[160.2733,54.5933]},"properties":{"name":"Krasheninnikov","kind":"volcano","rating":5,"region":"Kamchatka"}},{"type":"Feature","geometry":{"type":"Point","coordinates":[32.6333,49.2667]},"properties":{"name":"Kremenchuk Reservoir","kind":"lake","rating":5,"region":"Ukraine"}},{"type":"Feature","geometry":{"type":"Point","coordinates":[15.9728,43.8019]},"properties":{"name":"Krka National Park","kind":"park","rating":5,"region":"Croatia"}},{"type":"Feature","geometry":{"type":"Point","coordinates":[-22.063,63.875]},"properties":{"name":"Krýsuvík","kind":"volcano","rating":5,"region":"Iceland"}},{"type":"Feature","geometry":{"type":"Point","coordinates":[131.2408,33.0822]},"properties":{"name":"Kuju Mountains","kind":"volcano","rating":5,"region":"Japan"}},{"type":"Feature","geometry":{"type":"Point","coordinates":[122.8333,-23.5]},"properties":{"name":"Kumpupintil Lake","kind":"lake","rating":5,"region":"Western Australia"}},{"type":"Feature","geometry":{"type":"Point","coordinates":[49.1667,53.45]},"properties":{"name":"Kuybyshev Reservoir","kind":"lake","rating":5,"region":"Samara"}},{"type":"Feature","geometry":{"type":"Point","coordinates":[-106.9342,37.7564]},"properties":{"name":"La Garita Caldera","kind":"volcano","rating":5,"region":"Colorado"}},{"type":"Feature","geometry":{"type":"Point","coordinates":[-72.8833,55.0833]},"properties":{"name":"Lac Bienville","kind":"lake","rating":5,"region":"Québec"}},{"type":"Feature","geometry":{"type":"Point","coordinates":[-91.4167,45.8833]},"properties":{"name":"Lac Courte Oreilles","kind":"lake","rating":5,"region":"Wisconsin"}},{"type":"Feature","geometry":{"type":"Point","coordinates":[-117.95,63.3167]},"properties":{"name":"Lac La Martre","kind":"lake","rating":5,"region":"Northwest Territories"}},{"type":"Feature","geometry":{"type":"Point","coordinates":[-92.4786,50.4028]},"properties":{"name":"Lac Seul","kind":"lake","rating":5,"region":"Ontario"}},{"type":"Feature","geometry":{"type":"Point","coordinates":[-104.75,55.1667]},"properties":{"name":"Lac la Ronge","kind":"lake","rating":5,"region":"Saskatchewan"}},{"type":"Feature","geometry":{"type":"Point","coordinates":[-68.6083,-54.3756]},"properties":{"name":"Lago Deseado","kind":"lake","rating":5,"region":"Argentina"}},{"type":"Feature","geometry":{"type":"Point","coordinates":[-49.5725,-4.3136]},"properties":{"name":"Lago Tucuruí","kind":"lake","rating":5,"region":"Pará"}},{"type":"Feature","geometry":{"type":"Point","coordinates":[-52.8333,-32.75]},"properties":{"name":"Lagoa Mirim","kind":"lake","rating":5,"region":"Rio Grande do Sul"}},{"type":"Feature","geometry":{"type":"Point","coordinates":[37.832,6.236]},"properties":{"name":"Lake Abaya","kind":"lake","rating":5,"region":"Ethiopia"}},{"type":"Feature","geometry":{"type":"Point","coordinates":[-109.45,59.2667]},"properties":{"name":"Lake Athabasca","kind":"lake","rating":5,"region":"Saskatchewan"}},{"type":"Feature","geometry":{"type":"Point","coordinates":[47.6661,40.0056]},"properties":{"name":"Lake Ağgöl","kind":"lake","rating":5,"region":"Azerbaijan"}},{"type":"Feature","geometry":{"type":"Point","coordinates":[29.75,-11.0833]},"properties":{"name":"Lake Bangweulu","kind":"lake","rating":5,"region":"Zambia"}},{"type":"Feature","geometry":{"type":"Point","coordinates":[119.5139,-29.1556]},"properties":{"name":"Lake Barlee","kind":"lake","rating":5,"region":"Western Australia"}},{"type":"Feature","geometry":{"type":"Point","coordinates":[136.08,35.255]},"properties":{"name":"Lake Biwa","kind":"lake","rating":5,"region":"Japan"}},{"type":"Feature","geometry":{"type":"Point","coordinates":[-73.33,44.53]},"properties":{"name":"Lake Champlain","kind":"lake","rating":5,"region":"Vermont"}},{"type":"Feature","geometry":{"type":"Point","coordinates":[77.6667,54.8333]},"properties":{"name":"Lake Chany","kind":"lake","rating":5,"region":"Novosibirsk"}},{"type":"Feature","geometry":{"type":"Point","coordinates":[-103.0,20.3333]},"properties":{"name":"Lake Chapala","kind":"lake","rating":5,"region":"Jalisco"}},{"type":"Feature","geometry":{"type":"Point","coordinates":[36.8517,4.6867]},"properties":{"name":"Lake Chew Bahir","kind":"lake","rating":5,"region":"Ethiopia"}},{"type":"Feature","geometry":{"type":"Point","coordinates":[35.7,-15.3]},"properties":{"name":"Lake Chilwa","kind":"lake","rating":5,"region":"Malawi"}},{"type":"Feature","geometry":{"type":"Point","coordinates":[-112.0667,58.5833]},"properties":{"name":"Lake Claire","kind":"lake","rating":5,"region":"Alberta"}},{"type":"Feature","geometry":{"type":"Point","coordinates":[121.881,-31.7912]},"properties":{"name":"Lake Cowan","kind":"lake","rating":5,"region":"Western Australia"}},{"type":"Feature","geometry":{"type":"Point","coordinates":[35.0833,-3.6667]},"properties":{"name":"Lake Eyasi","kind":"lake","rating":5,"region":"Tanzania"}},{"type":"Feature","geometry":{"type":"Point","coordinates":[139.8667,-30.6167]},"properties":{"name":"Lake Frome","kind":"lake","rating":5,"region":"South Australia"}},{"type":"Feature","geometry":{"type":"Point","coordinates":[136.0,-31.5667]},"properties":{"name":"Lake Gairdner","kind":"lake","rating":5,"region":"South Australia"}},{"type":"Feature","geometry":{"type":"Point","coordinates":[-71.715,-46.4375]},"properties":{"name":"Lake General Carrera/Buenos Aires","kind":"lake","rating":5,"region":"Argentina"}},{"type":"Feature","geometry":{"type":"Point","coordinates":[-89.5833,46.5]},"properties":{"name":"Lake Gogebic","kind":"lake","rating":5,"region":"Michigan"}},{"type":"Feature","geometry":{"type":"Point","coordinates":[47.0016,30.7724]},"properties":{"name":"Lake Hammar","kind":"lake","rating":5,"region":"Iraq"}},{"type":"Feature","geometry":{"type":"Point","coordinates":[-118.4272,35.6716]},"properties":{"name":"Lake Isabella","kind":"lake","rating":5,"region":"California"}},{"type":"Feature","geometry":{"type":"Point","coordinates":[28.0,-16.9]},"properties":{"name":"Lake Kariba","kind":"lake","rating":5,"region":"Zimbabwe"}},{"type":"Feature","geometry":{"type":"Point","coordinates":[33.0,1.5]},"properties":{"name":"Lake Kyoga","kind":"lake","rating":5,"region":"Uganda"}},{"type":"Feature","geometry":{"type":"Point","coordinates":[128.5833,-22.5]},"properties":{"name":"Lake Mackay","kind":"lake","rating":5,"region":"Western Australia"}},{"type":"Feature","geometry":{"type":"Point","coordinates":[18.33,-2.0]},"properties":{"name":"Lake Mai-Ndombe","kind":"lake","rating":5,"region":"Democratic Republic of the Congo"}},{"type":"Feature","geometry":{"type":"Point","coordinates":[34.8833,-14.0333]},"properties":{"name":"Lake Malawi National Park","kind":"park","rating":5,"region":"Malawi"}},{"type":"Feature","geometry":{"type":"Point","coordinates":[-86.4167,12.3333]},"properties":{"name":"Lake Managua","kind":"lake","rating":5,"region":"Nicaragua"}},{"type":"Feature","geometry":{"type":"Point","coordinates":[81.5,30.6667]},"properties":{"name":"Lake Manasarovar","kind":"lake","rating":5,"region":"Xizang"}},{"type":"Feature","geometry":{"type":"Point","coordinates":[-98.7619,50.9961]},"properties":{"name":"Lake Manitoba","kind":"lake","rating":5,"region":"Manitoba"}},{"type":"Feature","geometry":{"type":"Point","coordinates":[32.018,31.291]},"properties":{"name":"Lake Manzala","kind":"lake","rating":5,"region":"Egypt"}},{"type":"Feature","geometry":{"type":"Point","coordinates":[-59.7486,53.6822]},"properties":{"name":"Lake Melville","kind":"lake","rating":5,"region":"Newfoundland and Labrador"}},{"type":"Feature","geometry":{"type":"Point","coordinates":[-73.6167,51.0019]},"properties":{"name":"Lake Mistassini","kind":"lake","rating":5,"region":"Québec"}},{"type":"Feature","geometry":{"type":"Point","coordinates":[29.7667,-8.7]},"properties":{"name":"Lake Mweru Wantipa","kind":"lake","rating":5,"region":"Zambia"}},{"type":"Feature","geometry":{"type":"Point","coordinates":[35.2133,10.9244]},"properties":{"name":"Lake Nigat","kind":"lake","rating":5,"region":"Ethiopia"}},{"type":"Feature","geometry":{"type":"Point","coordinates":[-88.5,49.8333]},"properties":{"name":"Lake Nipigon","kind":"lake","rating":5,"region":"Ontario"}},{"type":"Feature","geometry":{"type":"Point","coordinates":[20.7167,41.0333]},"properties":{"name":"Lake Ohrid","kind":"lake","rating":5,"region":"North Macedonia"}},{"type":"Feature","geometry":{"type":"Point","coordinates":[-118.8796,46.2497]},"properties":{"name":"Lake Sacajawea","kind":"lake","rating":5,"region":"Washington"}},{"type":"Feature","geometry":{"type":"Point","coordinates":[-82.6757,42.4503]},"properties":{"name":"Lake Saint Clair","kind":"lake","rating":5,"region":"Ontario"}},{"type":"Feature","geometry":{"type":"Point","coordinates":[-72.03,48.5944]},"properties":{"name":"Lake St. John","kind":"lake","rating":5,"region":"Québec"}},{"type":"Feature","geometry":{"type":"Point","coordinates":[68.9,50.4397]},"properties":{"name":"Lake Tengiz","kind":"lake","rating":5,"region":"Kazakhstan"}},{"type":"Feature","geometry":{"type":"Point","coordinates":[43.1833,33.9667]},"properties":{"name":"Lake Tharthar","kind":"lake","rating":5,"region":"Iraq"}},{"type":"Feature","geometry":{"type":"Point","coordinates":[33.3333,38.8333]},"properties":{"name":"Lake Tuz","kind":"lake","rating":5,"region":"Turkey"}},{"type":"Feature","geometry":{"type":"Point","coordinates":[0.1947,7.4006]},"properties":{"name":"Lake Volta","kind":"lake","rating":5,"region":"Ghana"}},{"type":"Feature","geometry":{"type":"Point","coordinates":[-100.0,52.5]},"properties":{"name":"Lake Winnipegosis","kind":"lake","rating":5,"region":"Manitoba"}},{"type":"Feature","geometry":{"type":"Point","coordinates":[133.454,-17.8389]},"properties":{"name":"Lake Woods","kind":"lake","rating":5,"region":"Northern Territory"}},{"type":"Feature","geometry":{"type":"Point","coordinates":[84.0,48.0]},"properties":{"name":"Lake Zaysan","kind":"lake","rating":5,"region":"Kazakhstan"}},{"type":"Feature","geometry":{"type":"Point","coordinates":[128.733,-16.3167]},"properties":{"name":"Lakes Argyle and Kununurra Ramsar Site","kind":"lake","rating":5,"region":"Western Australia"}},{"type":"Feature","geometry":{"type":"Point","coordinates":[70.0,-71.0]},"properties":{"name":"Lambert Glacier","kind":"glacier","rating":5,"region":"Antarctica"}},{"type":"Feature","geometry":{"type":"Point","coordinates":[-90.6167,-68.8333]},"properties":{"name":"Lars Christensen Peak","kind":"volcano","rating":5,"region":"Antarctica"}},{"type":"Feature","geometry":{"type":"Point","coordinates":[-62.5,-67.5]},"properties":{"name":"Larsen Ice Shelf","kind":"glacier","rating":5,"region":"Antarctica"}},{"type":"Feature","geometry":{"type":"Point","coordinates":[-91.5433,-0.37]},"properties":{"name":"Las Cumbres","kind":"volcano","rating":5,"region":"Ecuador"}},{"type":"Feature","geometry":{"type":"Point","coordinates":[-67.7464,-23.3667]},"properties":{"name":"Lascar","kind":"volcano","rating":5,"region":"Chile"}},{"type":"Feature","geometry":{"type":"Point","coordinates":[-73.504,-49.019]},"properties":{"name":"Lautaro","kind":"volcano","rating":5,"region":"Chile"}},{"type":"Feature","geometry":{"type":"Point","coordinates":[-43.1333,-2.4833]},"properties":{"name":"Lençóis Maranhenses National Park","kind":"park","rating":5,"region":"Maranhão"}},{"type":"Feature","geometry":{"type":"Point","coordinates":[-115.4886,55.4406]},"properties":{"name":"Lesser Slave Lake","kind":"lake","rating":5,"region":"Alberta"}},{"type":"Feature","geometry":{"type":"Point","coordinates":[-147.583,-85.6333]},"properties":{"name":"Leverett Glacier","kind":"glacier","rating":5,"region":"Antarctica"}},{"type":"Feature","geometry":{"type":"Point","coordinates":[122.7667,-8.5333]},"properties":{"name":"Lewotobi","kind":"volcano","rating":5,"region":"Indonesia"}},{"type":"Feature","geometry":{"type":"Point","coordinates":[-67.9667,-22.15]},"properties":{"name":"Linzor","kind":"volcano","rating":5,"region":"Chile"}},{"type":"Feature","geometry":{"type":"Point","coordinates":[-71.5899,-38.3792]},"properties":{"name":"Lonquimay","kind":"volcano","rating":5,"region":"Chile"}},{"type":"Feature","geometry":{"type":"Point","coordinates":[168.5,-16.8333]},"properties":{"name":"Lopevi","kind":"volcano","rating":5,"region":"Vanuatu"}},{"type":"Feature","geometry":{"type":"Point","coordinates":[-77.15,7.8]},"properties":{"name":"Los Katíos National Park","kind":"park","rating":5,"region":"Colombia"}},{"type":"Feature","geometry":{"type":"Point","coordinates":[94.1833,38.3]},"properties":{"name":"Mahaiganyanhu","kind":"lake","rating":5,"region":"Qinghai"}},{"type":"Feature","geometry":{"type":"Point","coordinates":[127.3667,0.3333]},"properties":{"name":"Makian","kind":"volcano","rating":5,"region":"Indonesia"}},{"type":"Feature","geometry":{"type":"Point","coordinates":[-98.0319,19.2308]},"properties":{"name":"Malinche","kind":"volcano","rating":5,"region":"Tlaxcala"}},{"type":"Feature","geometry":{"type":"Point","coordinates":[-86.1011,37.1869]},"properties":{"name":"Mammoth Cave National Park","kind":"park","rating":5,"region":"Kentucky"}},{"type":"Feature","geometry":{"type":"Point","coordinates":[29.3333,-15.75]},"properties":{"name":"Mana Pools","kind":"park","rating":5,"region":"Zambia"}},{"type":"Feature","geometry":{"type":"Point","coordinates":[90.9333,26.7167]},"properties":{"name":"Manas National Park","kind":"park","rating":5,"region":"Assam"}},{"type":"Feature","geometry":{"type":"Point","coordinates":[21.5,8.5]},"properties":{"name":"Manovo-Gounda St. Floris National Park","kind":"park","rating":5,"region":"Central African Republic"}},{"type":"Feature","geometry":{"type":"Point","coordinates":[37.7369,-46.9061]},"properties":{"name":"Marion Island","kind":"volcano","rating":5,"region":"South Africa"}},{"type":"Feature","geometry":{"type":"Point","coordinates":[37.5,-46.7]},"properties":{"name":"Mascarin Peak","kind":"volcano","rating":5,"region":"South Africa"}},{"type":"Feature","geometry":{"type":"Point","coordinates":[-147.581,61.6558]},"properties":{"name":"Matanuska Glacier","kind":"glacier","rating":5,"region":"Alaska"}},{"type":"Feature","geometry":{"type":"Point","coordinates":[167.0,-78.0]},"properties":{"name":"McMurdo Ice Shelf","kind":"glacier","rating":5,"region":"Antarctica"}},{"type":"Feature","geometry":{"type":"Point","coordinates":[36.0667,-0.2]},"properties":{"name":"Menengai","kind":"volcano","rating":5,"region":"Kenya"}},{"type":"Feature","geometry":{"type":"Point","coordinates":[-73.0758,-44.6967]},"properties":{"name":"Mentolat","kind":"volcano","rating":5,"region":"Chile"}},{"type":"Feature","geometry":{"type":"Point","coordinates":[168.0383,-14.4639]},"properties":{"name":"Merelava","kind":"volcano","rating":5,"region":"Vanuatu"}},{"type":"Feature","geometry":{"type":"Point","coordinates":[-72.4458,-42.7992]},"properties":{"name":"Michinmahuida","kind":"volcano","rating":5,"region":"Chile"}},{"type":"Feature","geometry":{"type":"Point","coordinates":[-83.0,-79.0]},"properties":{"name":"Minnesota Glacier","kind":"glacier","rating":5,"region":"Antarctica"}},{"type":"Feature","geometry":{"type":"Point","coordinates":[-67.7667,-23.8167]},"properties":{"name":"Miñiques Volcano","kind":"volcano","rating":5,"region":"Chile"}},{"type":"Feature","geometry":{"type":"Point","coordinates":[69.5,-49.6]},"properties":{"name":"Mont Ross","kind":"volcano","rating":5,"region":"French Southern and Antarctic Lands"}},{"type":"Feature","geometry":{"type":"Point","coordinates":[-73.3708,-52.3272]},"properties":{"name":"Monte Burney","kind":"volcano","rating":5,"region":"Chile"}},{"type":"Feature","geometry":{"type":"Point","coordinates":[-5.2431,36.7539]},"properties":{"name":"Montejaque reservoir","kind":"lake","rating":5,"region":"Spain"}},{"type":"Feature","geometry":{"type":"Point","coordinates":[-73.588,45.509]},"properties":{"name":"Montréal","kind":"city","rating":5,"region":"Québec"}},{"type":"Feature","geometry":{"type":"Point","coordinates":[-61.3972,15.5033]},"properties":{"name":"Morne Diablotins","kind":"volcano","rating":5,"region":"Dominica"}},{"type":"Feature","geometry":{"type":"Point","coordinates":[-61.305,15.307]},"properties":{"name":"Morne Watt","kind":"volcano","rating":5,"region":"Dominica"}},{"type":"Feature","geometry":{"type":"Point","coordinates":[140.2833,37.6333]},"properties":{"name":"Mount Adatara","kind":"volcano","rating":5,"region":"Japan"}},{"type":"Feature","geometry":{"type":"Point","coordinates":[139.1936,36.5608]},"properties":{"name":"Mount Akagi","kind":"volcano","rating":5,"region":"Japan"}},{"type":"Feature","geometry":{"type":"Point","coordinates":[-165.9856,54.1331]},"properties":{"name":"Mount Akutan","kind":"volcano","rating":5,"region":"Alaska"}},{"type":"Feature","geometry":{"type":"Point","coordinates":[40.5719,12.8881]},"properties":{"name":"Mount Alayta","kind":"volcano","rating":5,"region":"Ethiopia"}},{"type":"Feature","geometry":{"type":"Point","coordinates":[139.0017,34.8628]},"properties":{"name":"Mount Amagi","kind":"volcano","rating":5,"region":"Japan"}},{"type":"Feature","geometry":{"type":"Point","coordinates":[-158.1489,56.9072]},"properties":{"name":"Mount Aniakchak","kind":"volcano","rating":5,"region":"Alaska"}},{"type":"Feature","geometry":{"type":"Point","coordinates":[120.742,15.2]},"properties":{"name":"Mount Arayat","kind":"volcano","rating":5,"region":"Philippines"}},{"type":"Feature","geometry":{"type":"Point","coordinates":[125.4539,3.6813]},"properties":{"name":"Mount Awu","kind":"volcano","rating":5,"region":"Indonesia"}},{"type":"Feature","geometry":{"type":"Point","coordinates":[40.7017,10.0822]},"properties":{"name":"Mount Ayalu","kind":"volcano","rating":5,"region":"Ethiopia"}},{"type":"Feature","geometry":{"type":"Point","coordinates":[-121.6883,43.9792]},"properties":{"name":"Mount Bachelor","kind":"volcano","rating":5,"region":"Oregon"}},{"type":"Feature","geometry":{"type":"Point","coordinates":[-26.3333,-58.4333]},"properties":{"name":"Mount Belinda","kind":"volcano","rating":5,"region":"South Georgia and the Islands"}},{"type":"Feature","geometry":{"type":"Point","coordinates":[35.7856,33.1281]},"properties":{"name":"Mount Bental","kind":"volcano","rating":5,"region":"Israel"}},{"type":"Feature","geometry":{"type":"Point","coordinates":[103.6714,-4.4372]},"properties":{"name":"Mount Besar","kind":"volcano","rating":5,"region":"Indonesia"}},{"type":"Feature","geometry":{"type":"Point","coordinates":[142.8267,-6.6142]},"properties":{"name":"Mount Bosavi","kind":"volcano","rating":5,"region":"Papua New Guinea"}},{"type":"Feature","geometry":{"type":"Point","coordinates":[140.0489,39.0992]},"properties":{"name":"Mount Chōkai","kind":"volcano","rating":5,"region":"Japan"}},{"type":"Feature","geometry":{"type":"Point","coordinates":[-153.533,58.86]},"properties":{"name":"Mount Douglas","kind":"volcano","rating":5,"region":"Alaska"}},{"type":"Feature","geometry":{"type":"Point","coordinates":[122.45,-8.6667]},"properties":{"name":"Mount Egon","kind":"volcano","rating":5,"region":"Indonesia"}},{"type":"Feature","geometry":{"type":"Point","coordinates":[141.2856,42.7933]},"properties":{"name":"Mount Eniwa","kind":"volcano","rating":5,"region":"Japan"}},{"type":"Feature","geometry":{"type":"Point","coordinates":[39.9333,8.9667]},"properties":{"name":"Mount Fentale","kind":"volcano","rating":5,"region":"Ethiopia"}},{"type":"Feature","geometry":{"type":"Point","coordinates":[127.53,1.38]},"properties":{"name":"Mount Gamkonora","kind":"volcano","rating":5,"region":"Indonesia"}},{"type":"Feature","geometry":{"type":"Point","coordinates":[140.0269,38.5456]},"properties":{"name":"Mount Gassan","kind":"volcano","rating":5,"region":"Japan"}},{"type":"Feature","geometry":{"type":"Point","coordinates":[106.9817,-6.7883]},"properties":{"name":"Mount Gede","kind":"volcano","rating":5,"region":"Indonesia"}},{"type":"Feature","geometry":{"type":"Point","coordinates":[35.85,33.4]},"properties":{"name":"Mount Hermon","kind":"peak","rating":5,"region":"Syria"}},{"type":"Feature","geometry":{"type":"Point","coordinates":[124.6681,9.2006]},"properties":{"name":"Mount Hibok-Hibok","kind":"volcano","rating":5,"region":"Philippines"}},{"type":"Feature","geometry":{"type":"Point","coordinates":[140.6772,42.0633]},"properties":{"name":"Mount Hokkaido Koma","kind":"volcano","rating":5,"region":"Japan"}},{"type":"Feature","geometry":{"type":"Point","coordinates":[-72.95,-45.92]},"properties":{"name":"Mount Hudson","kind":"volcano","rating":5,"region":"Chile"}},{"type":"Feature","geometry":{"type":"Point","coordinates":[122.0117,20.4664]},"properties":{"name":"Mount Iraya","kind":"volcano","rating":5,"region":"Philippines"}},{"type":"Feature","geometry":{"type":"Point","coordinates":[123.3733,13.6592]},"properties":{"name":"Mount Isarog","kind":"volcano","rating":5,"region":"Philippines"}},{"type":"Feature","geometry":{"type":"Point","coordinates":[140.3067,40.6533]},"properties":{"name":"Mount Iwaki","kind":"volcano","rating":5,"region":"Japan"}},{"type":"Feature","geometry":{"type":"Point","coordinates":[124.8025,7.955]},"properties":{"name":"Mount Kalatungan","kind":"volcano","rating":5,"region":"Philippines"}},{"type":"Feature","geometry":{"type":"Point","coordinates":[-177.1681,51.9233]},"properties":{"name":"Mount Kanaga","kind":"volcano","rating":5,"region":"Alaska"}},{"type":"Feature","geometry":{"type":"Point","coordinates":[112.45,-7.92]},"properties":{"name":"Mount Kawi","kind":"volcano","rating":5,"region":"Indonesia"}},{"type":"Feature","geometry":{"type":"Point","coordinates":[125.0308,1.4533]},"properties":{"name":"Mount Klabat","kind":"volcano","rating":5,"region":"Indonesia"}},{"type":"Feature","geometry":{"type":"Point","coordinates":[9.707,4.801]},"properties":{"name":"Mount Kupe","kind":"volcano","rating":5,"region":"Cameroon"}},{"type":"Feature","geometry":{"type":"Point","coordinates":[138.5283,36.6453]},"properties":{"name":"Mount Kusatsu-Shirane","kind":"volcano","rating":5,"region":"Japan"}},{"type":"Feature","geometry":{"type":"Point","coordinates":[-62.8,17.3667]},"properties":{"name":"Mount Liamuiga","kind":"volcano","rating":5,"region":"Saint Kitts and Nevis"}},{"type":"Feature","geometry":{"type":"Point","coordinates":[121.2,14.13]},"properties":{"name":"Mount Makiling","kind":"volcano","rating":5,"region":"Philippines"}},{"type":"Feature","geometry":{"type":"Point","coordinates":[9.83,5.03]},"properties":{"name":"Mount Manengouba","kind":"volcano","rating":5,"region":"Cameroon"}},{"type":"Feature","geometry":{"type":"Point","coordinates":[125.1083,6.4333]},"properties":{"name":"Mount Matutum","kind":"volcano","rating":5,"region":"Philippines"}},{"type":"Feature","geometry":{"type":"Point","coordinates":[144.0089,43.3861]},"properties":{"name":"Mount Meakan","kind":"volcano","rating":5,"region":"Japan"}},{"type":"Feature","geometry":{"type":"Point","coordinates":[139.4939,36.7619]},"properties":{"name":"Mount Nantai","kind":"volcano","rating":5,"region":"Japan"}},{"type":"Feature","geometry":{"type":"Point","coordinates":[-168.13,53.43]},"properties":{"name":"Mount Okmok","kind":"volcano","rating":5,"region":"Alaska"}},{"type":"Feature","geometry":{"type":"Point","coordinates":[22.6167,38.533]},"properties":{"name":"Mount Parnassus","kind":"peak","rating":5,"region":"Greece"}},{"type":"Feature","geometry":{"type":"Point","coordinates":[124.5075,7.6944]},"properties":{"name":"Mount Ragang","kind":"volcano","rating":5,"region":"Philippines"}},{"type":"Feature","geometry":{"type":"Point","coordinates":[145.1225,44.0758]},"properties":{"name":"Mount Rausu","kind":"volcano","rating":5,"region":"Japan"}},{"type":"Feature","geometry":{"type":"Point","coordinates":[141.2419,45.1786]},"properties":{"name":"Mount Rishiri","kind":"volcano","rating":5,"region":"Japan"}},{"type":"Feature","geometry":{"type":"Point","coordinates":[106.7336,-6.7158]},"properties":{"name":"Mount Salak","kind":"volcano","rating":5,"region":"Indonesia"}},{"type":"Feature","geometry":{"type":"Point","coordinates":[144.7181,43.7656]},"properties":{"name":"Mount Shari","kind":"volcano","rating":5,"region":"Japan"}},{"type":"Feature","geometry":{"type":"Point","coordinates":[98.5056,3.2392]},"properties":{"name":"Mount Sibayak","kind":"volcano","rating":5,"region":"Indonesia"}},{"type":"Feature","geometry":{"type":"Point","coordinates":[109.9967,-7.3011]},"properties":{"name":"Mount Sindoro","kind":"volcano","rating":5,"region":"Indonesia"}},{"type":"Feature","geometry":{"type":"Point","coordinates":[-152.2514,61.2997]},"properties":{"name":"Mount Spurr","kind":"volcano","rating":5,"region":"Alaska"}},{"type":"Feature","geometry":{"type":"Point","coordinates":[36.3335,-1.0495]},"properties":{"name":"Mount Suswa","kind":"volcano","rating":5,"region":"Kenya"}},{"type":"Feature","geometry":{"type":"Point","coordinates":[117.1,36.2667]},"properties":{"name":"Mount Tai","kind":"peak","rating":5,"region":"Shandong"}},{"type":"Feature","geometry":{"type":"Point","coordinates":[99.9833,0.0792]},"properties":{"name":"Mount Talamau","kind":"volcano","rating":5,"region":"Indonesia"}},{"type":"Feature","geometry":{"type":"Point","coordinates":[100.6925,-0.986]},"properties":{"name":"Mount Talang","kind":"volcano","rating":5,"region":"Indonesia"}},{"type":"Feature","geometry":{"type":"Point","coordinates":[141.3781,42.69]},"properties":{"name":"Mount Tarumae","kind":"volcano","rating":5,"region":"Japan"}},{"type":"Feature","geometry":{"type":"Point","coordinates":[43.867,39.3549]},"properties":{"name":"Mount Tendürek","kind":"volcano","rating":5,"region":"Turkey"}},{"type":"Feature","geometry":{"type":"Point","coordinates":[142.6862,43.4178]},"properties":{"name":"Mount Tokachi","kind":"volcano","rating":5,"region":"Japan"}},{"type":"Feature","geometry":{"type":"Point","coordinates":[111.758,-7.808]},"properties":{"name":"Mount Wilis","kind":"volcano","rating":5,"region":"Indonesia"}},{"type":"Feature","geometry":{"type":"Point","coordinates":[106.05,-6.2692]},"properties":{"name":"Mountain Karang","kind":"volcano","rating":5,"region":"Indonesia"}},{"type":"Feature","geometry":{"type":"Point","coordinates":[107.4,-7.1603]},"properties":{"name":"Mountain Patuha","kind":"volcano","rating":5,"region":"Indonesia"}},{"type":"Feature","geometry":{"type":"Point","coordinates":[107.95,-6.77]},"properties":{"name":"Mountain Tampomas","kind":"volcano","rating":5,"region":"Indonesia"}},{"type":"Feature","geometry":{"type":"Point","coordinates":[158.195,52.453]},"properties":{"name":"Mutnovsky","kind":"volcano","rating":5,"region":"Kamchatka"}},{"type":"Feature","geometry":{"type":"Point","coordinates":[-125.852,61.5971]},"properties":{"name":"Nahanni National Park Reserve","kind":"park","rating":5,"region":"Northwest Territories"}},{"type":"Feature","geometry":{"type":"Point","coordinates":[36.8589,-1.3733]},"properties":{"name":"Nairobi National Park","kind":"park","rating":5,"region":"Kenya"}},{"type":"Feature","geometry":{"type":"Point","coordinates":[90.4681,30.7208]},"properties":{"name":"Namtso","kind":"lake","rating":5,"region":"Xizang"}},{"type":"Feature","geometry":{"type":"Point","coordinates":[-70.3333,66.4833]},"properties":{"name":"Nettilling Lake","kind":"lake","rating":5,"region":"Nunavut"}},{"type":"Feature","geometry":{"type":"Point","coordinates":[16.75,47.8333]},"properties":{"name":"Neusiedl Lake","kind":"lake","rating":5,"region":"Austria"}},{"type":"Feature","geometry":{"type":"Point","coordinates":[-75.3883,4.7156]},"properties":{"name":"Nevado del Quindío","kind":"glacier","rating":5,"region":"Colombia"}},{"type":"Feature","geometry":{"type":"Point","coordinates":[52.75,55.8833]},"properties":{"name":"Nizhnekamsk Reservoir","kind":"lake","rating":5,"region":"Tatarstan"}},{"type":"Feature","geometry":{"type":"Point","coordinates":[-60.8467,-14.2303]},"properties":{"name":"Noel Kempff Mercado National Park","kind":"park","rating":5,"region":"Bolivia"}},{"type":"Feature","geometry":{"type":"Point","coordinates":[-73.5,-47.0]},"properties":{"name":"Northern Patagonian Ice Field","kind":"glacier","rating":5,"region":"Chile"}},{"type":"Feature","geometry":{"type":"Point","coordinates":[82.8928,54.7569]},"properties":{"name":"Novosibirsk Reservoir","kind":"lake","rating":5,"region":"Novosibirsk"}},{"type":"Feature","geometry":{"type":"Point","coordinates":[-99.8339,59.9993]},"properties":{"name":"Nueltin Lake","kind":"lake","rating":5,"region":"Manitoba"}},{"type":"Feature","geometry":{"type":"Point","coordinates":[6.9314,60.9436]},"properties":{"name":"Nærøyfjord","kind":"coast","rating":5,"region":"Norway"}},{"type":"Feature","geometry":{"type":"Point","coordinates":[-72.6,-48.8333]},"properties":{"name":"O'Higgins/San Martín Lake","kind":"lake","rating":5,"region":"Argentina"}},{"type":"Feature","geometry":{"type":"Point","coordinates":[-68.1792,-21.3025]},"properties":{"name":"Ollagüe","kind":"volcano","rating":5,"region":"Bolivia"}},{"type":"Feature","geometry":{"type":"Point","coordinates":[-76.3317,52.6494]},"properties":{"name":"Opinaca Reservoir","kind":"lake","rating":5,"region":"Québec"}},{"type":"Feature","geometry":{"type":"Point","coordinates":[12.0,36.7833]},"properties":{"name":"Pantelleria Island","kind":"volcano","rating":5,"region":"Italy"}},{"type":"Feature","geometry":{"type":"Point","coordinates":[-115.147,36.097]},"properties":{"name":"Paradise","kind":"city","rating":5,"region":"Nevada"}},{"type":"Feature","geometry":{"type":"Point","coordinates":[2.277,48.864]},"properties":{"name":"Paris 16 Passy","kind":"city","rating":5,"region":"France"}},{"type":"Feature","geometry":{"type":"Point","coordinates":[-69.2,-36.42]},"properties":{"name":"Payun Matru","kind":"volcano","rating":5,"region":"Argentina"}},{"type":"Feature","geometry":{"type":"Point","coordinates":[-109.806,35.0881]},"properties":{"name":"Petrified Forest National Park","kind":"park","rating":5,"region":"Arizona"}},{"type":"Feature","geometry":{"type":"Point","coordinates":[-75.164,39.952]},"properties":{"name":"Philadelphia","kind":"city","rating":5,"region":"Pennsylvania"}},{"type":"Feature","geometry":{"type":"Point","coordinates":[-100.0,-75.1667]},"properties":{"name":"Pine Island Glacier","kind":"glacier","rating":5,"region":"Antarctica"}},{"type":"Feature","geometry":{"type":"Point","coordinates":[45.78,40.02]},"properties":{"name":"Porak","kind":"volcano","rating":5,"region":"Armenia"}},{"type":"Feature","geometry":{"type":"Point","coordinates":[87.92,49.14]},"properties":{"name":"Potanin Glacier","kind":"glacier","rating":5,"region":"Mongolia"}},{"type":"Feature","geometry":{"type":"Point","coordinates":[118.9167,10.1667]},"properties":{"name":"Puerto Princesa Subterranean River National Park","kind":"park","rating":5,"region":"Philippines"}},{"type":"Feature","geometry":{"type":"Point","coordinates":[-76.3942,2.3142]},"properties":{"name":"Puracé","kind":"volcano","rating":5,"region":"Colombia"}},{"type":"Feature","geometry":{"type":"Point","coordinates":[128.5461,-17.4488]},"properties":{"name":"Purnululu National Park","kind":"park","rating":5,"region":"Western Australia"}},{"type":"Feature","geometry":{"type":"Point","coordinates":[25.3791,61.5081]},"properties":{"name":"Päijänne","kind":"lake","rating":5,"region":"Finland"}},{"type":"Feature","geometry":{"type":"Point","coordinates":[95.1636,37.0195]},"properties":{"name":"Qarhan Playa","kind":"lake","rating":5,"region":"Qinghai"}},{"type":"Feature","geometry":{"type":"Point","coordinates":[-65.3489,-23.1999]},"properties":{"name":"Quebrada de Humahuaca","kind":"canyon","rating":5,"region":"Argentina"}},{"type":"Feature","geometry":{"type":"Point","coordinates":[-95.029,48.0735]},"properties":{"name":"Red Lake","kind":"lake","rating":5,"region":"Minnesota"}},{"type":"Feature","geometry":{"type":"Point","coordinates":[-102.2503,57.25]},"properties":{"name":"Reindeer Lake","kind":"lake","rating":5,"region":"Saskatchewan"}},{"type":"Feature","geometry":{"type":"Point","coordinates":[-77.6561,-0.0769]},"properties":{"name":"Reventador","kind":"volcano","rating":5,"region":"Ecuador"}},{"type":"Feature","geometry":{"type":"Point","coordinates":[-16.0,-72.6667]},"properties":{"name":"Riiser-Larsen Ice Shelf","kind":"glacier","rating":5,"region":"Antarctica"}},{"type":"Feature","geometry":{"type":"Point","coordinates":[-85.3239,10.83]},"properties":{"name":"Rincón de la Vieja Volcano","kind":"volcano","rating":5,"region":"Costa Rica"}},{"type":"Feature","geometry":{"type":"Point","coordinates":[-77.0,53.75]},"properties":{"name":"Robert-Bourassa Reservoir","kind":"lake","rating":5,"region":"Québec"}},{"type":"Feature","geometry":{"type":"Point","coordinates":[134.3525,7.2469]},"properties":{"name":"Rock Islands Southern Lagoon","kind":"lake","rating":5,"region":"Palau"}},{"type":"Feature","geometry":{"type":"Point","coordinates":[-105.6833,40.35]},"properties":{"name":"Rocky Mountain National Park","kind":"park","rating":5,"region":"Colorado"}},{"type":"Feature","geometry":{"type":"Point","coordinates":[32.35,-8.0]},"properties":{"name":"Rukwa Lake","kind":"lake","rating":5,"region":"Tanzania"}},{"type":"Feature","geometry":{"type":"Point","coordinates":[38.4333,58.3667]},"properties":{"name":"Rybinsk Reservoir","kind":"lake","rating":5,"region":"Yaroslavl'"}},{"type":"Feature","geometry":{"type":"Point","coordinates":[-75.5008,53.7675]},"properties":{"name":"Réservoir La Grande 3","kind":"lake","rating":5,"region":"Québec"}},{"type":"Feature","geometry":{"type":"Point","coordinates":[-72.1394,54.3511]},"properties":{"name":"Réservoir Laforge 1","kind":"lake","rating":5,"region":"Québec"}},{"type":"Feature","geometry":{"type":"Point","coordinates":[-67.8906,-22.7189]},"properties":{"name":"Sairecabur","kind":"volcano","rating":5,"region":"Chile"}},{"type":"Feature","geometry":{"type":"Point","coordinates":[-68.15,-19.4333]},"properties":{"name":"Salar de Coipasa","kind":"lake","rating":5,"region":"Bolivia"}},{"type":"Feature","geometry":{"type":"Point","coordinates":[21.0,-2.0]},"properties":{"name":"Salonga National Park","kind":"park","rating":5,"region":"Democratic Republic of the Congo"}},{"type":"Feature","geometry":{"type":"Point","coordinates":[23.9614,35.2711]},"properties":{"name":"Samariá Gorge National Park","kind":"canyon","rating":5,"region":"Greece"}},{"type":"Feature","geometry":{"type":"Point","coordinates":[8.5131,3.3561]},"properties":{"name":"San Carlos","kind":"volcano","rating":5,"region":"Equatorial Guinea"}},{"type":"Feature","geometry":{"type":"Point","coordinates":[-69.8972,-33.7817]},"properties":{"name":"San José","kind":"volcano","rating":5,"region":"Chile"}},{"type":"Feature","geometry":{"type":"Point","coordinates":[119.05,-8.18]},"properties":{"name":"Sangeang Api","kind":"volcano","rating":5,"region":"Indonesia"}},{"type":"Feature","geometry":{"type":"Point","coordinates":[47.7553,52.0514]},"properties":{"name":"Saratov Reservoir","kind":"lake","rating":5,"region":"Saratov"}},{"type":"Feature","geometry":{"type":"Point","coordinates":[99.539,0.686]},"properties":{"name":"Sarik Merapi","kind":"volcano","rating":5,"region":"Indonesia"}},{"type":"Feature","geometry":{"type":"Point","coordinates":[153.2014,48.0906]},"properties":{"name":"Sarychev Peak","kind":"volcano","rating":5,"region":"Sakhalin"}},{"type":"Feature","geometry":{"type":"Point","coordinates":[57.3333,42.0]},"properties":{"name":"Sarygamysh Lake","kind":"lake","rating":5,"region":"Turkmenistan"}},{"type":"Feature","geometry":{"type":"Point","coordinates":[9.83,54.59]},"properties":{"name":"Schlei","kind":"coast","rating":5,"region":"Germany"}},{"type":"Feature","geometry":{"type":"Point","coordinates":[-25.0,70.5]},"properties":{"name":"Scoresby Sound","kind":"coast","rating":5,"region":"Greenland"}},{"type":"Feature","geometry":{"type":"Point","coordinates":[-118.7728,36.5647]},"properties":{"name":"Sequoia National Park","kind":"park","rating":5,"region":"California"}},{"type":"Feature","geometry":{"type":"Point","coordinates":[-42.55,-8.6667]},"properties":{"name":"Serra da Capivara National Park","kind":"park","rating":5,"region":"Piauí"}},{"type":"Feature","geometry":{"type":"Point","coordinates":[-176.3333,-84.5833]},"properties":{"name":"Shackleton Glacier","kind":"glacier","rating":5,"region":"Antarctica"}},{"type":"Feature","geometry":{"type":"Point","coordinates":[100.0,-66.0]},"properties":{"name":"Shackleton Ice Shelf","kind":"glacier","rating":5,"region":"Antarctica"}},{"type":"Feature","geometry":{"type":"Point","coordinates":[63.1764,48.0755]},"properties":{"name":"Shalkarteniz","kind":"lake","rating":5,"region":"Kazakhstan"}},{"type":"Feature","geometry":{"type":"Point","coordinates":[7.8438,34.117]},"properties":{"name":"Shatt al Gharsah","kind":"lake","rating":5,"region":"Tunisia"}},{"type":"Feature","geometry":{"type":"Point","coordinates":[-91.17,-0.83]},"properties":{"name":"Sierra Negra","kind":"volcano","rating":5,"region":"Ecuador"}},{"type":"Feature","geometry":{"type":"Point","coordinates":[89.0,31.8333]},"properties":{"name":"Siling Lake","kind":"lake","rating":5,"region":"Xizang"}},{"type":"Feature","geometry":{"type":"Point","coordinates":[38.0667,13.1833]},"properties":{"name":"Simien Mountains National Park","kind":"park","rating":5,"region":"Ethiopia"}},{"type":"Feature","geometry":{"type":"Point","coordinates":[100.3311,-0.3914]},"properties":{"name":"Singgalang","kind":"volcano","rating":5,"region":"Indonesia"}},{"type":"Feature","geometry":{"type":"Point","coordinates":[161.642,-78.6935]},"properties":{"name":"Skelton Glacier","kind":"glacier","rating":5,"region":"Antarctica"}},{"type":"Feature","geometry":{"type":"Point","coordinates":[-64.0111,54.0964]},"properties":{"name":"Smallwood Reservoir","kind":"lake","rating":5,"region":"Newfoundland and Labrador"}},{"type":"Feature","geometry":{"type":"Point","coordinates":[-41.5042,-9.6722]},"properties":{"name":"Sobradinho Reservoir","kind":"lake","rating":5,"region":"Bahia"}},{"type":"Feature","geometry":{"type":"Point","coordinates":[5.1667,61.1]},"properties":{"name":"Sognefjord","kind":"coast","rating":5,"region":"Norway"}},{"type":"Feature","geometry":{"type":"Point","coordinates":[-3.6667,54.75]},"properties":{"name":"Solway Firth","kind":"coast","rating":5,"region":"UK"}},{"type":"Feature","geometry":{"type":"Point","coordinates":[100.4667,7.2]},"properties":{"name":"Songkhla Lake","kind":"lake","rating":5,"region":"Thailand"}},{"type":"Feature","geometry":{"type":"Point","coordinates":[-76.5919,2.1081]},"properties":{"name":"Sotará","kind":"volcano","rating":5,"region":"Colombia"}},{"type":"Feature","geometry":{"type":"Point","coordinates":[-98.8167,57.1333]},"properties":{"name":"Southern Indian Lake","kind":"lake","rating":5,"region":"Manitoba"}},{"type":"Feature","geometry":{"type":"Point","coordinates":[-73.2706,-49.494]},"properties":{"name":"Southern Patagonian Ice Field","kind":"glacier","rating":5,"region":"Argentina"}},{"type":"Feature","geometry":{"type":"Point","coordinates":[89.2667,-77.9667]},"properties":{"name":"Sovetskaya","kind":"lake","rating":5,"region":"Antarctica"}},{"type":"Feature","geometry":{"type":"Point","coordinates":[-77.6266,-0.5404]},"properties":{"name":"Sumaco","kind":"volcano","rating":5,"region":"Ecuador"}},{"type":"Feature","geometry":{"type":"Point","coordinates":[88.75,21.75]},"properties":{"name":"Sundarbans National Park","kind":"park","rating":5,"region":"West Bengal"}},{"type":"Feature","geometry":{"type":"Point","coordinates":[14.0,66.6333]},"properties":{"name":"Svartisen","kind":"glacier","rating":5,"region":"Norway"}},{"type":"Feature","geometry":{"type":"Point","coordinates":[10.095,46.7]},"properties":{"name":"Swiss National Park","kind":"park","rating":5,"region":"Switzerland"}},{"type":"Feature","geometry":{"type":"Point","coordinates":[34.3333,46.0833]},"properties":{"name":"Syvash Bay","kind":"lake","rating":5,"region":"Ukraine"}},{"type":"Feature","geometry":{"type":"Point","coordinates":[-69.5075,-18.1128]},"properties":{"name":"Taapaca","kind":"volcano","rating":5,"region":"Chile"}},{"type":"Feature","geometry":{"type":"Point","coordinates":[-69.7667,-17.7167]},"properties":{"name":"Tacora","kind":"volcano","rating":5,"region":"Chile"}},{"type":"Feature","geometry":{"type":"Point","coordinates":[-178.1414,51.8839]},"properties":{"name":"Tanaga","kind":"volcano","rating":5,"region":"Alaska"}},{"type":"Feature","geometry":{"type":"Point","coordinates":[114.2747,35.9047]},"properties":{"name":"Tanghe Shuiku","kind":"lake","rating":5,"region":"Henan"}},{"type":"Feature","geometry":{"type":"Point","coordinates":[16.4736,21.0408]},"properties":{"name":"Tarso Toussidé","kind":"volcano","rating":5,"region":"Chad"}},{"type":"Feature","geometry":{"type":"Point","coordinates":[19.9194,49.1803]},"properties":{"name":"Tatra National Park","kind":"park","rating":5,"region":"Slovakia"}},{"type":"Feature","geometry":{"type":"Point","coordinates":[159.8,54.5333]},"properties":{"name":"Taunshits","kind":"volcano","rating":5,"region":"Kamchatka"}},{"type":"Feature","geometry":{"type":"Point","coordinates":[101.6333,74.5333]},"properties":{"name":"Taymyr","kind":"lake","rating":5,"region":"Krasnoyarsk"}},{"type":"Feature","geometry":{"type":"Point","coordinates":[-7.12,5.75]},"properties":{"name":"Taï National Park","kind":"park","rating":5,"region":"Côte d'Ivoire"}},{"type":"Feature","geometry":{"type":"Point","coordinates":[-90.4069,14.1561]},"properties":{"name":"Tecuamburro","kind":"volcano","rating":5,"region":"Guatemala"}},{"type":"Feature","geometry":{"type":"Point","coordinates":[-86.845,12.6019]},"properties":{"name":"Telica","kind":"volcano","rating":5,"region":"Nicaragua"}},{"type":"Feature","geometry":{"type":"Point","coordinates":[109.782,31.044]},"properties":{"name":"Three Gorges Reservoir Region","kind":"lake","rating":5,"region":"Chongqing"}},{"type":"Feature","geometry":{"type":"Point","coordinates":[-70.3503,-34.8182]},"properties":{"name":"Tinguiririca Volcano","kind":"volcano","rating":5,"region":"Chile"}},{"type":"Feature","geometry":{"type":"Point","coordinates":[175.5833,-39.2]},"properties":{"name":"Tongariro National Park","kind":"park","rating":5,"region":"New Zealand"}},{"type":"Feature","geometry":{"type":"Point","coordinates":[-72.9664,-50.9831]},"properties":{"name":"Torres del Paine National Park","kind":"park","rating":5,"region":"Chile"}},{"type":"Feature","geometry":{"type":"Point","coordinates":[-112.591,27.4697]},"properties":{"name":"Tres Vírgenes","kind":"volcano","rating":5,"region":"Baja California Sur"}},{"type":"Feature","geometry":{"type":"Point","coordinates":[-70.03,-37.142]},"properties":{"name":"Tromen","kind":"volcano","rating":5,"region":"Argentina"}},{"type":"Feature","geometry":{"type":"Point","coordinates":[10.4667,63.5]},"properties":{"name":"Trondheimsfjord","kind":"coast","rating":5,"region":"Norway"}},{"type":"Feature","geometry":{"type":"Point","coordinates":[-45.2417,-18.6339]},"properties":{"name":"Três Marias Reservoir","kind":"lake","rating":5,"region":"Minas Gerais"}},{"type":"Feature","geometry":{"type":"Point","coordinates":[42.8333,47.8333]},"properties":{"name":"Tsimlyansk Reservoir","kind":"lake","rating":5,"region":"Volgograd"}},{"type":"Feature","geometry":{"type":"Point","coordinates":[-119.751,36.0666]},"properties":{"name":"Tulare Lake","kind":"lake","rating":5,"region":"California"}},{"type":"Feature","geometry":{"type":"Point","coordinates":[102.5,51.5]},"properties":{"name":"Tunka valley","kind":"volcano","rating":5,"region":"Buryat"}},{"type":"Feature","geometry":{"type":"Point","coordinates":[-67.64,-19.83]},"properties":{"name":"Tunupa volcano","kind":"volcano","rating":5,"region":"Bolivia"}},{"type":"Feature","geometry":{"type":"Point","coordinates":[-83.7667,10.0333]},"properties":{"name":"Turrialba","kind":"volcano","rating":5,"region":"Costa Rica"}},{"type":"Feature","geometry":{"type":"Point","coordinates":[-70.3717,-17.0264]},"properties":{"name":"Tutupaca","kind":"volcano","rating":5,"region":"Peru"}},{"type":"Feature","geometry":{"type":"Point","coordinates":[146.251,44.3541]},"properties":{"name":"Tyatya","kind":"volcano","rating":5,"region":"Sakhalin"}},{"type":"Feature","geometry":{"type":"Point","coordinates":[-70.9022,-16.3486]},"properties":{"name":"Ubinas","kind":"volcano","rating":5,"region":"Peru"}},{"type":"Feature","geometry":{"type":"Point","coordinates":[87.3167,47.25]},"properties":{"name":"Ulungur Lake","kind":"lake","rating":5,"region":"Xinjiang"}},{"type":"Feature","geometry":{"type":"Point","coordinates":[-73.2754,-49.7603]},"properties":{"name":"Upsala Glacier","kind":"glacier","rating":5,"region":"Argentina"}},{"type":"Feature","geometry":{"type":"Point","coordinates":[-67.1869,-22.2645]},"properties":{"name":"Uturuncu","kind":"volcano","rating":5,"region":"Bolivia"}},{"type":"Feature","geometry":{"type":"Point","coordinates":[79.6175,30.73]},"properties":{"name":"Valley of Flowers National Park","kind":"park","rating":5,"region":"Uttarakhand"}},{"type":"Feature","geometry":{"type":"Point","coordinates":[29.0087,70.0911]},"properties":{"name":"Varangerfjord","kind":"coast","rating":5,"region":"Norway"}},{"type":"Feature","geometry":{"type":"Point","coordinates":[76.35,9.85]},"properties":{"name":"Vembanad","kind":"lake","rating":5,"region":"Kerala"}},{"type":"Feature","geometry":{"type":"Point","coordinates":[-72.5,-49.5833]},"properties":{"name":"Viedma Lake","kind":"lake","rating":5,"region":"Argentina"}},{"type":"Feature","geometry":{"type":"Point","coordinates":[-69.8322,-34.1639]},"properties":{"name":"Volcán Maipo","kind":"volcano","rating":5,"region":"Argentina"}},{"type":"Feature","geometry":{"type":"Point","coordinates":[-87.0062,12.7035]},"properties":{"name":"Volcán San Cristóbal","kind":"volcano","rating":5,"region":"Nicaragua"}},{"type":"Feature","geometry":{"type":"Point","coordinates":[45.0181,49.3728]},"properties":{"name":"Volgograd Reservoir","kind":"lake","rating":5,"region":"Volgograd"}},{"type":"Feature","geometry":{"type":"Point","coordinates":[55.0,57.1667]},"properties":{"name":"Votkinsk Reservoir","kind":"lake","rating":5,"region":"Perm'"}},{"type":"Feature","geometry":{"type":"Point","coordinates":[34.7,63.6167]},"properties":{"name":"Vygozero","kind":"lake","rating":5,"region":"Karelia"}},{"type":"Feature","geometry":{"type":"Point","coordinates":[2.355,12.35]},"properties":{"name":"W National Park","kind":"park","rating":5,"region":"Niger"}},{"type":"Feature","geometry":{"type":"Point","coordinates":[21.012,52.23]},"properties":{"name":"Warsaw","kind":"city","rating":5,"region":"Poland"}},{"type":"Feature","geometry":{"type":"Point","coordinates":[-120.0,-80.0]},"properties":{"name":"West Antarctic Ice Sheet","kind":"glacier","rating":5,"region":"Antarctica"}},{"type":"Feature","geometry":{"type":"Point","coordinates":[85.0,-66.6667]},"properties":{"name":"West Ice Shelf","kind":"glacier","rating":5,"region":"Antarctica"}},{"type":"Feature","geometry":{"type":"Point","coordinates":[-124.0,56.0]},"properties":{"name":"Williston Lake","kind":"lake","rating":5,"region":"British Columbia"}},{"type":"Feature","geometry":{"type":"Point","coordinates":[-74.4336,56.1119]},"properties":{"name":"Wiyâshâkimî Lake","kind":"lake","rating":5,"region":"Québec"}},{"type":"Feature","geometry":{"type":"Point","coordinates":[-103.2506,58.2503]},"properties":{"name":"Wollaston Lake","kind":"lake","rating":5,"region":"Saskatchewan"}},{"type":"Feature","geometry":{"type":"Point","coordinates":[-112.983,59.3833]},"properties":{"name":"Wood Buffalo National Park","kind":"park","rating":5,"region":"Alberta"}},{"type":"Feature","geometry":{"type":"Point","coordinates":[-142.9536,61.435]},"properties":{"name":"Wrangell–St. Elias National Park and Preserve","kind":"park","rating":5,"region":"Alaska"}},{"type":"Feature","geometry":{"type":"Point","coordinates":[-72.4003,-41.7589]},"properties":{"name":"Yate","kind":"volcano","rating":5,"region":"Chile"}},{"type":"Feature","geometry":{"type":"Point","coordinates":[-97.9667,62.6667]},"properties":{"name":"Yathkyed Lake","kind":"lake","rating":5,"region":"Nunavut"}},{"type":"Feature","geometry":{"type":"Point","coordinates":[-116.487,51.3953]},"properties":{"name":"Yoho National Park","kind":"park","rating":5,"region":"British Columbia"}},{"type":"Feature","geometry":{"type":"Point","coordinates":[-70.2,-17.18]},"properties":{"name":"Yucamane","kind":"volcano","rating":5,"region":"Peru"}},{"type":"Feature","geometry":{"type":"Point","coordinates":[157.3281,51.5771]},"properties":{"name":"Zheltovsky","kind":"volcano","rating":5,"region":"Kamchatka"}},{"type":"Feature","geometry":{"type":"Point","coordinates":[-14.9097,64.6956]},"properties":{"name":"Þrándarjökull","kind":"glacier","rating":5,"region":"Iceland"}},{"type":"Feature","geometry":{"type":"Point","coordinates":[-64.5167,-66.7667]},"properties":{"name":"Aagaard Glacier","kind":"glacier","rating":4,"region":"Antarctica"}},{"type":"Feature","geometry":{"type":"Point","coordinates":[-90.6667,-85.1333]},"properties":{"name":"Aaron Glacier","kind":"glacier","rating":4,"region":"Antarctica"}},{"type":"Feature","geometry":{"type":"Point","coordinates":[-96.0,-72.75]},"properties":{"name":"Abbot Ice Shelf","kind":"glacier","rating":4,"region":"Antarctica"}},{"type":"Feature","geometry":{"type":"Point","coordinates":[172.9715,-40.9]},"properties":{"name":"Abel Tasman National Park","kind":"park","rating":4,"region":"New Zealand"}},{"type":"Feature","geometry":{"type":"Point","coordinates":[-4.002,5.354]},"properties":{"name":"Abidjan","kind":"city","rating":4,"region":"Côte d'Ivoire"}},{"type":"Feature","geometry":{"type":"Point","coordinates":[18.6807,68.3243]},"properties":{"name":"Abisko National Park","kind":"park","rating":4,"region":"Sweden"}},{"type":"Feature","geometry":{"type":"Point","coordinates":[13.7865,41.8084]},"properties":{"name":"Abruzzo, Lazio and Molise National Park","kind":"park","rating":4,"region":"Italy"}},{"type":"Feature","geometry":{"type":"Point","coordinates":[50.3594,40.2836]},"properties":{"name":"Absheron National Park","kind":"park","rating":4,"region":"Azerbaijan"}},{"type":"Feature","geometry":{"type":"Point","coordinates":[-3.2247,5.2794]},"properties":{"name":"Aby Lagoon","kind":"lake","rating":4,"region":"Côte d'Ivoire"}},{"type":"Feature","geometry":{"type":"Point","coordinates":[-61.0,-84.25]},"properties":{"name":"Academy Glacier","kind":"glacier","rating":4,"region":"Antarctica"}},{"type":"Feature","geometry":{"type":"Point","coordinates":[-100.917,-71.9667]},"properties":{"name":"Acosta Glacier","kind":"glacier","rating":4,"region":"Antarctica"}},{"type":"Feature","geometry":{"type":"Point","coordinates":[109.667,-66.8333]},"properties":{"name":"Adams Glacier","kind":"glacier","rating":4,"region":"Antarctica"}},{"type":"Feature","geometry":{"type":"Point","coordinates":[-62.3333,-66.4167]},"properties":{"name":"Adie Inlet","kind":"coast","rating":4,"region":"Antarctica"}},{"type":"Feature","geometry":{"type":"Point","coordinates":[-73.92,44.11]},"properties":{"name":"Adirondacks","kind":"range","rating":4,"region":"New York"}},{"type":"Feature","geometry":{"type":"Point","coordinates":[163.6,-73.2667]},"properties":{"name":"Aeronaut Glacier","kind":"glacier","rating":4,"region":"Antarctica"}},{"type":"Feature","geometry":{"type":"Point","coordinates":[-61.4333,-64.4389]},"properties":{"name":"Agalina Glacier","kind":"glacier","rating":4,"region":"Antarctica"}},{"type":"Feature","geometry":{"type":"Point","coordinates":[159.167,-81.7833]},"properties":{"name":"Ahern Glacier","kind":"glacier","rating":4,"region":"Antarctica"}},{"type":"Feature","geometry":{"type":"Point","coordinates":[-65.75,-67.8667]},"properties":{"name":"Ahlmann Glacier","kind":"glacier","rating":4,"region":"Antarctica"}},{"type":"Feature","geometry":{"type":"Point","coordinates":[72.587,23.026]},"properties":{"name":"Ahmedabad","kind":"city","rating":4,"region":"Gujarat"}},{"type":"Feature","geometry":{"type":"Point","coordinates":[-82.3,-79.8]},"properties":{"name":"Ahrnsbrak Glacier","kind":"glacier","rating":4,"region":"Antarctica"}},{"type":"Feature","geometry":{"type":"Point","coordinates":[82.9167,44.9167]},"properties":{"name":"Aibi Lake","kind":"lake","rating":4,"region":"Xinjiang"}},{"type":"Feature","geometry":{"type":"Point","coordinates":[-66.3333,-69.2167]},"properties":{"name":"Airy Glacier","kind":"glacier","rating":4,"region":"Antarctica"}},{"type":"Feature","geometry":{"type":"Point","coordinates":[-58.7333,-63.95]},"properties":{"name":"Aitkenhead Glacier","kind":"glacier","rating":4,"region":"Antarctica"}},{"type":"Feature","geometry":{"type":"Point","coordinates":[30.7833,-1.6333]},"properties":{"name":"Akagera National Park","kind":"park","rating":4,"region":"Rwanda"}},{"type":"Feature","geometry":{"type":"Point","coordinates":[42.8833,-68.1167]},"properties":{"name":"Akebono Glacier","kind":"glacier","rating":4,"region":"Antarctica"}},{"type":"Feature","geometry":{"type":"Point","coordinates":[50.9625,36.3758]},"properties":{"name":"Alam-Kuh","kind":"peak","rating":4,"region":"Iran"}},{"type":"Feature","geometry":{"type":"Point","coordinates":[-151.0,-85.8667]},"properties":{"name":"Albanus Glacier","kind":"glacier","rating":4,"region":"Antarctica"}},{"type":"Feature","geometry":{"type":"Point","coordinates":[-59.7,-64.2167]},"properties":{"name":"Albone Glacier","kind":"glacier","rating":4,"region":"Antarctica"}},{"type":"Feature","geometry":{"type":"Point","coordinates":[162.333,-76.6667]},"properties":{"name":"Albrecht Penck Glacier","kind":"glacier","rating":4,"region":"Antarctica"}},{"type":"Feature","geometry":{"type":"Point","coordinates":[29.916,31.202]},"properties":{"name":"Alexandria","kind":"city","rating":4,"region":"Egypt"}},{"type":"Feature","geometry":{"type":"Point","coordinates":[-8.2,37.08]},"properties":{"name":"Algarve coast","kind":"coast","rating":4,"region":"Portugal"}},{"type":"Feature","geometry":{"type":"Point","coordinates":[162.083,-82.1333]},"properties":{"name":"Algie Glacier","kind":"glacier","rating":4,"region":"Antarctica"}},{"type":"Feature","geometry":{"type":"Point","coordinates":[162.517,-71.1]},"properties":{"name":"Alt Glacier","kind":"glacier","rating":4,"region":"Antarctica"}},{"type":"Feature","geometry":{"type":"Point","coordinates":[23.3242,69.99]},"properties":{"name":"Altafjord","kind":"coast","rating":4,"region":"Norway"}},{"type":"Feature","geometry":{"type":"Point","coordinates":[11.4333,-71.65]},"properties":{"name":"Altarduken Glacier","kind":"glacier","rating":4,"region":"Antarctica"}},{"type":"Feature","geometry":{"type":"Point","coordinates":[78.8,44.0]},"properties":{"name":"Altyn-Emel National Park","kind":"park","rating":4,"region":"Kazakhstan"}},{"type":"Feature","geometry":{"type":"Point","coordinates":[48.4867,34.6642]},"properties":{"name":"Alvand","kind":"peak","rating":4,"region":"Iran"}},{"type":"Feature","geometry":{"type":"Point","coordinates":[-72.6667,-71.7]},"properties":{"name":"Alyabiev Glacier","kind":"glacier","rating":4,"region":"Antarctica"}},{"type":"Feature","geometry":{"type":"Point","coordinates":[-62.6167,-65.7167]},"properties":{"name":"Ambergris Glacier","kind":"glacier","rating":4,"region":"Antarctica"}},{"type":"Feature","geometry":{"type":"Point","coordinates":[-102.2503,54.5833]},"properties":{"name":"Amisk Lake","kind":"lake","rating":4,"region":"Saskatchewan"}},{"type":"Feature","geometry":{"type":"Point","coordinates":[-37.05,65.8333]},"properties":{"name":"Ammassalik Fjord","kind":"coast","rating":4,"region":"Greenland"}},{"type":"Feature","geometry":{"type":"Point","coordinates":[99.4625,34.7983]},"properties":{"name":"Amne Machin","kind":"peak","rating":4,"region":"Qinghai"}},{"type":"Feature","geometry":{"type":"Point","coordinates":[16.0519,69.056]},"properties":{"name":"Andfjorden","kind":"coast","rating":4,"region":"Norway"}},{"type":"Feature","geometry":{"type":"Point","coordinates":[-100.0,62.3333]},"properties":{"name":"Angikuni Lake","kind":"lake","rating":4,"region":"Nunavut"}},{"type":"Feature","geometry":{"type":"Point","coordinates":[-78.6208,73.2283]},"properties":{"name":"Angilaaq Mountain","kind":"peak","rating":4,"region":"Nunavut"}},{"type":"Feature","geometry":{"type":"Point","coordinates":[-62.0208,66.5575]},"properties":{"name":"Angna Mountain","kind":"peak","rating":4,"region":"Nunavut"}},{"type":"Feature","geometry":{"type":"Point","coordinates":[-58.2,-62.0333]},"properties":{"name":"Anna Glacier","kind":"glacier","rating":4,"region":"Antarctica"}},{"type":"Feature","geometry":{"type":"Point","coordinates":[13.5167,-71.2833]},"properties":{"name":"Anuchin Glacier","kind":"glacier","rating":4,"region":"Antarctica"}},{"type":"Feature","geometry":{"type":"Point","coordinates":[100.583,-66.4167]},"properties":{"name":"Apfel Glacier","kind":"glacier","rating":4,"region":"Antarctica"}},{"type":"Feature","geometry":{"type":"Point","coordinates":[-64.5333,-68.7833]},"properties":{"name":"Aphrodite Glacier","kind":"glacier","rating":4,"region":"Antarctica"}},{"type":"Feature","geometry":{"type":"Point","coordinates":[-62.3833,-64.85]},"properties":{"name":"Arago Glacier","kind":"glacier","rating":4,"region":"Antarctica"}},{"type":"Feature","geometry":{"type":"Point","coordinates":[-117.353,38.8327]},"properties":{"name":"Arc Dome","kind":"peak","rating":4,"region":"Nevada"}},{"type":"Feature","geometry":{"type":"Point","coordinates":[-57.05,-63.4]},"properties":{"name":"Arena Glacier","kind":"glacier","rating":4,"region":"Antarctica"}},{"type":"Feature","geometry":{"type":"Point","coordinates":[-60.4,-62.6833]},"properties":{"name":"Argentina Glacier","kind":"glacier","rating":4,"region":"Antarctica"}},{"type":"Feature","geometry":{"type":"Point","coordinates":[166.7,-73.2167]},"properties":{"name":"Argonaut Glacier","kind":"glacier","rating":4,"region":"Antarctica"}},{"type":"Feature","geometry":{"type":"Point","coordinates":[157.5833,-83.1333]},"properties":{"name":"Argosy Glacier","kind":"glacier","rating":4,"region":"Antarctica"}},{"type":"Feature","geometry":{"type":"Point","coordinates":[-67.5,-71.5167]},"properties":{"name":"Armstrong Glacier","kind":"glacier","rating":4,"region":"Antarctica"}},{"type":"Feature","geometry":{"type":"Point","coordinates":[-23.7167,65.7618]},"properties":{"name":"Arnarfjörður","kind":"coast","rating":4,"region":"Iceland"}},{"type":"Feature","geometry":{"type":"Point","coordinates":[71.5225,38.5653]},"properties":{"name":"Arnavad Peak","kind":"peak","rating":4,"region":"Tajikistan"}},{"type":"Feature","geometry":{"type":"Point","coordinates":[-145.25,-77.05]},"properties":{"name":"Arthur Glacier","kind":"glacier","rating":4,"region":"Antarctica"}},{"type":"Feature","geometry":{"type":"Point","coordinates":[-107.8667,63.1667]},"properties":{"name":"Artillery Lake","kind":"lake","rating":4,"region":"Northwest Territories"}},{"type":"Feature","geometry":{"type":"Point","coordinates":[-70.75,-71.0833]},"properties":{"name":"Asafiev Glacier","kind":"glacier","rating":4,"region":"Antarctica"}},{"type":"Feature","geometry":{"type":"Point","coordinates":[-66.2494,52.75]},"properties":{"name":"Ashuanipi Lake","kind":"lake","rating":4,"region":"Newfoundland and Labrador"}},{"type":"Feature","geometry":{"type":"Point","coordinates":[169.265,-85.0267]},"properties":{"name":"Ashworth Glacier","kind":"glacier","rating":4,"region":"Antarctica"}},{"type":"Feature","geometry":{"type":"Point","coordinates":[46.4167,-67.6]},"properties":{"name":"Assender Glacier","kind":"glacier","rating":4,"region":"Antarctica"}},{"type":"Feature","geometry":{"type":"Point","coordinates":[17.2445,68.7875]},"properties":{"name":"Astafjorden","kind":"coast","rating":4,"region":"Norway"}},{"type":"Feature","geometry":{"type":"Point","coordinates":[139.917,-66.75]},"properties":{"name":"Astrolabe Glacier","kind":"glacier","rating":4,"region":"Antarctica"}},{"type":"Feature","geometry":{"type":"Point","coordinates":[38.591,37.5738]},"properties":{"name":"Atatürk Reservoir","kind":"lake","rating":4,"region":"Turkey"}},{"type":"Feature","geometry":{"type":"Point","coordinates":[-64.5325,52.6667]},"properties":{"name":"Atikonak Lake","kind":"lake","rating":4,"region":"Newfoundland and Labrador"}},{"type":"Feature","geometry":{"type":"Point","coordinates":[167.417,-71.5]},"properties":{"name":"Atkinson Glacier","kind":"glacier","rating":4,"region":"Antarctica"}},{"type":"Feature","geometry":{"type":"Point","coordinates":[-133.8308,60.0133]},"properties":{"name":"Atlin Lake","kind":"lake","rating":4,"region":"Yukon"}},{"type":"Feature","geometry":{"type":"Point","coordinates":[-63.7667,-66.2167]},"properties":{"name":"Attlee Glacier","kind":"glacier","rating":4,"region":"Antarctica"}},{"type":"Feature","geometry":{"type":"Point","coordinates":[-126.4521,67.4001]},"properties":{"name":"Aubry Lake","kind":"lake","rating":4,"region":"Northwest Territories"}},{"type":"Feature","geometry":{"type":"Point","coordinates":[26.0067,55.3711]},"properties":{"name":"Aukštaitija National Park","kind":"park","rating":4,"region":"Lithuania"}},{"type":"Feature","geometry":{"type":"Point","coordinates":[-119.919,73.7003]},"properties":{"name":"Aulavik National Park","kind":"park","rating":4,"region":"Northwest Territories"}},{"type":"Feature","geometry":{"type":"Point","coordinates":[50.75,-67.2]},"properties":{"name":"Auster Glacier","kind":"glacier","rating":4,"region":"Antarctica"}},{"type":"Feature","geometry":{"type":"Point","coordinates":[-97.743,30.267]},"properties":{"name":"Austin","kind":"city","rating":4,"region":"Texas"}},{"type":"Feature","geometry":{"type":"Point","coordinates":[5.6667,-71.8333]},"properties":{"name":"Austreskorve Glacier","kind":"glacier","rating":4,"region":"Antarctica"}},{"type":"Feature","geometry":{"type":"Point","coordinates":[-8.6557,40.6849]},"properties":{"name":"Aveiro Lagoon","kind":"lake","rating":4,"region":"Portugal"}},{"type":"Feature","geometry":{"type":"Point","coordinates":[165.05,-73.8333]},"properties":{"name":"Aviator Glacier","kind":"glacier","rating":4,"region":"Antarctica"}},{"type":"Feature","geometry":{"type":"Point","coordinates":[-67.25,-67.1167]},"properties":{"name":"Avsyuk Glacier","kind":"glacier","rating":4,"region":"Antarctica"}},{"type":"Feature","geometry":{"type":"Point","coordinates":[-108.5,64.1333]},"properties":{"name":"Aylmer Lake","kind":"lake","rating":4,"region":"Northwest Territories"}},{"type":"Feature","geometry":{"type":"Point","coordinates":[-41.6642,63.4325]},"properties":{"name":"Azimuthbjerg","kind":"peak","rating":4,"region":"Greenland"}},{"type":"Feature","geometry":{"type":"Point","coordinates":[66.5667,37.8333]},"properties":{"name":"Aýrybaba","kind":"peak","rating":4,"region":"Uzbekistan"}},{"type":"Feature","geometry":{"type":"Point","coordinates":[29.1809,36.5303]},"properties":{"name":"Babadağ","kind":"peak","rating":4,"region":"Turkey"}},{"type":"Feature","geometry":{"type":"Point","coordinates":[-126.0,54.75]},"properties":{"name":"Babine Lake","kind":"lake","rating":4,"region":"British Columbia"}},{"type":"Feature","geometry":{"type":"Point","coordinates":[-66.75,-67.6167]},"properties":{"name":"Bader Glacier","kind":"glacier","rating":4,"region":"Antarctica"}},{"type":"Feature","geometry":{"type":"Point","coordinates":[101.5767,44.8967]},"properties":{"name":"Baga Bogd","kind":"peak","rating":4,"region":"Mongolia"}},{"type":"Feature","geometry":{"type":"Point","coordinates":[44.401,33.341]},"properties":{"name":"Baghdad","kind":"city","rating":4,"region":"Iraq"}},{"type":"Feature","geometry":{"type":"Point","coordinates":[49.7667,11.2833]},"properties":{"name":"Bahaya","kind":"peak","rating":4,"region":"Somalia"}},{"type":"Feature","geometry":{"type":"Point","coordinates":[116.0,38.85]},"properties":{"name":"Baiyang Lake","kind":"lake","rating":4,"region":"Hebei"}},{"type":"Feature","geometry":{"type":"Point","coordinates":[-145.167,-76.3833]},"properties":{"name":"Balchen Glacier","kind":"glacier","rating":4,"region":"Antarctica"}},{"type":"Feature","geometry":{"type":"Point","coordinates":[-84.5,-79.4167]},"properties":{"name":"Balish Glacier","kind":"glacier","rating":4,"region":"Antarctica"}},{"type":"Feature","geometry":{"type":"Point","coordinates":[18.9349,69.4749]},"properties":{"name":"Balsfjorden","kind":"coast","rating":4,"region":"Norway"}},{"type":"Feature","geometry":{"type":"Point","coordinates":[-76.612,39.29]},"properties":{"name":"Baltimore","kind":"city","rating":4,"region":"Maryland"}},{"type":"Feature","geometry":{"type":"Point","coordinates":[80.9619,23.6994]},"properties":{"name":"Bandhavgarh National Park","kind":"park","rating":4,"region":"Madhya Pradesh"}},{"type":"Feature","geometry":{"type":"Point","coordinates":[113.883,22.552]},"properties":{"name":"Bao'an","kind":"city","rating":4,"region":"Guangdong"}},{"type":"Feature","geometry":{"type":"Point","coordinates":[162.75,-70.4333]},"properties":{"name":"Barber Glacier","kind":"glacier","rating":4,"region":"Antarctica"}},{"type":"Feature","geometry":{"type":"Point","coordinates":[-62.0,-74.25]},"properties":{"name":"Barcus Glacier","kind":"glacier","rating":4,"region":"Antarctica"}},{"type":"Feature","geometry":{"type":"Point","coordinates":[81.47,28.47]},"properties":{"name":"Bardiya National Park","kind":"park","rating":4,"region":"Nepal"}},{"type":"Feature","geometry":{"type":"Point","coordinates":[167.5,-70.9833]},"properties":{"name":"Barnett Glacier","kind":"glacier","rating":4,"region":"Antarctica"}},{"type":"Feature","geometry":{"type":"Point","coordinates":[-174.167,-84.6167]},"properties":{"name":"Barrett Glacier","kind":"glacier","rating":4,"region":"Antarctica"}},{"type":"Feature","geometry":{"type":"Point","coordinates":[59.6,46.2]},"properties":{"name":"Barsakelmes Lake","kind":"lake","rating":4,"region":"Kazakhstan"}},{"type":"Feature","geometry":{"type":"Point","coordinates":[158.733,-79.7333]},"properties":{"name":"Bartrum Glacier","kind":"glacier","rating":4,"region":"Antarctica"}},{"type":"Feature","geometry":{"type":"Point","coordinates":[-71.0,-69.6333]},"properties":{"name":"Bartók Glacier","kind":"glacier","rating":4,"region":"Antarctica"}},{"type":"Feature","geometry":{"type":"Point","coordinates":[-148.8697,61.3075]},"properties":{"name":"Bashful Peak","kind":"peak","rating":4,"region":"Alaska"}},{"type":"Feature","geometry":{"type":"Point","coordinates":[-75.8,46.8]},"properties":{"name":"Baskatong Reservoir","kind":"lake","rating":4,"region":"Québec"}},{"type":"Feature","geometry":{"type":"Point","coordinates":[7.7016,62.9064]},"properties":{"name":"Batnfjorden","kind":"coast","rating":4,"region":"Norway"}},{"type":"Feature","geometry":{"type":"Point","coordinates":[67.7592,-70.8697]},"properties":{"name":"Battye Glacier","kind":"glacier","rating":4,"region":"Antarctica"}},{"type":"Feature","geometry":{"type":"Point","coordinates":[-78.76,9.15]},"properties":{"name":"Bayano Lake","kind":"lake","rating":4,"region":"Panama"}},{"type":"Feature","geometry":{"type":"Point","coordinates":[164.633,-70.9667]},"properties":{"name":"Beaman Glacier","kind":"glacier","rating":4,"region":"Antarctica"}},{"type":"Feature","geometry":{"type":"Point","coordinates":[169.8333,-83.6667]},"properties":{"name":"Beaver Glacier","kind":"glacier","rating":4,"region":"Antarctica"}},{"type":"Feature","geometry":{"type":"Point","coordinates":[11.0809,63.9341]},"properties":{"name":"Beitstadfjorden","kind":"coast","rating":4,"region":"Norway"}},{"type":"Feature","geometry":{"type":"Point","coordinates":[14.25,77.6667]},"properties":{"name":"Bellsund","kind":"coast","rating":4,"region":"Norway"}},{"type":"Feature","geometry":{"type":"Point","coordinates":[77.594,12.972]},"properties":{"name":"Bengaluru","kind":"city","rating":4,"region":"Karnataka"}},{"type":"Feature","geometry":{"type":"Point","coordinates":[141.3267,62.3958]},"properties":{"name":"Berill Mountain","kind":"peak","rating":4,"region":"Sakha (Yakutia)"}},{"type":"Feature","geometry":{"type":"Point","coordinates":[-74.0,-50.0]},"properties":{"name":"Bernardo O'Higgins National Park","kind":"park","rating":4,"region":"Chile"}},{"type":"Feature","geometry":{"type":"Point","coordinates":[-134.0,-75.0]},"properties":{"name":"Berry Glacier","kind":"glacier","rating":4,"region":"Antarctica"}},{"type":"Feature","geometry":{"type":"Point","coordinates":[82.4,28.9833]},"properties":{"name":"Bhalu Lek","kind":"peak","rating":4,"region":"Nepal"}},{"type":"Feature","geometry":{"type":"Point","coordinates":[25.8189,46.812]},"properties":{"name":"Bicaz Canyon","kind":"canyon","rating":4,"region":"Romania"}},{"type":"Feature","geometry":{"type":"Point","coordinates":[-73.0833,70.3833]},"properties":{"name":"Bieler Lake","kind":"lake","rating":4,"region":"Nunavut"}},{"type":"Feature","geometry":{"type":"Point","coordinates":[-74.8512,43.8294]},"properties":{"name":"Big Moose Lake","kind":"lake","rating":4,"region":"New York"}},{"type":"Feature","geometry":{"type":"Point","coordinates":[-90.0072,53.7833]},"properties":{"name":"Big Trout Lake","kind":"lake","rating":4,"region":"Ontario"}},{"type":"Feature","geometry":{"type":"Point","coordinates":[-63.1667,-69.3833]},"properties":{"name":"Bingham Glacier","kind":"glacier","rating":4,"region":"Antarctica"}},{"type":"Feature","geometry":{"type":"Point","coordinates":[19.6019,42.8981]},"properties":{"name":"Biogradska Gora","kind":"park","rating":4,"region":"Montenegro"}},{"type":"Feature","geometry":{"type":"Point","coordinates":[-118.845,59.7425]},"properties":{"name":"Bistcho Lake","kind":"lake","rating":4,"region":"Alberta"}},{"type":"Feature","geometry":{"type":"Point","coordinates":[-21.4271,65.77]},"properties":{"name":"Bjarnarfjörður","kind":"coast","rating":4,"region":"Iceland"}},{"type":"Feature","geometry":{"type":"Point","coordinates":[9.5786,63.7434]},"properties":{"name":"Bjugnfjorden","kind":"coast","rating":4,"region":"Norway"}},{"type":"Feature","geometry":{"type":"Point","coordinates":[164.7,-71.6667]},"properties":{"name":"Black Glacier","kind":"glacier","rating":4,"region":"Antarctica"}},{"type":"Feature","geometry":{"type":"Point","coordinates":[-105.25,59.2]},"properties":{"name":"Black Lake","kind":"lake","rating":4,"region":"Saskatchewan"}},{"type":"Feature","geometry":{"type":"Point","coordinates":[-159.667,-86.1667]},"properties":{"name":"Blackwall Glacier","kind":"glacier","rating":4,"region":"Antarctica"}},{"type":"Feature","geometry":{"type":"Point","coordinates":[-29.85,-80.5]},"properties":{"name":"Blaiklock Glacier","kind":"glacier","rating":4,"region":"Antarctica"}},{"type":"Feature","geometry":{"type":"Point","coordinates":[164.1667,-77.8333]},"properties":{"name":"Blue Glacier","kind":"glacier","rating":4,"region":"Antarctica"}},{"type":"Feature","geometry":{"type":"Point","coordinates":[150.4453,-33.7972]},"properties":{"name":"Blue Mountains National Park","kind":"park","rating":4,"region":"New South Wales"}},{"type":"Feature","geometry":{"type":"Point","coordinates":[-79.5,37.5]},"properties":{"name":"Blue Ridge","kind":"range","rating":4,"region":"Virginia"}},{"type":"Feature","geometry":{"type":"Point","coordinates":[-119.75,68.4667]},"properties":{"name":"Bluenose Lake","kind":"lake","rating":4,"region":"Nunavut"}},{"type":"Feature","geometry":{"type":"Point","coordinates":[30.8075,-24.5639]},"properties":{"name":"Blyde River Canyon","kind":"canyon","rating":4,"region":"South Africa"}},{"type":"Feature","geometry":{"type":"Point","coordinates":[16.0667,67.25]},"properties":{"name":"Blåmannsisen","kind":"glacier","rating":4,"region":"Norway"}},{"type":"Feature","geometry":{"type":"Point","coordinates":[70.3433,40.8489]},"properties":{"name":"Boboiob","kind":"peak","rating":4,"region":"Tajikistan"}},{"type":"Feature","geometry":{"type":"Point","coordinates":[-74.082,4.61]},"properties":{"name":"Bogotá","kind":"city","rating":4,"region":"Colombia"}},{"type":"Feature","geometry":{"type":"Point","coordinates":[5.5333,59.1667]},"properties":{"name":"Boknafjord","kind":"coast","rating":4,"region":"Norway"}},{"type":"Feature","geometry":{"type":"Point","coordinates":[136.4653,49.8614]},"properties":{"name":"Bolon","kind":"lake","rating":4,"region":"Khabarovsk"}},{"type":"Feature","geometry":{"type":"Point","coordinates":[75.8,42.5833]},"properties":{"name":"Boom Gorge","kind":"canyon","rating":4,"region":"Kyrgyzstan"}},{"type":"Feature","geometry":{"type":"Point","coordinates":[-113.7811,44.1374]},"properties":{"name":"Borah Peak","kind":"peak","rating":4,"region":"Idaho"}},{"type":"Feature","geometry":{"type":"Point","coordinates":[168.5,-73.0667]},"properties":{"name":"Borchgrevink Glacier","kind":"glacier","rating":4,"region":"Antarctica"}},{"type":"Feature","geometry":{"type":"Point","coordinates":[21.5,-72.1667]},"properties":{"name":"Borchgrevinkisen","kind":"glacier","rating":4,"region":"Antarctica"}},{"type":"Feature","geometry":{"type":"Point","coordinates":[-22.0253,64.4932]},"properties":{"name":"Borgarfjörður","kind":"coast","rating":4,"region":"Iceland"}},{"type":"Feature","geometry":{"type":"Point","coordinates":[-13.7841,65.5435]},"properties":{"name":"Borgarfjörður Eystri","kind":"coast","rating":4,"region":"Iceland"}},{"type":"Feature","geometry":{"type":"Point","coordinates":[43.41,41.8481]},"properties":{"name":"Borjomi Gorge","kind":"canyon","rating":4,"region":"Georgia"}},{"type":"Feature","geometry":{"type":"Point","coordinates":[-71.6828,-30.6625]},"properties":{"name":"Bosque Fray Jorge National Park","kind":"park","rating":4,"region":"Chile"}},{"type":"Feature","geometry":{"type":"Point","coordinates":[-71.06,42.358]},"properties":{"name":"Boston","kind":"city","rating":4,"region":"Massachusetts"}},{"type":"Feature","geometry":{"type":"Point","coordinates":[24.9333,42.7167]},"properties":{"name":"Botev Peak","kind":"peak","rating":4,"region":"Bulgaria"}},{"type":"Feature","geometry":{"type":"Point","coordinates":[9.5,34.4167]},"properties":{"name":"Bou-Hedma National Park","kind":"park","rating":4,"region":"Tunisia"}},{"type":"Feature","geometry":{"type":"Point","coordinates":[177.333,-84.8833]},"properties":{"name":"Bowin Glacier","kind":"glacier","rating":4,"region":"Antarctica"}},{"type":"Feature","geometry":{"type":"Point","coordinates":[173.5,-84.9]},"properties":{"name":"Brandau Glacier","kind":"glacier","rating":4,"region":"Antarctica"}},{"type":"Feature","geometry":{"type":"Point","coordinates":[14.5775,-21.1495]},"properties":{"name":"Brandberg","kind":"peak","rating":4,"region":"Namibia"}},{"type":"Feature","geometry":{"type":"Point","coordinates":[153.028,-27.468]},"properties":{"name":"Brisbane","kind":"city","rating":4,"region":"Queensland"}},{"type":"Feature","geometry":{"type":"Point","coordinates":[11.4286,58.3601]},"properties":{"name":"Brofjorden","kind":"coast","rating":4,"region":"Sweden"}},{"type":"Feature","geometry":{"type":"Point","coordinates":[164.7667,-67.4333]},"properties":{"name":"Brown Peak","kind":"peak","rating":4,"region":"Antarctica"}},{"type":"Feature","geometry":{"type":"Point","coordinates":[-37.4833,-54.05]},"properties":{"name":"Brunonia Glacier","kind":"glacier","rating":4,"region":"South Georgia and the Islands"}},{"type":"Feature","geometry":{"type":"Point","coordinates":[-58.377,-34.613]},"properties":{"name":"Buenos Aires","kind":"city","rating":4,"region":"Argentina"}},{"type":"Feature","geometry":{"type":"Point","coordinates":[-78.878,42.886]},"properties":{"name":"Buffalo","kind":"city","rating":4,"region":"New York"}},{"type":"Feature","geometry":{"type":"Point","coordinates":[-115.4333,60.2333]},"properties":{"name":"Buffalo Lake","kind":"lake","rating":4,"region":"Northwest Territories"}},{"type":"Feature","geometry":{"type":"Point","coordinates":[117.6922,47.8069]},"properties":{"name":"Buir Lake","kind":"lake","rating":4,"region":"Mongolia"}},{"type":"Feature","geometry":{"type":"Point","coordinates":[90.8658,36.0242]},"properties":{"name":"Bukadaban Feng","kind":"peak","rating":4,"region":"Xinjiang"}},{"type":"Feature","geometry":{"type":"Point","coordinates":[97.2333,26.6833]},"properties":{"name":"Bumhpa Bum","kind":"peak","rating":4,"region":"Myanmar"}},{"type":"Feature","geometry":{"type":"Point","coordinates":[81.225,6.2139]},"properties":{"name":"Bundala National Park","kind":"park","rating":4,"region":"Sri Lanka"}},{"type":"Feature","geometry":{"type":"Point","coordinates":[10.7257,59.8337]},"properties":{"name":"Bunnefjorden","kind":"coast","rating":4,"region":"Norway"}},{"type":"Feature","geometry":{"type":"Point","coordinates":[-110.667,-74.4667]},"properties":{"name":"Bunner Glacier","kind":"glacier","rating":4,"region":"Antarctica"}},{"type":"Feature","geometry":{"type":"Point","coordinates":[20.0203,39.7461]},"properties":{"name":"Butrint National Park","kind":"park","rating":4,"region":"Albania"}},{"type":"Feature","geometry":{"type":"Point","coordinates":[120.5421,-2.4069]},"properties":{"name":"Buyu Balease","kind":"peak","rating":4,"region":"Indonesia"}},{"type":"Feature","geometry":{"type":"Point","coordinates":[13.8333,8.3333]},"properties":{"name":"Bénoué National Park","kind":"park","rating":4,"region":"Cameroon"}},{"type":"Feature","geometry":{"type":"Point","coordinates":[30.0991,69.7656]},"properties":{"name":"Bøkfjorden","kind":"coast","rating":4,"region":"Norway"}},{"type":"Feature","geometry":{"type":"Point","coordinates":[5.2833,59.6333]},"properties":{"name":"Bømlafjorden","kind":"coast","rating":4,"region":"Norway"}},{"type":"Feature","geometry":{"type":"Point","coordinates":[13.9,65.1833]},"properties":{"name":"Børgefjell National Park","kind":"park","rating":4,"region":"Norway"}},{"type":"Feature","geometry":{"type":"Point","coordinates":[-4.4872,39.3964]},"properties":{"name":"Cabañeros National Park","kind":"park","rating":4,"region":"Spain"}},{"type":"Feature","geometry":{"type":"Point","coordinates":[-76.5769,47.3325]},"properties":{"name":"Cabonga Reservoir","kind":"lake","rating":4,"region":"Québec"}},{"type":"Feature","geometry":{"type":"Point","coordinates":[-63.7833,-65.6167]},"properties":{"name":"Cadman Glacier","kind":"glacier","rating":4,"region":"Antarctica"}},{"type":"Feature","geometry":{"type":"Point","coordinates":[-3.6667,57.0833]},"properties":{"name":"Cairngorms National Park","kind":"park","rating":4,"region":"UK"}},{"type":"Feature","geometry":{"type":"Point","coordinates":[31.25,30.063]},"properties":{"name":"Cairo","kind":"city","rating":4,"region":"Egypt"}},{"type":"Feature","geometry":{"type":"Point","coordinates":[-114.085,51.05]},"properties":{"name":"Calgary","kind":"city","rating":4,"region":"Alberta"}},{"type":"Feature","geometry":{"type":"Point","coordinates":[160.517,-76.95]},"properties":{"name":"Cambridge Glacier","kind":"glacier","rating":4,"region":"Antarctica"}},{"type":"Feature","geometry":{"type":"Point","coordinates":[163.0,-71.8167]},"properties":{"name":"Canham Glacier","kind":"glacier","rating":4,"region":"Antarctica"}},{"type":"Feature","geometry":{"type":"Point","coordinates":[175.417,-83.95]},"properties":{"name":"Canyon Glacier","kind":"glacier","rating":4,"region":"Antarctica"}},{"type":"Feature","geometry":{"type":"Point","coordinates":[-111.167,38.2]},"properties":{"name":"Capitol Reef National Park","kind":"park","rating":4,"region":"Utah"}},{"type":"Feature","geometry":{"type":"Point","coordinates":[-71.2167,-48.95]},"properties":{"name":"Cardiel Lake","kind":"lake","rating":4,"region":"Argentina"}},{"type":"Feature","geometry":{"type":"Point","coordinates":[-68.05,-69.4167]},"properties":{"name":"Carlson Glacier","kind":"glacier","rating":4,"region":"Antarctica"}},{"type":"Feature","geometry":{"type":"Point","coordinates":[-78.5,-73.3]},"properties":{"name":"Carroll Inlet","kind":"coast","rating":4,"region":"Antarctica"}},{"type":"Feature","geometry":{"type":"Point","coordinates":[-67.3756,-38.2547]},"properties":{"name":"Casa de Piedra Reservoir","kind":"lake","rating":4,"region":"Argentina"}},{"type":"Feature","geometry":{"type":"Point","coordinates":[-103.2304,25.1375]},"properties":{"name":"Cerro El Centinela (Torreón)","kind":"peak","rating":4,"region":"Coahuila"}},{"type":"Feature","geometry":{"type":"Point","coordinates":[-100.2325,24.8717]},"properties":{"name":"Cerro El Potosí","kind":"peak","rating":4,"region":"Nuevo León"}},{"type":"Feature","geometry":{"type":"Point","coordinates":[-69.7867,-29.13]},"properties":{"name":"Cerro El Toro","kind":"peak","rating":4,"region":"Argentina"}},{"type":"Feature","geometry":{"type":"Point","coordinates":[-102.9742,18.7216]},"properties":{"name":"Cerro Las Conchas","kind":"peak","rating":4,"region":"Michoacán"}},{"type":"Feature","geometry":{"type":"Point","coordinates":[-99.8611,23.7709]},"properties":{"name":"Cerro Peña Nevada","kind":"peak","rating":4,"region":"Nuevo León"}},{"type":"Feature","geometry":{"type":"Point","coordinates":[-100.5569,26.1194]},"properties":{"name":"Cerro Tía Chena","kind":"peak","rating":4,"region":"Nuevo León"}},{"type":"Feature","geometry":{"type":"Point","coordinates":[124.2833,45.2333]},"properties":{"name":"Chagan Lake","kind":"lake","rating":4,"region":"Jilin"}},{"type":"Feature","geometry":{"type":"Point","coordinates":[5.7883,45.2878]},"properties":{"name":"Chamechaude","kind":"peak","rating":4,"region":"France"}},{"type":"Feature","geometry":{"type":"Point","coordinates":[82.1958,30.1375]},"properties":{"name":"Changla","kind":"peak","rating":4,"region":"Xizang"}},{"type":"Feature","geometry":{"type":"Point","coordinates":[78.0,-69.0167]},"properties":{"name":"Chaos Glacier","kind":"glacier","rating":4,"region":"Antarctica"}},{"type":"Feature","geometry":{"type":"Point","coordinates":[-80.843,35.227]},"properties":{"name":"Charlotte","kind":"city","rating":4,"region":"North Carolina"}},{"type":"Feature","geometry":{"type":"Point","coordinates":[67.5,-70.4167]},"properties":{"name":"Charybdis Glacier","kind":"glacier","rating":4,"region":"Antarctica"}},{"type":"Feature","geometry":{"type":"Point","coordinates":[79.0906,43.3619]},"properties":{"name":"Charyn Canyon","kind":"canyon","rating":4,"region":"Kazakhstan"}},{"type":"Feature","geometry":{"type":"Point","coordinates":[-127.4772,53.1422]},"properties":{"name":"Chatsquot Mountain","kind":"peak","rating":4,"region":"British Columbia"}},{"type":"Feature","geometry":{"type":"Point","coordinates":[-69.2283,-14.6533]},"properties":{"name":"Chaupi Orco","kind":"peak","rating":4,"region":"Bolivia"}},{"type":"Feature","geometry":{"type":"Point","coordinates":[-101.25,-73.9167]},"properties":{"name":"Chavez Glacier","kind":"glacier","rating":4,"region":"Antarctica"}},{"type":"Feature","geometry":{"type":"Point","coordinates":[44.9186,36.7753]},"properties":{"name":"Cheekha Dar","kind":"peak","rating":4,"region":"Iran"}},{"type":"Feature","geometry":{"type":"Point","coordinates":[35.4505,1.2517]},"properties":{"name":"Cherangany Hills","kind":"peak","rating":4,"region":"Kenya"}},{"type":"Feature","geometry":{"type":"Point","coordinates":[12.45,47.87]},"properties":{"name":"Chiemsee","kind":"lake","rating":4,"region":"Germany"}},{"type":"Feature","geometry":{"type":"Point","coordinates":[-72.8054,0.7006]},"properties":{"name":"Chiribiquete National Park","kind":"park","rating":4,"region":"Colombia"}},{"type":"Feature","geometry":{"type":"Point","coordinates":[-109.2913,31.8459]},"properties":{"name":"Chiricahua Peak","kind":"peak","rating":4,"region":"Arizona"}},{"type":"Feature","geometry":{"type":"Point","coordinates":[4.7667,35.4417]},"properties":{"name":"Chott el Hodna","kind":"lake","rating":4,"region":"Algeria"}},{"type":"Feature","geometry":{"type":"Point","coordinates":[3.4,-54.4667]},"properties":{"name":"Christensen Glacier","kind":"glacier","rating":4,"region":""}},{"type":"Feature","geometry":{"type":"Point","coordinates":[35.6167,-71.5333]},"properties":{"name":"Christiaensen Glacier","kind":"glacier","rating":4,"region":"Antarctica"}},{"type":"Feature","geometry":{"type":"Point","coordinates":[-108.3215,55.9964]},"properties":{"name":"Churchill Lake","kind":"lake","rating":4,"region":"Saskatchewan"}},{"type":"Feature","geometry":{"type":"Point","coordinates":[15.2,40.2]},"properties":{"name":"Cilento, Vallo di Diano and Alburni National Park","kind":"park","rating":4,"region":"Italy"}},{"type":"Feature","geometry":{"type":"Point","coordinates":[10.8992,46.18]},"properties":{"name":"Cima Brenta","kind":"peak","rating":4,"region":"Italy"}},{"type":"Feature","geometry":{"type":"Point","coordinates":[-66.9333,-68.8]},"properties":{"name":"Clarke Glacier","kind":"glacier","rating":4,"region":"Antarctica"}},{"type":"Feature","geometry":{"type":"Point","coordinates":[-139.1,-75.1833]},"properties":{"name":"Clarke Glacier","kind":"glacier","rating":4,"region":"Antarctica"}},{"type":"Feature","geometry":{"type":"Point","coordinates":[162.0833,-75.4]},"properties":{"name":"Clarke Glacier","kind":"glacier","rating":4,"region":"Antarctica"}},{"type":"Feature","geometry":{"type":"Point","coordinates":[165.0,-82.95]},"properties":{"name":"Cleaves Glacier","kind":"glacier","rating":4,"region":"Antarctica"}},{"type":"Feature","geometry":{"type":"Point","coordinates":[-107.4667,63.9667]},"properties":{"name":"Clinton-Colden Lake","kind":"lake","rating":4,"region":"Northwest Territories"}},{"type":"Feature","geometry":{"type":"Point","coordinates":[12.4014,46.2289]},"properties":{"name":"Col Nudo","kind":"peak","rating":4,"region":"Italy"}},{"type":"Feature","geometry":{"type":"Point","coordinates":[-110.0008,54.5501]},"properties":{"name":"Cold Lake","kind":"lake","rating":4,"region":"Alberta"}},{"type":"Feature","geometry":{"type":"Point","coordinates":[-132.55,-75.7833]},"properties":{"name":"Coleman Glacier","kind":"glacier","rating":4,"region":"Antarctica"}},{"type":"Feature","geometry":{"type":"Point","coordinates":[-146.895,61.2197]},"properties":{"name":"Columbia Glacier","kind":"glacier","rating":4,"region":"Alaska"}},{"type":"Feature","geometry":{"type":"Point","coordinates":[-82.999,39.961]},"properties":{"name":"Columbus","kind":"city","rating":4,"region":"Ohio"}},{"type":"Feature","geometry":{"type":"Point","coordinates":[125.15,-74.1]},"properties":{"name":"Concordia Subglacial Lake","kind":"lake","rating":4,"region":"Antarctica"}},{"type":"Feature","geometry":{"type":"Point","coordinates":[-80.7833,33.7833]},"properties":{"name":"Congaree National Park","kind":"park","rating":4,"region":"South Carolina"}},{"type":"Feature","geometry":{"type":"Point","coordinates":[103.55,-66.0333]},"properties":{"name":"Conger Glacier","kind":"glacier","rating":4,"region":"Antarctica"}},{"type":"Feature","geometry":{"type":"Point","coordinates":[-9.9447,53.5511]},"properties":{"name":"Connemara National Park","kind":"park","rating":4,"region":"Ireland"}},{"type":"Feature","geometry":{"type":"Point","coordinates":[-110.6167,65.6]},"properties":{"name":"Contwoyto Lake","kind":"lake","rating":4,"region":"Nunavut"}},{"type":"Feature","geometry":{"type":"Point","coordinates":[152.5,-68.6667]},"properties":{"name":"Cook Ice Shelf","kind":"glacier","rating":4,"region":"Antarctica"}},{"type":"Feature","geometry":{"type":"Point","coordinates":[-88.5667,-72.7333]},"properties":{"name":"Cooke Glacier","kind":"glacier","rating":4,"region":"Antarctica"}},{"type":"Feature","geometry":{"type":"Point","coordinates":[-83.5833,8.55]},"properties":{"name":"Corcovado National Park","kind":"park","rating":4,"region":"Costa Rica"}},{"type":"Feature","geometry":{"type":"Point","coordinates":[-26.2667,-80.7833]},"properties":{"name":"Cornwall Glacier","kind":"glacier","rating":4,"region":"Antarctica"}},{"type":"Feature","geometry":{"type":"Point","coordinates":[-5.3,50.2]},"properties":{"name":"Cornwall coast","kind":"coast","rating":4,"region":"UK"}},{"type":"Feature","geometry":{"type":"Point","coordinates":[-113.517,43.417]},"properties":{"name":"Craters of the Moon","kind":"volcano","rating":4,"region":"Idaho"}},{"type":"Feature","geometry":{"type":"Point","coordinates":[-110.2768,46.018]},"properties":{"name":"Crazy Peak","kind":"peak","rating":4,"region":"Montana"}},{"type":"Feature","geometry":{"type":"Point","coordinates":[-97.5019,54.7483]},"properties":{"name":"Cross Lake","kind":"lake","rating":4,"region":"Manitoba"}},{"type":"Feature","geometry":{"type":"Point","coordinates":[-109.5,-74.95]},"properties":{"name":"Crosson Ice Shelf","kind":"glacier","rating":4,"region":"Antarctica"}},{"type":"Feature","geometry":{"type":"Point","coordinates":[21.097,55.481]},"properties":{"name":"Curonian Spit National Park","kind":"park","rating":4,"region":"Lithuania"}},{"type":"Feature","geometry":{"type":"Point","coordinates":[107.1514,11.3472]},"properties":{"name":"Cát Tiên National Park","kind":"park","rating":4,"region":"Vietnam"}},{"type":"Feature","geometry":{"type":"Point","coordinates":[3.4,44.2]},"properties":{"name":"Cévennes National Park","kind":"park","rating":4,"region":"France"}},{"type":"Feature","geometry":{"type":"Point","coordinates":[-5.9,31.5833]},"properties":{"name":"Dadès Gorges","kind":"canyon","rating":4,"region":"Morocco"}},{"type":"Feature","geometry":{"type":"Point","coordinates":[-22.0227,81.0757]},"properties":{"name":"Danmark Fjord","kind":"coast","rating":4,"region":"Greenland"}},{"type":"Feature","geometry":{"type":"Point","coordinates":[18.95,47.8]},"properties":{"name":"Danube Bend","kind":"feature","rating":4,"region":"Hungary"}},{"type":"Feature","geometry":{"type":"Point","coordinates":[39.27,-6.823]},"properties":{"name":"Dar es Salaam","kind":"city","rating":4,"region":"Tanzania"}},{"type":"Feature","geometry":{"type":"Point","coordinates":[-70.8333,-71.8333]},"properties":{"name":"Dargomyzhsky glacier","kind":"glacier","rating":4,"region":"Antarctica"}},{"type":"Feature","geometry":{"type":"Point","coordinates":[-99.7792,51.2696]},"properties":{"name":"Dauphin Lake","kind":"lake","rating":4,"region":"Manitoba"}},{"type":"Feature","geometry":{"type":"Point","coordinates":[-135.4725,59.0817]},"properties":{"name":"Davidson Glacier","kind":"glacier","rating":4,"region":"Alaska"}},{"type":"Feature","geometry":{"type":"Point","coordinates":[158.55,-78.55]},"properties":{"name":"Deception Glacier","kind":"glacier","rating":4,"region":"Antarctica"}},{"type":"Feature","geometry":{"type":"Point","coordinates":[77.231,28.652]},"properties":{"name":"Delhi","kind":"city","rating":4,"region":"Delhi"}},{"type":"Feature","geometry":{"type":"Point","coordinates":[-104.985,39.739]},"properties":{"name":"Denver","kind":"city","rating":4,"region":"Colorado"}},{"type":"Feature","geometry":{"type":"Point","coordinates":[75.4144,35.0189]},"properties":{"name":"Deosai National Park","kind":"park","rating":4,"region":"Pakistan"}},{"type":"Feature","geometry":{"type":"Point","coordinates":[-103.5153,54.7548]},"properties":{"name":"Deschambault Lake","kind":"lake","rating":4,"region":"Saskatchewan"}},{"type":"Feature","geometry":{"type":"Point","coordinates":[-77.6333,19.8833]},"properties":{"name":"Desembarco del Granma National Park","kind":"park","rating":4,"region":"Cuba"}},{"type":"Feature","geometry":{"type":"Point","coordinates":[-112.6263,40.4595]},"properties":{"name":"Deseret Peak","kind":"peak","rating":4,"region":"Utah"}},{"type":"Feature","geometry":{"type":"Point","coordinates":[-133.8397,58.7308]},"properties":{"name":"Devils Paw","kind":"peak","rating":4,"region":"British Columbia"}},{"type":"Feature","geometry":{"type":"Point","coordinates":[-82.1739,75.3478]},"properties":{"name":"Devon Ice Cap","kind":"peak","rating":4,"region":"Nunavut"}},{"type":"Feature","geometry":{"type":"Point","coordinates":[90.407,23.71]},"properties":{"name":"Dhaka","kind":"city","rating":4,"region":"Bangladesh"}},{"type":"Feature","geometry":{"type":"Point","coordinates":[72.867,19.05]},"properties":{"name":"Dhārāvi","kind":"city","rating":4,"region":"Maharashtra"}},{"type":"Feature","geometry":{"type":"Point","coordinates":[-113.083,44.1417]},"properties":{"name":"Diamond Peak","kind":"peak","rating":4,"region":"Idaho"}},{"type":"Feature","geometry":{"type":"Point","coordinates":[134.6,-66.2833]},"properties":{"name":"Dibble Glacier","kind":"glacier","rating":4,"region":"Antarctica"}},{"type":"Feature","geometry":{"type":"Point","coordinates":[161.0,-81.5833]},"properties":{"name":"Dickey Glacier","kind":"glacier","rating":4,"region":"Antarctica"}},{"type":"Feature","geometry":{"type":"Point","coordinates":[15.3472,78.7225]},"properties":{"name":"Dicksonfjorden","kind":"coast","rating":4,"region":"Norway"}},{"type":"Feature","geometry":{"type":"Point","coordinates":[23.8409,38.6268]},"properties":{"name":"Dirfi","kind":"peak","rating":4,"region":"Greece"}},{"type":"Feature","geometry":{"type":"Point","coordinates":[6.6375,35.3183]},"properties":{"name":"Djebel Chélia","kind":"peak","rating":4,"region":"Algeria"}},{"type":"Feature","geometry":{"type":"Point","coordinates":[35.1144,47.96]},"properties":{"name":"Dnieper Reservoir","kind":"lake","rating":4,"region":"Ukraine"}},{"type":"Feature","geometry":{"type":"Point","coordinates":[31.95,46.6167]},"properties":{"name":"Dnieper-Bug Estuary","kind":"lake","rating":4,"region":"Ukraine"}},{"type":"Feature","geometry":{"type":"Point","coordinates":[25.5995,48.7661]},"properties":{"name":"Dniester Canyon","kind":"canyon","rating":4,"region":"Ukraine"}},{"type":"Feature","geometry":{"type":"Point","coordinates":[30.35,46.2333]},"properties":{"name":"Dniester Lyman","kind":"lake","rating":4,"region":"Ukraine"}},{"type":"Feature","geometry":{"type":"Point","coordinates":[98.4867,18.5922]},"properties":{"name":"Doi Inthanon","kind":"peak","rating":4,"region":"Thailand"}},{"type":"Feature","geometry":{"type":"Point","coordinates":[113.749,23.018]},"properties":{"name":"Dongguan","kind":"city","rating":4,"region":"Guangdong"}},{"type":"Feature","geometry":{"type":"Point","coordinates":[163.083,-82.6833]},"properties":{"name":"Dorrer Glacier","kind":"glacier","rating":4,"region":"Antarctica"}},{"type":"Feature","geometry":{"type":"Point","coordinates":[89.8667,33.3833]},"properties":{"name":"Dorsoidong Co","kind":"lake","rating":4,"region":"Xizang"}},{"type":"Feature","geometry":{"type":"Point","coordinates":[-107.3,54.7667]},"properties":{"name":"Doré Lake","kind":"lake","rating":4,"region":"Saskatchewan"}},{"type":"Feature","geometry":{"type":"Point","coordinates":[-112.3667,-74.4]},"properties":{"name":"Dotson Ice Shelf","kind":"glacier","rating":4,"region":"Antarctica"}},{"type":"Feature","geometry":{"type":"Point","coordinates":[-61.75,-73.5167]},"properties":{"name":"Douglas Glacier","kind":"glacier","rating":4,"region":"Antarctica"}},{"type":"Feature","geometry":{"type":"Point","coordinates":[9.1731,62.3967]},"properties":{"name":"Dovrefjell–Sunndalsfjella National Park","kind":"park","rating":4,"region":"Norway"}},{"type":"Feature","geometry":{"type":"Point","coordinates":[-36.0,-54.8167]},"properties":{"name":"Drygalski Fjord","kind":"coast","rating":4,"region":"South Georgia and the Islands"}},{"type":"Feature","geometry":{"type":"Point","coordinates":[19.1867,-33.755]},"properties":{"name":"Du Toits Peak","kind":"peak","rating":4,"region":"South Africa"}},{"type":"Feature","geometry":{"type":"Point","coordinates":[-53.1194,-82.6282]},"properties":{"name":"Dufek Massif","kind":"glacier","rating":4,"region":"Antarctica"}},{"type":"Feature","geometry":{"type":"Point","coordinates":[-119.9544,51.4369]},"properties":{"name":"Dunn Peak massif","kind":"peak","rating":4,"region":"British Columbia"}},{"type":"Feature","geometry":{"type":"Point","coordinates":[24.3767,54.0819]},"properties":{"name":"Dzūkija National Park","kind":"park","rating":4,"region":"Lithuania"}},{"type":"Feature","geometry":{"type":"Point","coordinates":[76.45,-69.4333]},"properties":{"name":"Dålk Glacier","kind":"glacier","rating":4,"region":"Antarctica"}},{"type":"Feature","geometry":{"type":"Point","coordinates":[-75.8739,52.1817]},"properties":{"name":"Eastmain Reservoir","kind":"lake","rating":4,"region":"Québec"}},{"type":"Feature","geometry":{"type":"Point","coordinates":[-61.0,-78.5]},"properties":{"name":"Edith Ronne Land","kind":"glacier","rating":4,"region":""}},{"type":"Feature","geometry":{"type":"Point","coordinates":[-113.469,53.55]},"properties":{"name":"Edmonton","kind":"city","rating":4,"region":"Alberta"}},{"type":"Feature","geometry":{"type":"Point","coordinates":[56.55,-66.8333]},"properties":{"name":"Edward VIII Ice Shelf","kind":"glacier","rating":4,"region":"Antarctica"}},{"type":"Feature","geometry":{"type":"Point","coordinates":[34.7664,30.8264]},"properties":{"name":"Ein Avdat","kind":"canyon","rating":4,"region":"Israel"}},{"type":"Feature","geometry":{"type":"Point","coordinates":[12.9064,46.6106]},"properties":{"name":"Eiskar Glacier","kind":"glacier","rating":4,"region":"Italy"}},{"type":"Feature","geometry":{"type":"Point","coordinates":[-8.0,-71.0]},"properties":{"name":"Ekström Ice Shelf","kind":"glacier","rating":4,"region":"Antarctica"}},{"type":"Feature","geometry":{"type":"Point","coordinates":[14.08,50.93]},"properties":{"name":"Elbe Sandstone Mountains","kind":"range","rating":4,"region":"Germany"}},{"type":"Feature","geometry":{"type":"Point","coordinates":[76.6325,10.94]},"properties":{"name":"Elivai Malai","kind":"peak","rating":4,"region":"Kerala"}},{"type":"Feature","geometry":{"type":"Point","coordinates":[24.2833,-71.9667]},"properties":{"name":"Ellis Glacier","kind":"glacier","rating":4,"region":"Antarctica"}},{"type":"Feature","geometry":{"type":"Point","coordinates":[-68.8225,-38.5508]},"properties":{"name":"Embalse Cerros Colorados","kind":"lake","rating":4,"region":"Argentina"}},{"type":"Feature","geometry":{"type":"Point","coordinates":[-85.1667,-77.9833]},"properties":{"name":"Embree Glacier","kind":"glacier","rating":4,"region":"Antarctica"}},{"type":"Feature","geometry":{"type":"Point","coordinates":[-55.1333,-61.1667]},"properties":{"name":"Endurance Glacier","kind":"glacier","rating":4,"region":"Antarctica"}},{"type":"Feature","geometry":{"type":"Point","coordinates":[-101.3331,60.9667]},"properties":{"name":"Ennadai Lake","kind":"lake","rating":4,"region":"Nunavut"}},{"type":"Feature","geometry":{"type":"Point","coordinates":[14.5,-70.5]},"properties":{"name":"Entuziasty Glacier","kind":"glacier","rating":4,"region":"Antarctica"}},{"type":"Feature","geometry":{"type":"Point","coordinates":[-65.6667,-66.4833]},"properties":{"name":"Erskine Glacier","kind":"glacier","rating":4,"region":"Antarctica"}},{"type":"Feature","geometry":{"type":"Point","coordinates":[-67.78,-54.65]},"properties":{"name":"Escondido Lake","kind":"lake","rating":4,"region":"Argentina"}},{"type":"Feature","geometry":{"type":"Point","coordinates":[-95.5297,35.2808]},"properties":{"name":"Eufaula Lake","kind":"lake","rating":4,"region":"Oklahoma"}},{"type":"Feature","geometry":{"type":"Point","coordinates":[-62.0,-65.3333]},"properties":{"name":"Exasperation Inlet","kind":"coast","rating":4,"region":"Antarctica"}},{"type":"Feature","geometry":{"type":"Point","coordinates":[156.367,-79.8333]},"properties":{"name":"Exodus Glacier","kind":"glacier","rating":4,"region":"Antarctica"}},{"type":"Feature","geometry":{"type":"Point","coordinates":[-94.2333,-73.5]},"properties":{"name":"Exum Glacier","kind":"glacier","rating":4,"region":"Antarctica"}},{"type":"Feature","geometry":{"type":"Point","coordinates":[-117.4667,63.8833]},"properties":{"name":"Faber Lake","kind":"lake","rating":4,"region":"Northwest Territories"}},{"type":"Feature","geometry":{"type":"Point","coordinates":[72.7853,35.6828]},"properties":{"name":"Falak Sar","kind":"peak","rating":4,"region":"Pakistan"}},{"type":"Feature","geometry":{"type":"Point","coordinates":[-99.2,26.65]},"properties":{"name":"Falcon International Reservoir","kind":"lake","rating":4,"region":"Tamaulipas"}},{"type":"Feature","geometry":{"type":"Point","coordinates":[103.7753,22.3033]},"properties":{"name":"Fansipan","kind":"peak","rating":4,"region":"Vietnam"}},{"type":"Feature","geometry":{"type":"Point","coordinates":[6.7167,58.2167]},"properties":{"name":"Fedafjorden","kind":"coast","rating":4,"region":"Norway"}},{"type":"Feature","geometry":{"type":"Point","coordinates":[168.783,-71.3]},"properties":{"name":"Fendley Glacier","kind":"glacier","rating":4,"region":"Antarctica"}},{"type":"Feature","geometry":{"type":"Point","coordinates":[25.5875,40.4361]},"properties":{"name":"Fengari","kind":"peak","rating":4,"region":"Greece"}},{"type":"Feature","geometry":{"type":"Point","coordinates":[9.2083,-1.5143]},"properties":{"name":"Fernan Vaz Lagoon","kind":"lake","rating":4,"region":"Gabon"}},{"type":"Feature","geometry":{"type":"Point","coordinates":[-76.8,42.65]},"properties":{"name":"Finger Lakes","kind":"lake","rating":4,"region":"New York"}},{"type":"Feature","geometry":{"type":"Point","coordinates":[66.0,-73.25]},"properties":{"name":"Fisher Glacier","kind":"glacier","rating":4,"region":"Antarctica"}},{"type":"Feature","geometry":{"type":"Point","coordinates":[4.4167,-72.0667]},"properties":{"name":"Flogeken Glacier","kind":"glacier","rating":4,"region":"Antarctica"}},{"type":"Feature","geometry":{"type":"Point","coordinates":[10.6842,64.6636]},"properties":{"name":"Folda","kind":"coast","rating":4,"region":"Norway"}},{"type":"Feature","geometry":{"type":"Point","coordinates":[14.883,67.614]},"properties":{"name":"Folda","kind":"coast","rating":4,"region":"Norway"}},{"type":"Feature","geometry":{"type":"Point","coordinates":[8.3973,63.2279]},"properties":{"name":"Foldfjorden","kind":"coast","rating":4,"region":"Norway"}},{"type":"Feature","geometry":{"type":"Point","coordinates":[-60.0,-83.25]},"properties":{"name":"Foundation Ice Stream","kind":"glacier","rating":4,"region":"Antarctica"}},{"type":"Feature","geometry":{"type":"Point","coordinates":[-1.301,42.6304]},"properties":{"name":"Foz de Lumbier","kind":"canyon","rating":4,"region":"Spain"}},{"type":"Feature","geometry":{"type":"Point","coordinates":[-65.5667,-68.3833]},"properties":{"name":"Franca Glacier","kind":"glacier","rating":4,"region":"Antarctica"}},{"type":"Feature","geometry":{"type":"Point","coordinates":[-118.9806,47.9561]},"properties":{"name":"Franklin D. Roosevelt Lake","kind":"lake","rating":4,"region":"Washington"}},{"type":"Feature","geometry":{"type":"Point","coordinates":[-121.417,49.6333]},"properties":{"name":"Fraser Canyon","kind":"canyon","rating":4,"region":"British Columbia"}},{"type":"Feature","geometry":{"type":"Point","coordinates":[9.6182,59.0991]},"properties":{"name":"Frierfjord","kind":"coast","rating":4,"region":"Norway"}},{"type":"Feature","geometry":{"type":"Point","coordinates":[12.7394,61.5456]},"properties":{"name":"Fulufjället National Park","kind":"park","rating":4,"region":"Sweden"}},{"type":"Feature","geometry":{"type":"Point","coordinates":[101.505,37.6933]},"properties":{"name":"Gangshiqia Peak","kind":"peak","rating":4,"region":"Gansu"}},{"type":"Feature","geometry":{"type":"Point","coordinates":[-62.8667,-74.9667]},"properties":{"name":"Gardner Inlet","kind":"coast","rating":4,"region":"Antarctica"}},{"type":"Feature","geometry":{"type":"Point","coordinates":[-100.3,65.9667]},"properties":{"name":"Garry Lake","kind":"lake","rating":4,"region":"Nunavut"}},{"type":"Feature","geometry":{"type":"Point","coordinates":[25.4167,57.4167]},"properties":{"name":"Gauja National Park","kind":"park","rating":4,"region":"Latvia"}},{"type":"Feature","geometry":{"type":"Point","coordinates":[91.0517,33.5008]},"properties":{"name":"Geladaindong Peak","kind":"peak","rating":4,"region":"Qinghai"}},{"type":"Feature","geometry":{"type":"Point","coordinates":[34.9192,31.8592]},"properties":{"name":"Gezer","kind":"park","rating":4,"region":"Israel"}},{"type":"Feature","geometry":{"type":"Point","coordinates":[114.1,-66.1167]},"properties":{"name":"Gilchrist Glacier","kind":"glacier","rating":4,"region":"Antarctica"}},{"type":"Feature","geometry":{"type":"Point","coordinates":[159.7,-69.5833]},"properties":{"name":"Gillett Ice Shelf","kind":"glacier","rating":4,"region":"Antarctica"}},{"type":"Feature","geometry":{"type":"Point","coordinates":[-121.114,48.112]},"properties":{"name":"Glacier Peak","kind":"volcano","rating":4,"region":"Washington"}},{"type":"Feature","geometry":{"type":"Point","coordinates":[-8.05,55.0167]},"properties":{"name":"Glenveagh National Park","kind":"park","rating":4,"region":"Ireland"}},{"type":"Feature","geometry":{"type":"Point","coordinates":[2.5833,-72.2333]},"properties":{"name":"Gluvreklett Glacier","kind":"glacier","rating":4,"region":"Antarctica"}},{"type":"Feature","geometry":{"type":"Point","coordinates":[-27.7,-78.9333]},"properties":{"name":"Goldsmith Glacier","kind":"glacier","rating":4,"region":"Antarctica"}},{"type":"Feature","geometry":{"type":"Point","coordinates":[29.6333,-4.6667]},"properties":{"name":"Gombe National Park","kind":"park","rating":4,"region":"Tanzania"}},{"type":"Feature","geometry":{"type":"Point","coordinates":[177.833,-84.2]},"properties":{"name":"Good Glacier","kind":"glacier","rating":4,"region":"Antarctica"}},{"type":"Feature","geometry":{"type":"Point","coordinates":[-66.6667,-72.0]},"properties":{"name":"Goodenough Glacier","kind":"glacier","rating":4,"region":"Antarctica"}},{"type":"Feature","geometry":{"type":"Point","coordinates":[-120.434,41.9167]},"properties":{"name":"Goose Lake","kind":"lake","rating":4,"region":"California"}},{"type":"Feature","geometry":{"type":"Point","coordinates":[72.9131,41.4103]},"properties":{"name":"Gora Babash-Ata","kind":"peak","rating":4,"region":"Kyrgyzstan"}},{"type":"Feature","geometry":{"type":"Point","coordinates":[72.7081,37.6663]},"properties":{"name":"Gora Bakchigir","kind":"peak","rating":4,"region":"Tajikistan"}},{"type":"Feature","geometry":{"type":"Point","coordinates":[71.8916,41.495]},"properties":{"name":"Gora Bozbu-Too","kind":"peak","rating":4,"region":"Kyrgyzstan"}},{"type":"Feature","geometry":{"type":"Point","coordinates":[-26.15,-80.2833]},"properties":{"name":"Gordon Glacier","kind":"glacier","rating":4,"region":"Antarctica"}},{"type":"Feature","geometry":{"type":"Point","coordinates":[4.4325,43.938]},"properties":{"name":"Gorges du Gardon","kind":"canyon","rating":4,"region":"France"}},{"type":"Feature","geometry":{"type":"Point","coordinates":[34.3136,-18.6903]},"properties":{"name":"Gorongosa National Park","kind":"park","rating":4,"region":"Mozambique"}},{"type":"Feature","geometry":{"type":"Point","coordinates":[-171.583,-84.7]},"properties":{"name":"Gough Glacier","kind":"glacier","rating":4,"region":"Antarctica"}},{"type":"Feature","geometry":{"type":"Point","coordinates":[-73.1667,-52.8333]},"properties":{"name":"Gran Campo Nevado","kind":"glacier","rating":4,"region":"Chile"}},{"type":"Feature","geometry":{"type":"Point","coordinates":[-100.4828,56.2994]},"properties":{"name":"Granville Lake","kind":"lake","rating":4,"region":"Manitoba"}},{"type":"Feature","geometry":{"type":"Point","coordinates":[70.0578,41.4944]},"properties":{"name":"Greater Chimgan","kind":"peak","rating":4,"region":"Uzbekistan"}},{"type":"Feature","geometry":{"type":"Point","coordinates":[-46.0,79.0]},"properties":{"name":"Greenland's Grand Canyon","kind":"canyon","rating":4,"region":"Greenland"}},{"type":"Feature","geometry":{"type":"Point","coordinates":[161.25,-71.5]},"properties":{"name":"Gressitt Glacier","kind":"glacier","rating":4,"region":"Antarctica"}},{"type":"Feature","geometry":{"type":"Point","coordinates":[162.267,-77.1667]},"properties":{"name":"Griffiths Glacier","kind":"glacier","rating":4,"region":"Antarctica"}},{"type":"Feature","geometry":{"type":"Point","coordinates":[14.5354,46.3571]},"properties":{"name":"Grintovec","kind":"peak","rating":4,"region":"Slovenia"}},{"type":"Feature","geometry":{"type":"Point","coordinates":[-50.2694,-24.5494]},"properties":{"name":"Guartelá Canyon","kind":"canyon","rating":4,"region":"Paraná"}},{"type":"Feature","geometry":{"type":"Point","coordinates":[-53.7722,2.8383]},"properties":{"name":"Guiana Amazonian Park","kind":"park","rating":4,"region":"France"}},{"type":"Feature","geometry":{"type":"Point","coordinates":[-131.471,52.3892]},"properties":{"name":"Gwaii Haanas National Park Reserve and Haida Heritage Site","kind":"park","rating":4,"region":"British Columbia"}},{"type":"Feature","geometry":{"type":"Point","coordinates":[46.3225,40.4058]},"properties":{"name":"Göygöl National Park","kind":"park","rating":4,"region":"Azerbaijan"}},{"type":"Feature","geometry":{"type":"Point","coordinates":[25.835,35.085]},"properties":{"name":"Ha Gorge","kind":"canyon","rating":4,"region":"Greece"}},{"type":"Feature","geometry":{"type":"Point","coordinates":[-164.9167,-85.75]},"properties":{"name":"Haas Glacier","kind":"glacier","rating":4,"region":"Antarctica"}},{"type":"Feature","geometry":{"type":"Point","coordinates":[-23.8375,81.7436]},"properties":{"name":"Hagen Fjord","kind":"coast","rating":4,"region":"Greenland"}},{"type":"Feature","geometry":{"type":"Point","coordinates":[-82.2833,68.6833]},"properties":{"name":"Hall Lake","kind":"lake","rating":4,"region":"Nunavut"}},{"type":"Feature","geometry":{"type":"Point","coordinates":[61.785,31.4307]},"properties":{"name":"Hamoun-e Puzak","kind":"lake","rating":4,"region":"Afghanistan"}},{"type":"Feature","geometry":{"type":"Point","coordinates":[14.808,61.7569]},"properties":{"name":"Hamra National Park","kind":"park","rating":4,"region":"Sweden"}},{"type":"Feature","geometry":{"type":"Point","coordinates":[105.841,21.024]},"properties":{"name":"Hanoi","kind":"city","rating":4,"region":"Vietnam"}},{"type":"Feature","geometry":{"type":"Point","coordinates":[97.5921,38.2957]},"properties":{"name":"Har Hu","kind":"lake","rating":4,"region":"Qinghai"}},{"type":"Feature","geometry":{"type":"Point","coordinates":[126.65,45.75]},"properties":{"name":"Harbin","kind":"city","rating":4,"region":"Heilongjiang"}},{"type":"Feature","geometry":{"type":"Point","coordinates":[162.4,-75.9167]},"properties":{"name":"Harbord Glacier","kind":"glacier","rating":4,"region":"Antarctica"}},{"type":"Feature","geometry":{"type":"Point","coordinates":[-117.7515,64.6169]},"properties":{"name":"Hardisty Lake","kind":"lake","rating":4,"region":"Northwest Territories"}},{"type":"Feature","geometry":{"type":"Point","coordinates":[74.3333,-69.7667]},"properties":{"name":"Hargreaves Glacier","kind":"glacier","rating":4,"region":"Antarctica"}},{"type":"Feature","geometry":{"type":"Point","coordinates":[91.3853,49.5697]},"properties":{"name":"Harhiraa","kind":"peak","rating":4,"region":"Mongolia"}},{"type":"Feature","geometry":{"type":"Point","coordinates":[95.8008,46.7892]},"properties":{"name":"Hasagt Hairhan","kind":"peak","rating":4,"region":"Mongolia"}},{"type":"Feature","geometry":{"type":"Point","coordinates":[-70.75,-70.2167]},"properties":{"name":"Haydn Inlet","kind":"coast","rating":4,"region":"Antarctica"}},{"type":"Feature","geometry":{"type":"Point","coordinates":[-115.201,36.6577]},"properties":{"name":"Hayford Peak","kind":"peak","rating":4,"region":"Nevada"}},{"type":"Feature","geometry":{"type":"Point","coordinates":[0.5833,-72.4833]},"properties":{"name":"Hei Glacier","kind":"glacier","rating":4,"region":"Antarctica"}},{"type":"Feature","geometry":{"type":"Point","coordinates":[39.8,-69.2667]},"properties":{"name":"Heitō Glacier","kind":"glacier","rating":4,"region":"Antarctica"}},{"type":"Feature","geometry":{"type":"Point","coordinates":[77.4333,33.9833]},"properties":{"name":"Hemis National Park","kind":"park","rating":4,"region":"Ladakh"}},{"type":"Feature","geometry":{"type":"Point","coordinates":[26.5833,-71.7167]},"properties":{"name":"Hette Glacier","kind":"glacier","rating":4,"region":"Antarctica"}},{"type":"Feature","geometry":{"type":"Point","coordinates":[167.833,-83.2833]},"properties":{"name":"Hewitt Glacier","kind":"glacier","rating":4,"region":"Antarctica"}},{"type":"Feature","geometry":{"type":"Point","coordinates":[-67.0439,78.8283]},"properties":{"name":"Hiawatha Glacier","kind":"glacier","rating":4,"region":"Greenland"}},{"type":"Feature","geometry":{"type":"Point","coordinates":[41.6333,-68.45]},"properties":{"name":"Higashi-naga-iwa Glacier","kind":"glacier","rating":4,"region":"Antarctica"}},{"type":"Feature","geometry":{"type":"Point","coordinates":[-75.6667,-73.05]},"properties":{"name":"Hill Glacier","kind":"glacier","rating":4,"region":"Antarctica"}},{"type":"Feature","geometry":{"type":"Point","coordinates":[48.7117,38.6306]},"properties":{"name":"Hirkan National Park","kind":"park","rating":4,"region":"Azerbaijan"}},{"type":"Feature","geometry":{"type":"Point","coordinates":[4.9484,60.53]},"properties":{"name":"Hjeltefjorden","kind":"coast","rating":4,"region":"Norway"}},{"type":"Feature","geometry":{"type":"Point","coordinates":[15.75,59.25]},"properties":{"name":"Hjälmaren","kind":"lake","rating":4,"region":"Sweden"}},{"type":"Feature","geometry":{"type":"Point","coordinates":[-125.841,50.335]},"properties":{"name":"Hkusam Mountain","kind":"peak","rating":4,"region":"British Columbia"}},{"type":"Feature","geometry":{"type":"Point","coordinates":[-97.15,-72.5]},"properties":{"name":"Hlubeck Glacier","kind":"glacier","rating":4,"region":"Antarctica"}},{"type":"Feature","geometry":{"type":"Point","coordinates":[92.7577,23.4499]},"properties":{"name":"Hmuifang","kind":"peak","rating":4,"region":"Mizoram"}},{"type":"Feature","geometry":{"type":"Point","coordinates":[106.63,10.823]},"properties":{"name":"Ho Chi Minh City","kind":"city","rating":4,"region":"Vietnam"}},{"type":"Feature","geometry":{"type":"Point","coordinates":[14.6328,47.5617]},"properties":{"name":"Hochtor","kind":"peak","rating":4,"region":"Austria"}},{"type":"Feature","geometry":{"type":"Point","coordinates":[159.95,-75.55]},"properties":{"name":"Hollingsworth Glacier","kind":"glacier","rating":4,"region":"Antarctica"}},{"type":"Feature","geometry":{"type":"Point","coordinates":[-118.327,34.098]},"properties":{"name":"Hollywood","kind":"city","rating":4,"region":"California"}},{"type":"Feature","geometry":{"type":"Point","coordinates":[113.3405,29.8478]},"properties":{"name":"Hong Lake","kind":"lake","rating":4,"region":"Hubei"}},{"type":"Feature","geometry":{"type":"Point","coordinates":[15.7181,76.9722]},"properties":{"name":"Hornsund","kind":"coast","rating":4,"region":"Norway"}},{"type":"Feature","geometry":{"type":"Point","coordinates":[10.0,55.85]},"properties":{"name":"Horsens Fjord","kind":"coast","rating":4,"region":"Denmark"}},{"type":"Feature","geometry":{"type":"Point","coordinates":[58.1167,-67.1]},"properties":{"name":"Hoseason Glacier","kind":"glacier","rating":4,"region":"Antarctica"}},{"type":"Feature","geometry":{"type":"Point","coordinates":[-93.0536,34.5136]},"properties":{"name":"Hot Springs National Park","kind":"park","rating":4,"region":"Arkansas"}},{"type":"Feature","geometry":{"type":"Point","coordinates":[-118.4833,65.5]},"properties":{"name":"Hottah Lake","kind":"lake","rating":4,"region":"Northwest Territories"}},{"type":"Feature","geometry":{"type":"Point","coordinates":[-127.7439,54.4186]},"properties":{"name":"Howson Peak","kind":"peak","rating":4,"region":"British Columbia"}},{"type":"Feature","geometry":{"type":"Point","coordinates":[-21.1408,65.3027]},"properties":{"name":"Hrútafjörður","kind":"coast","rating":4,"region":"Iceland"}},{"type":"Feature","geometry":{"type":"Point","coordinates":[119.1864,27.89]},"properties":{"name":"Huangmaojian Peak","kind":"peak","rating":4,"region":"Zhejiang"}},{"type":"Feature","geometry":{"type":"Point","coordinates":[-77.31,-9.5158]},"properties":{"name":"Huantsán","kind":"peak","rating":4,"region":"Peru"}},{"type":"Feature","geometry":{"type":"Point","coordinates":[-65.5183,-12.9178]},"properties":{"name":"Huaytunas Lake","kind":"lake","rating":4,"region":"Bolivia"}},{"type":"Feature","geometry":{"type":"Point","coordinates":[-94.17,58.77]},"properties":{"name":"Hudson Bay coast","kind":"coast","rating":4,"region":"Manitoba"}},{"type":"Feature","geometry":{"type":"Point","coordinates":[-137.25,-75.0833]},"properties":{"name":"Hull Glacier","kind":"glacier","rating":4,"region":"Antarctica"}},{"type":"Feature","geometry":{"type":"Point","coordinates":[-63.0,79.5]},"properties":{"name":"Humboldt Glacier","kind":"glacier","rating":4,"region":"Greenland"}},{"type":"Feature","geometry":{"type":"Point","coordinates":[26.955,-18.735]},"properties":{"name":"Hwange National Park","kind":"park","rating":4,"region":"Zimbabwe"}},{"type":"Feature","geometry":{"type":"Point","coordinates":[5.9657,61.7801]},"properties":{"name":"Hyefjorden","kind":"coast","rating":4,"region":"Norway"}},{"type":"Feature","geometry":{"type":"Point","coordinates":[8.85,-72.0333]},"properties":{"name":"Hålisen Glacier","kind":"glacier","rating":4,"region":"Antarctica"}},{"type":"Feature","geometry":{"type":"Point","coordinates":[-113.9197,39.8283]},"properties":{"name":"Ibapah Peak","kind":"peak","rating":4,"region":"Utah"}},{"type":"Feature","geometry":{"type":"Point","coordinates":[11.3889,59.0736]},"properties":{"name":"Iddefjorden","kind":"coast","rating":4,"region":"Norway"}},{"type":"Feature","geometry":{"type":"Point","coordinates":[100.2308,44.995]},"properties":{"name":"Ikh Bogd","kind":"peak","rating":4,"region":"Mongolia"}},{"type":"Feature","geometry":{"type":"Point","coordinates":[31.2833,58.2667]},"properties":{"name":"Ilmen","kind":"lake","rating":4,"region":"Novgorod"}},{"type":"Feature","geometry":{"type":"Point","coordinates":[41.7817,37.7311]},"properties":{"name":"Ilısu Reservoir","kind":"lake","rating":4,"region":"Turkey"}},{"type":"Feature","geometry":{"type":"Point","coordinates":[33.0484,67.5542]},"properties":{"name":"Imandra","kind":"lake","rating":4,"region":"Murmansk"}},{"type":"Feature","geometry":{"type":"Point","coordinates":[-28.0,82.1333]},"properties":{"name":"Independence Fjord","kind":"coast","rating":4,"region":"Greenland"}},{"type":"Feature","geometry":{"type":"Point","coordinates":[45.2884,-22.4351]},"properties":{"name":"Isalo National Park","kind":"park","rating":4,"region":"Madagascar"}},{"type":"Feature","geometry":{"type":"Point","coordinates":[11.8,55.85]},"properties":{"name":"Isefjord","kind":"coast","rating":4,"region":"Denmark"}},{"type":"Feature","geometry":{"type":"Point","coordinates":[14.0,78.1667]},"properties":{"name":"Isfjorden","kind":"coast","rating":4,"region":"Norway"}},{"type":"Feature","geometry":{"type":"Point","coordinates":[-88.9093,47.9959]},"properties":{"name":"Isle Royale National Park","kind":"park","rating":4,"region":"Michigan"}},{"type":"Feature","geometry":{"type":"Point","coordinates":[-1.59,50.662]},"properties":{"name":"Isle of Wight / Needles","kind":"island","rating":4,"region":"UK"}},{"type":"Feature","geometry":{"type":"Point","coordinates":[36.8961,56.7978]},"properties":{"name":"Ivankovo Reservoir","kind":"lake","rating":4,"region":"Tver'"}},{"type":"Feature","geometry":{"type":"Point","coordinates":[12.63,0.088]},"properties":{"name":"Ivindo National Park","kind":"park","rating":4,"region":"Gabon"}},{"type":"Feature","geometry":{"type":"Point","coordinates":[-139.525,69.5197]},"properties":{"name":"Ivvavik National Park","kind":"park","rating":4,"region":"Yukon"}},{"type":"Feature","geometry":{"type":"Point","coordinates":[56.2325,25.9764]},"properties":{"name":"Jabal Al Harim","kind":"peak","rating":4,"region":"Oman"}},{"type":"Feature","geometry":{"type":"Point","coordinates":[35.3058,28.6542]},"properties":{"name":"Jabal al-Lawz","kind":"peak","rating":4,"region":"Saudi Arabia"}},{"type":"Feature","geometry":{"type":"Point","coordinates":[-81.656,30.332]},"properties":{"name":"Jacksonville","kind":"city","rating":4,"region":"Florida"}},{"type":"Feature","geometry":{"type":"Point","coordinates":[-148.283,-77.7333]},"properties":{"name":"Jacobel Glacier","kind":"glacier","rating":4,"region":"Antarctica"}},{"type":"Feature","geometry":{"type":"Point","coordinates":[21.4053,41.7042]},"properties":{"name":"Jakupica","kind":"peak","rating":4,"region":"North Macedonia"}},{"type":"Feature","geometry":{"type":"Point","coordinates":[-68.5408,-15.8533]},"properties":{"name":"Janq'u Uma","kind":"peak","rating":4,"region":"Bolivia"}},{"type":"Feature","geometry":{"type":"Point","coordinates":[-4.5,-70.5]},"properties":{"name":"Jelbart Ice Shelf","kind":"glacier","rating":4,"region":"Antarctica"}},{"type":"Feature","geometry":{"type":"Point","coordinates":[127.7306,35.3369]},"properties":{"name":"Jirisan","kind":"peak","rating":4,"region":"Republic of Korea"}},{"type":"Feature","geometry":{"type":"Point","coordinates":[91.5,-66.6]},"properties":{"name":"Jones Glacier","kind":"glacier","rating":4,"region":"Antarctica"}},{"type":"Feature","geometry":{"type":"Point","coordinates":[-68.5,-70.95]},"properties":{"name":"Jupiter Glacier","kind":"glacier","rating":4,"region":"Antarctica"}},{"type":"Feature","geometry":{"type":"Point","coordinates":[-0.5,-71.5833]},"properties":{"name":"Jutulstraumen Glacier","kind":"glacier","rating":4,"region":"Antarctica"}},{"type":"Feature","geometry":{"type":"Point","coordinates":[-16.5369,65.9289]},"properties":{"name":"Jökulsárgljúfur","kind":"canyon","rating":4,"region":"Iceland"}},{"type":"Feature","geometry":{"type":"Point","coordinates":[21.7861,40.9303]},"properties":{"name":"Kajmakčalan","kind":"peak","rating":4,"region":"Greece"}},{"type":"Feature","geometry":{"type":"Point","coordinates":[-117.6667,60.9167]},"properties":{"name":"Kakisa Lake","kind":"lake","rating":4,"region":"Northwest Territories"}},{"type":"Feature","geometry":{"type":"Point","coordinates":[-1.3833,5.3536]},"properties":{"name":"Kakum National Park","kind":"park","rating":4,"region":"Ghana"}},{"type":"Feature","geometry":{"type":"Point","coordinates":[27.7833,62.8167]},"properties":{"name":"Kallavesi","kind":"lake","rating":4,"region":"Finland"}},{"type":"Feature","geometry":{"type":"Point","coordinates":[34.1125,48.7961]},"properties":{"name":"Kamianske Reservoir","kind":"lake","rating":4,"region":"Ukraine"}},{"type":"Feature","geometry":{"type":"Point","coordinates":[-101.802,62.3193]},"properties":{"name":"Kamilukuak Lake","kind":"lake","rating":4,"region":"Nunavut"}},{"type":"Feature","geometry":{"type":"Point","coordinates":[-95.0833,62.1833]},"properties":{"name":"Kaminak Lake","kind":"lake","rating":4,"region":"Nunavut"}},{"type":"Feature","geometry":{"type":"Point","coordinates":[-32.0333,68.2167]},"properties":{"name":"Kangerlussuaq","kind":"coast","rating":4,"region":"Greenland"}},{"type":"Feature","geometry":{"type":"Point","coordinates":[-52.1167,66.5]},"properties":{"name":"Kangerlussuaq Fjord","kind":"coast","rating":4,"region":"Greenland"}},{"type":"Feature","geometry":{"type":"Point","coordinates":[-71.1475,70.5012]},"properties":{"name":"Kangiqtualuk Uqquqti","kind":"coast","rating":4,"region":"Nunavut"}},{"type":"Feature","geometry":{"type":"Point","coordinates":[80.645,22.2275]},"properties":{"name":"Kanha National Park","kind":"park","rating":4,"region":"Madhya Pradesh"}},{"type":"Feature","geometry":{"type":"Point","coordinates":[31.2425,49.9794]},"properties":{"name":"Kaniv Reservoir","kind":"lake","rating":4,"region":"Ukraine"}},{"type":"Feature","geometry":{"type":"Point","coordinates":[82.7528,29.3918]},"properties":{"name":"Kanjiroba Himal","kind":"peak","rating":4,"region":"Nepal"}},{"type":"Feature","geometry":{"type":"Point","coordinates":[67.01,24.861]},"properties":{"name":"Karachi","kind":"city","rating":4,"region":"Pakistan"}},{"type":"Feature","geometry":{"type":"Point","coordinates":[98.3319,79.6344]},"properties":{"name":"Karpinsky Glacier","kind":"glacier","rating":4,"region":"Krasnoyarsk"}},{"type":"Feature","geometry":{"type":"Point","coordinates":[-138.6067,60.8047]},"properties":{"name":"Kaskawulsh Glacier","kind":"glacier","rating":4,"region":"Yukon"}},{"type":"Feature","geometry":{"type":"Point","coordinates":[70.06,40.29]},"properties":{"name":"Kayrakkum Reservoir","kind":"lake","rating":4,"region":"Tajikistan"}},{"type":"Feature","geometry":{"type":"Point","coordinates":[93.8402,24.4856]},"properties":{"name":"Keibul Lamjao National Park","kind":"park","rating":4,"region":"Manipur"}},{"type":"Feature","geometry":{"type":"Point","coordinates":[-25.0,73.45]},"properties":{"name":"Kejser Franz Joseph Fjord","kind":"coast","rating":4,"region":"Greenland"}},{"type":"Feature","geometry":{"type":"Point","coordinates":[-121.5849,63.9501]},"properties":{"name":"Keller Lake","kind":"lake","rating":4,"region":"Northwest Territories"}},{"type":"Feature","geometry":{"type":"Point","coordinates":[-149.9875,59.9178]},"properties":{"name":"Kenai Fjords National Park","kind":"park","rating":4,"region":"Alaska"}},{"type":"Feature","geometry":{"type":"Point","coordinates":[93.7617,23.3175]},"properties":{"name":"Kennedy Peak","kind":"peak","rating":4,"region":"Myanmar"}},{"type":"Feature","geometry":{"type":"Point","coordinates":[120.7969,21.98]},"properties":{"name":"Kenting National Park","kind":"park","rating":4,"region":"Taiwan"}},{"type":"Feature","geometry":{"type":"Point","coordinates":[90.4944,68.2825]},"properties":{"name":"Khantayskoye Lake","kind":"lake","rating":4,"region":"Krasnoyarsk"}},{"type":"Feature","geometry":{"type":"Point","coordinates":[99.73,8.4936]},"properties":{"name":"Khao Luang","kind":"peak","rating":4,"region":"Thailand"}},{"type":"Feature","geometry":{"type":"Point","coordinates":[93.2173,48.0964]},"properties":{"name":"Khar Lake","kind":"lake","rating":4,"region":"Mongolia"}},{"type":"Feature","geometry":{"type":"Point","coordinates":[91.6333,25.5833]},"properties":{"name":"Khasi Hills","kind":"peak","rating":4,"region":"Meghalaya"}},{"type":"Feature","geometry":{"type":"Point","coordinates":[160.6833,57.9167]},"properties":{"name":"Khuvkhoitun","kind":"peak","rating":4,"region":"Kamchatka"}},{"type":"Feature","geometry":{"type":"Point","coordinates":[-152.723,62.4231]},"properties":{"name":"Kichatna Spire","kind":"peak","rating":4,"region":"Alaska"}},{"type":"Feature","geometry":{"type":"Point","coordinates":[47.6,-67.7667]},"properties":{"name":"Kichenside Glacier","kind":"glacier","rating":4,"region":"Antarctica"}},{"type":"Feature","geometry":{"type":"Point","coordinates":[-9.5066,52.021]},"properties":{"name":"Killarney National Park","kind":"park","rating":4,"region":"Ireland"}},{"type":"Feature","geometry":{"type":"Point","coordinates":[-110.3728,40.7764]},"properties":{"name":"King's Peak","kind":"peak","rating":4,"region":"Utah"}},{"type":"Feature","geometry":{"type":"Point","coordinates":[131.563,-24.258]},"properties":{"name":"Kings Canyon","kind":"canyon","rating":4,"region":"Northern Territory"}},{"type":"Feature","geometry":{"type":"Point","coordinates":[15.314,-4.328]},"properties":{"name":"Kinshasa","kind":"city","rating":4,"region":"Democratic Republic of the Congo"}},{"type":"Feature","geometry":{"type":"Point","coordinates":[166.15,-70.7167]},"properties":{"name":"Kirkby Glacier","kind":"glacier","rating":4,"region":"Antarctica"}},{"type":"Feature","geometry":{"type":"Point","coordinates":[-136.0,-75.15]},"properties":{"name":"Kirkpatrick Glacier","kind":"glacier","rating":4,"region":"Antarctica"}},{"type":"Feature","geometry":{"type":"Point","coordinates":[-127.9434,55.3985]},"properties":{"name":"Kispiox Mountain","kind":"peak","rating":4,"region":"British Columbia"}},{"type":"Feature","geometry":{"type":"Point","coordinates":[-138.7444,61.2639]},"properties":{"name":"Kluane Lake","kind":"lake","rating":4,"region":"Yukon"}},{"type":"Feature","geometry":{"type":"Point","coordinates":[-159.1989,67.3534]},"properties":{"name":"Kobuk Valley National Park","kind":"park","rating":4,"region":"Alaska"}},{"type":"Feature","geometry":{"type":"Point","coordinates":[-113.75,-74.9167]},"properties":{"name":"Kohler Glacier","kind":"glacier","rating":4,"region":"Antarctica"}},{"type":"Feature","geometry":{"type":"Point","coordinates":[75.3286,34.1658]},"properties":{"name":"Kolahoi Peak","kind":"peak","rating":4,"region":"Jammu and Kashmir"}},{"type":"Feature","geometry":{"type":"Point","coordinates":[41.6961,42.1108]},"properties":{"name":"Kolkheti National Park","kind":"park","rating":4,"region":"Georgia"}},{"type":"Feature","geometry":{"type":"Point","coordinates":[-116.75,49.3]},"properties":{"name":"Kootenay Lake","kind":"lake","rating":4,"region":"British Columbia"}},{"type":"Feature","geometry":{"type":"Point","coordinates":[32.0,66.7828]},"properties":{"name":"Kovdozero","kind":"lake","rating":4,"region":"Murmansk"}},{"type":"Feature","geometry":{"type":"Point","coordinates":[16.8917,45.0083]},"properties":{"name":"Kozara National Park","kind":"park","rating":4,"region":"Bosnia and Herzegovina"}},{"type":"Feature","geometry":{"type":"Point","coordinates":[174.4167,64.4667]},"properties":{"name":"Krasnoye Lake","kind":"lake","rating":4,"region":"Chukchi Autonomous Okrug"}},{"type":"Feature","geometry":{"type":"Point","coordinates":[72.6,-70.3667]},"properties":{"name":"Kreitzer Glacier","kind":"glacier","rating":4,"region":"Antarctica"}},{"type":"Feature","geometry":{"type":"Point","coordinates":[15.7403,50.7361]},"properties":{"name":"Krkonoše National Park","kind":"park","rating":4,"region":"Czech Republic"}},{"type":"Feature","geometry":{"type":"Point","coordinates":[39.4469,59.6403]},"properties":{"name":"Kubenskoe","kind":"lake","rating":4,"region":"Vologda"}},{"type":"Feature","geometry":{"type":"Point","coordinates":[22.0883,69.7462]},"properties":{"name":"Kvænangen","kind":"coast","rating":4,"region":"Norway"}},{"type":"Feature","geometry":{"type":"Point","coordinates":[30.4994,50.9064]},"properties":{"name":"Kyiv Reservoir","kind":"lake","rating":4,"region":"Ukraine"}},{"type":"Feature","geometry":{"type":"Point","coordinates":[20.7291,69.5175]},"properties":{"name":"Kåfjorden","kind":"coast","rating":4,"region":"Norway"}},{"type":"Feature","geometry":{"type":"Point","coordinates":[31.1407,37.2959]},"properties":{"name":"Köprülü Canyon","kind":"canyon","rating":4,"region":"Turkey"}},{"type":"Feature","geometry":{"type":"Point","coordinates":[-5.1933,42.8533]},"properties":{"name":"La Camperona","kind":"peak","rating":4,"region":"Spain"}},{"type":"Feature","geometry":{"type":"Point","coordinates":[-73.2508,53.9008]},"properties":{"name":"La Grande 4 Reservoir","kind":"lake","rating":4,"region":"Québec"}},{"type":"Feature","geometry":{"type":"Point","coordinates":[-101.5789,58.6094]},"properties":{"name":"Lac Brochet","kind":"lake","rating":4,"region":"Manitoba"}},{"type":"Feature","geometry":{"type":"Point","coordinates":[-76.9647,50.9036]},"properties":{"name":"Lac Evans","kind":"lake","rating":4,"region":"Québec"}},{"type":"Feature","geometry":{"type":"Point","coordinates":[-65.2985,52.7502]},"properties":{"name":"Lac Joseph","kind":"lake","rating":4,"region":"Newfoundland and Labrador"}},{"type":"Feature","geometry":{"type":"Point","coordinates":[-78.9678,46.8847]},"properties":{"name":"Lac Kipawa","kind":"lake","rating":4,"region":"Québec"}},{"type":"Feature","geometry":{"type":"Point","coordinates":[-70.7492,50.705]},"properties":{"name":"Lac Manouane","kind":"lake","rating":4,"region":"Québec"}},{"type":"Feature","geometry":{"type":"Point","coordinates":[-124.9187,67.4835]},"properties":{"name":"Lac Maunoir","kind":"lake","rating":4,"region":"Northwest Territories"}},{"type":"Feature","geometry":{"type":"Point","coordinates":[-75.0125,57.2186]},"properties":{"name":"Lac Minto","kind":"lake","rating":4,"region":"Québec"}},{"type":"Feature","geometry":{"type":"Point","coordinates":[-70.7508,52.8539]},"properties":{"name":"Lac Naococane","kind":"lake","rating":4,"region":"Québec"}},{"type":"Feature","geometry":{"type":"Point","coordinates":[-73.8153,59.3972]},"properties":{"name":"Lac Payne","kind":"lake","rating":4,"region":"Québec"}},{"type":"Feature","geometry":{"type":"Point","coordinates":[-70.1,51.7167]},"properties":{"name":"Lac Plétipi","kind":"lake","rating":4,"region":"Québec"}},{"type":"Feature","geometry":{"type":"Point","coordinates":[-76.7614,53.2519]},"properties":{"name":"Lac Sakami","kind":"lake","rating":4,"region":"Québec"}},{"type":"Feature","geometry":{"type":"Point","coordinates":[-69.8333,58.8]},"properties":{"name":"Lac aux Feuilles","kind":"lake","rating":4,"region":"Québec"}},{"type":"Feature","geometry":{"type":"Point","coordinates":[-110.5167,64.5]},"properties":{"name":"Lac de Gras","kind":"lake","rating":4,"region":"Northwest Territories"}},{"type":"Feature","geometry":{"type":"Point","coordinates":[-125.152,66.8335]},"properties":{"name":"Lac des Bois","kind":"lake","rating":4,"region":"Northwest Territories"}},{"type":"Feature","geometry":{"type":"Point","coordinates":[-107.849,55.4444]},"properties":{"name":"Lac Île-à-la-Crosse","kind":"lake","rating":4,"region":"Saskatchewan"}},{"type":"Feature","geometry":{"type":"Point","coordinates":[38.8,61.3333]},"properties":{"name":"Lacha","kind":"lake","rating":4,"region":"Arkhangel'sk"}},{"type":"Feature","geometry":{"type":"Point","coordinates":[13.8333,8.8833]},"properties":{"name":"Lagdo Reservoir","kind":"lake","rating":4,"region":"Cameroon"}},{"type":"Feature","geometry":{"type":"Point","coordinates":[-63.3581,-4.0928]},"properties":{"name":"Lago de Coari","kind":"lake","rating":4,"region":"Amazonas"}},{"type":"Feature","geometry":{"type":"Point","coordinates":[3.395,6.454]},"properties":{"name":"Lagos","kind":"city","rating":4,"region":"Nigeria"}},{"type":"Feature","geometry":{"type":"Point","coordinates":[-94.8944,16.3307]},"properties":{"name":"Laguna Superior","kind":"lake","rating":4,"region":"Oaxaca"}},{"type":"Feature","geometry":{"type":"Point","coordinates":[9.4558,-1.9189]},"properties":{"name":"Lagune Iguéla","kind":"lake","rating":4,"region":"Gabon"}},{"type":"Feature","geometry":{"type":"Point","coordinates":[10.0,-2.5833]},"properties":{"name":"Lagune Ndogo","kind":"lake","rating":4,"region":"Gabon"}},{"type":"Feature","geometry":{"type":"Point","coordinates":[74.351,31.558]},"properties":{"name":"Lahore","kind":"city","rating":4,"region":"Pakistan"}},{"type":"Feature","geometry":{"type":"Point","coordinates":[-79.75,48.6667]},"properties":{"name":"Lake Abitibi","kind":"lake","rating":4,"region":"Ontario"}},{"type":"Feature","geometry":{"type":"Point","coordinates":[31.4178,38.5112]},"properties":{"name":"Lake Akşehir","kind":"lake","rating":4,"region":"Turkey"}},{"type":"Feature","geometry":{"type":"Point","coordinates":[48.5,-17.5]},"properties":{"name":"Lake Alaotra","kind":"lake","rating":4,"region":"Madagascar"}},{"type":"Feature","geometry":{"type":"Point","coordinates":[139.15,-35.45]},"properties":{"name":"Lake Alexandrina","kind":"lake","rating":4,"region":"South Australia"}},{"type":"Feature","geometry":{"type":"Point","coordinates":[118.3,-26.9333]},"properties":{"name":"Lake Anneen","kind":"lake","rating":4,"region":"Western Australia"}},{"type":"Feature","geometry":{"type":"Point","coordinates":[33.1622,31.1906]},"properties":{"name":"Lake Bardawil","kind":"lake","rating":4,"region":"Egypt"}},{"type":"Feature","geometry":{"type":"Point","coordinates":[31.5076,37.782]},"properties":{"name":"Lake Beyşehir","kind":"lake","rating":4,"region":"Turkey"}},{"type":"Feature","geometry":{"type":"Point","coordinates":[-89.6175,30.0281]},"properties":{"name":"Lake Borgne","kind":"lake","rating":4,"region":"Louisiana"}},{"type":"Feature","geometry":{"type":"Point","coordinates":[171.45,-42.615]},"properties":{"name":"Lake Brunner / Moana","kind":"lake","rating":4,"region":"New Zealand"}},{"type":"Feature","geometry":{"type":"Point","coordinates":[122.5,-26.1667]},"properties":{"name":"Lake Carnegie","kind":"lake","rating":4,"region":"Western Australia"}},{"type":"Feature","geometry":{"type":"Point","coordinates":[37.55,5.8333]},"properties":{"name":"Lake Chamo","kind":"lake","rating":4,"region":"Ethiopia"}},{"type":"Feature","geometry":{"type":"Point","coordinates":[136.5797,51.9878]},"properties":{"name":"Lake Chukchagirskoye","kind":"lake","rating":4,"region":"Khabarovsk"}},{"type":"Feature","geometry":{"type":"Point","coordinates":[-154.2853,60.2442]},"properties":{"name":"Lake Clark","kind":"lake","rating":4,"region":"Alaska"}},{"type":"Feature","geometry":{"type":"Point","coordinates":[144.5219,-36.8656]},"properties":{"name":"Lake Eppalock","kind":"lake","rating":4,"region":"Victoria"}},{"type":"Feature","geometry":{"type":"Point","coordinates":[30.8884,37.9936]},"properties":{"name":"Lake Eğirdir","kind":"lake","rating":4,"region":"Turkey"}},{"type":"Feature","geometry":{"type":"Point","coordinates":[-71.0167,81.7972]},"properties":{"name":"Lake Hazen","kind":"lake","rating":4,"region":"Nunavut"}},{"type":"Feature","geometry":{"type":"Point","coordinates":[-89.1667,15.5]},"properties":{"name":"Lake Izabal","kind":"lake","rating":4,"region":"Guatemala"}},{"type":"Feature","geometry":{"type":"Point","coordinates":[25.9772,62.8823]},"properties":{"name":"Lake Keitele","kind":"lake","rating":4,"region":"Finland"}},{"type":"Feature","geometry":{"type":"Point","coordinates":[26.5038,-8.2577]},"properties":{"name":"Lake Kisale","kind":"lake","rating":4,"region":"Democratic Republic of the Congo"}},{"type":"Feature","geometry":{"type":"Point","coordinates":[79.5167,53.0]},"properties":{"name":"Lake Kulunda","kind":"lake","rating":4,"region":"Altay"}},{"type":"Feature","geometry":{"type":"Point","coordinates":[99.6053,72.295]},"properties":{"name":"Lake Labaz","kind":"lake","rating":4,"region":"Krasnoyarsk"}},{"type":"Feature","geometry":{"type":"Point","coordinates":[-95.15,30.74]},"properties":{"name":"Lake Livingston","kind":"lake","rating":4,"region":"Texas"}},{"type":"Feature","geometry":{"type":"Point","coordinates":[35.25,-14.6667]},"properties":{"name":"Lake Malombe","kind":"lake","rating":4,"region":"Malawi"}},{"type":"Feature","geometry":{"type":"Point","coordinates":[-80.2514,33.4622]},"properties":{"name":"Lake Marion","kind":"lake","rating":4,"region":"South Carolina"}},{"type":"Feature","geometry":{"type":"Point","coordinates":[85.75,48.75]},"properties":{"name":"Lake Marqaköl","kind":"lake","rating":4,"region":"Kazakhstan"}},{"type":"Feature","geometry":{"type":"Point","coordinates":[-87.0,43.0]},"properties":{"name":"Lake Michigan shore","kind":"coast","rating":4,"region":"Michigan"}},{"type":"Feature","geometry":{"type":"Point","coordinates":[30.6142,29.4722]},"properties":{"name":"Lake Moeris","kind":"lake","rating":4,"region":"Egypt"}},{"type":"Feature","geometry":{"type":"Point","coordinates":[141.5,-7.0]},"properties":{"name":"Lake Murray","kind":"lake","rating":4,"region":"Papua New Guinea"}},{"type":"Feature","geometry":{"type":"Point","coordinates":[-69.19,-45.41]},"properties":{"name":"Lake Musters","kind":"lake","rating":4,"region":"Argentina"}},{"type":"Feature","geometry":{"type":"Point","coordinates":[36.0,-2.4167]},"properties":{"name":"Lake Natron","kind":"lake","rating":4,"region":"Tanzania"}},{"type":"Feature","geometry":{"type":"Point","coordinates":[-80.0,46.2833]},"properties":{"name":"Lake Nipissing","kind":"lake","rating":4,"region":"Ontario"}},{"type":"Feature","geometry":{"type":"Point","coordinates":[-80.8,26.95]},"properties":{"name":"Lake Okeechobee","kind":"lake","rating":4,"region":"Florida"}},{"type":"Feature","geometry":{"type":"Point","coordinates":[29.4,62.2667]},"properties":{"name":"Lake Orivesi","kind":"lake","rating":4,"region":"Finland"}},{"type":"Feature","geometry":{"type":"Point","coordinates":[-116.3333,48.1667]},"properties":{"name":"Lake Pend Oreille","kind":"lake","rating":4,"region":"Idaho"}},{"type":"Feature","geometry":{"type":"Point","coordinates":[28.0119,58.0045]},"properties":{"name":"Lake Pihkva","kind":"lake","rating":4,"region":"Pskov"}},{"type":"Feature","geometry":{"type":"Point","coordinates":[28.9847,44.8267]},"properties":{"name":"Lake Razelm","kind":"lake","rating":4,"region":"Romania"}},{"type":"Feature","geometry":{"type":"Point","coordinates":[-72.8322,46.2042]},"properties":{"name":"Lake Saint Pierre","kind":"lake","rating":4,"region":"Québec"}},{"type":"Feature","geometry":{"type":"Point","coordinates":[-90.2462,29.7238]},"properties":{"name":"Lake Salvador","kind":"lake","rating":4,"region":"Louisiana"}},{"type":"Feature","geometry":{"type":"Point","coordinates":[80.9747,46.5756]},"properties":{"name":"Lake Sasykkol","kind":"lake","rating":4,"region":"Kazakhstan"}},{"type":"Feature","geometry":{"type":"Point","coordinates":[38.5333,7.4833]},"properties":{"name":"Lake Shala","kind":"lake","rating":4,"region":"Ethiopia"}},{"type":"Feature","geometry":{"type":"Point","coordinates":[119.8719,-3.9897]},"properties":{"name":"Lake Sidenreng","kind":"lake","rating":4,"region":"Indonesia"}},{"type":"Feature","geometry":{"type":"Point","coordinates":[-79.3392,44.4367]},"properties":{"name":"Lake Simcoe","kind":"lake","rating":4,"region":"Ontario"}},{"type":"Feature","geometry":{"type":"Point","coordinates":[19.309,42.1814]},"properties":{"name":"Lake Skadar","kind":"lake","rating":4,"region":"Albania"}},{"type":"Feature","geometry":{"type":"Point","coordinates":[-90.7667,51.05]},"properties":{"name":"Lake St. Joseph","kind":"lake","rating":4,"region":"Ontario"}},{"type":"Feature","geometry":{"type":"Point","coordinates":[32.4333,-28.3833]},"properties":{"name":"Lake St. Lucia","kind":"lake","rating":4,"region":"South Africa"}},{"type":"Feature","geometry":{"type":"Point","coordinates":[35.1833,-6.0833]},"properties":{"name":"Lake Sulunga","kind":"lake","rating":4,"region":"Tanzania"}},{"type":"Feature","geometry":{"type":"Point","coordinates":[-8.2333,11.6167]},"properties":{"name":"Lake Sélingué","kind":"lake","rating":4,"region":"Mali"}},{"type":"Feature","geometry":{"type":"Point","coordinates":[-67.7333,10.1833]},"properties":{"name":"Lake Tacarigua o Valencia","kind":"lake","rating":4,"region":"Venezuela"}},{"type":"Feature","geometry":{"type":"Point","coordinates":[-76.2942,56.2494]},"properties":{"name":"Lake Tasiujaq","kind":"lake","rating":4,"region":"Québec"}},{"type":"Feature","geometry":{"type":"Point","coordinates":[175.9167,-38.8167]},"properties":{"name":"Lake Taupō","kind":"lake","rating":4,"region":"New Zealand"}},{"type":"Feature","geometry":{"type":"Point","coordinates":[-96.5711,33.8319]},"properties":{"name":"Lake Texoma","kind":"lake","rating":4,"region":"Texas"}},{"type":"Feature","geometry":{"type":"Point","coordinates":[-79.5,47.3333]},"properties":{"name":"Lake Timiskaming","kind":"lake","rating":4,"region":"Ontario"}},{"type":"Feature","geometry":{"type":"Point","coordinates":[121.5223,-2.7626]},"properties":{"name":"Lake Towuti","kind":"lake","rating":4,"region":"Indonesia"}},{"type":"Feature","geometry":{"type":"Point","coordinates":[27.0594,-10.8603]},"properties":{"name":"Lake Tshangalele","kind":"lake","rating":4,"region":"Democratic Republic of the Congo"}},{"type":"Feature","geometry":{"type":"Point","coordinates":[18.0,-0.8333]},"properties":{"name":"Lake Tumba","kind":"lake","rating":4,"region":"Democratic Republic of the Congo"}},{"type":"Feature","geometry":{"type":"Point","coordinates":[-88.4095,44.017]},"properties":{"name":"Lake Winnebago","kind":"lake","rating":4,"region":"Wisconsin"}},{"type":"Feature","geometry":{"type":"Point","coordinates":[38.83,8.0]},"properties":{"name":"Lake Zway","kind":"lake","rating":4,"region":"Ethiopia"}},{"type":"Feature","geometry":{"type":"Point","coordinates":[-94.8,49.3]},"properties":{"name":"Lake of the Woods","kind":"lake","rating":4,"region":"Ontario"}},{"type":"Feature","geometry":{"type":"Point","coordinates":[26.8833,70.7667]},"properties":{"name":"Laksefjord","kind":"coast","rating":4,"region":"Norway"}},{"type":"Feature","geometry":{"type":"Point","coordinates":[4.2286,36.4472]},"properties":{"name":"Lalla-Khedidja","kind":"peak","rating":4,"region":"Algeria"}},{"type":"Feature","geometry":{"type":"Point","coordinates":[90.25,69.55]},"properties":{"name":"Lama","kind":"lake","rating":4,"region":"Krasnoyarsk"}},{"type":"Feature","geometry":{"type":"Point","coordinates":[-141.75,-75.6667]},"properties":{"name":"Land Glacier","kind":"glacier","rating":4,"region":"Antarctica"}},{"type":"Feature","geometry":{"type":"Point","coordinates":[14.4833,-72.0167]},"properties":{"name":"Langskavlen Glacier","kind":"glacier","rating":4,"region":"Antarctica"}},{"type":"Feature","geometry":{"type":"Point","coordinates":[161.0,-84.0833]},"properties":{"name":"Law Glacier","kind":"glacier","rating":4,"region":"Antarctica"}},{"type":"Feature","geometry":{"type":"Point","coordinates":[14.75,-69.6167]},"properties":{"name":"Lazarev Ice Shelf","kind":"glacier","rating":4,"region":"Antarctica"}},{"type":"Feature","geometry":{"type":"Point","coordinates":[78.3083,41.8955]},"properties":{"name":"Lednik Petrova","kind":"glacier","rating":4,"region":"Kyrgyzstan"}},{"type":"Feature","geometry":{"type":"Point","coordinates":[-94.3667,47.1667]},"properties":{"name":"Leech Lake","kind":"lake","rating":4,"region":"Minnesota"}},{"type":"Feature","geometry":{"type":"Point","coordinates":[-71.9833,-69.2]},"properties":{"name":"Lennon Glacier","kind":"glacier","rating":4,"region":"Antarctica"}},{"type":"Feature","geometry":{"type":"Point","coordinates":[-34.25,-77.9167]},"properties":{"name":"Lerchenfeld Glacier","kind":"glacier","rating":4,"region":"Antarctica"}},{"type":"Feature","geometry":{"type":"Point","coordinates":[-77.028,-12.043]},"properties":{"name":"Lima","kind":"city","rating":4,"region":"Peru"}},{"type":"Feature","geometry":{"type":"Point","coordinates":[80.9158,35.3158]},"properties":{"name":"Liushi Shan","kind":"peak","rating":4,"region":"Xizang"}},{"type":"Feature","geometry":{"type":"Point","coordinates":[-168.0,-84.9167]},"properties":{"name":"Liv Glacier","kind":"glacier","rating":4,"region":"Antarctica"}},{"type":"Feature","geometry":{"type":"Point","coordinates":[-69.1425,-35.6222]},"properties":{"name":"Llancanelo Lake","kind":"lake","rating":4,"region":"Argentina"}},{"type":"Feature","geometry":{"type":"Point","coordinates":[15.75,2.25]},"properties":{"name":"Lobéké National Park","kind":"park","rating":4,"region":"Cameroon"}},{"type":"Feature","geometry":{"type":"Point","coordinates":[-4.868,56.072]},"properties":{"name":"Loch Long","kind":"coast","rating":4,"region":"UK"}},{"type":"Feature","geometry":{"type":"Point","coordinates":[-5.5,57.2911]},"properties":{"name":"Loch Long","kind":"coast","rating":4,"region":"UK"}},{"type":"Feature","geometry":{"type":"Point","coordinates":[67.3013,30.2625]},"properties":{"name":"Loe Nekan","kind":"peak","rating":4,"region":"Pakistan"}},{"type":"Feature","geometry":{"type":"Point","coordinates":[98.0667,22.65]},"properties":{"name":"Loi Leng","kind":"peak","rating":4,"region":"Myanmar"}},{"type":"Feature","geometry":{"type":"Point","coordinates":[100.3131,21.3035]},"properties":{"name":"Loi Pangnao","kind":"peak","rating":4,"region":"Myanmar"}},{"type":"Feature","geometry":{"type":"Point","coordinates":[27.5761,67.9172]},"properties":{"name":"Lokka Reservoir","kind":"lake","rating":4,"region":"Finland"}},{"type":"Feature","geometry":{"type":"Point","coordinates":[-72.5,40.9]},"properties":{"name":"Long Island / Hamptons","kind":"coast","rating":4,"region":"New York"}},{"type":"Feature","geometry":{"type":"Point","coordinates":[-70.65,44.0333]},"properties":{"name":"Long Lake","kind":"lake","rating":4,"region":"Maine"}},{"type":"Feature","geometry":{"type":"Point","coordinates":[116.15,29.9333]},"properties":{"name":"Longgan Lake","kind":"lake","rating":4,"region":"Anhui"}},{"type":"Feature","geometry":{"type":"Point","coordinates":[100.7333,36.0333]},"properties":{"name":"Longyangxia Reservoir","kind":"lake","rating":4,"region":"Qinghai"}},{"type":"Feature","geometry":{"type":"Point","coordinates":[11.5428,-0.5253]},"properties":{"name":"Lopé National Park","kind":"park","rating":4,"region":"Gabon"}},{"type":"Feature","geometry":{"type":"Point","coordinates":[-6.3953,54.6183]},"properties":{"name":"Lough Neagh","kind":"lake","rating":4,"region":"UK"}},{"type":"Feature","geometry":{"type":"Point","coordinates":[172.667,-84.45]},"properties":{"name":"Ludeman Glacier","kind":"glacier","rating":4,"region":"Antarctica"}},{"type":"Feature","geometry":{"type":"Point","coordinates":[84.6133,29.8333]},"properties":{"name":"Lunpo Gangri","kind":"peak","rating":4,"region":"Xizang"}},{"type":"Feature","geometry":{"type":"Point","coordinates":[6.359,59.01]},"properties":{"name":"Lysefjord","kind":"coast","rating":4,"region":"Norway"}},{"type":"Feature","geometry":{"type":"Point","coordinates":[-6.44,31.51]},"properties":{"name":"M'Goun","kind":"peak","rating":4,"region":"Morocco"}},{"type":"Feature","geometry":{"type":"Point","coordinates":[-102.8167,66.6667]},"properties":{"name":"MacAlpine Lake","kind":"lake","rating":4,"region":"Nunavut"}},{"type":"Feature","geometry":{"type":"Point","coordinates":[-111.0333,63.9167]},"properties":{"name":"MacKay Lake","kind":"lake","rating":4,"region":"Northwest Territories"}},{"type":"Feature","geometry":{"type":"Point","coordinates":[-68.3333,-14.3333]},"properties":{"name":"Madidi National Park and Integrated Management Natural Area","kind":"park","rating":4,"region":"Bolivia"}},{"type":"Feature","geometry":{"type":"Point","coordinates":[10.875,79.565]},"properties":{"name":"Magdalenefjorden","kind":"coast","rating":4,"region":"Norway"}},{"type":"Feature","geometry":{"type":"Point","coordinates":[36.1667,5.6667]},"properties":{"name":"Mago National Park","kind":"park","rating":4,"region":"Ethiopia"}},{"type":"Feature","geometry":{"type":"Point","coordinates":[19.8489,40.2864]},"properties":{"name":"Maja e Këndrevicës","kind":"peak","rating":4,"region":"Albania"}},{"type":"Feature","geometry":{"type":"Point","coordinates":[-98.3833,63.9833]},"properties":{"name":"Mallery Lake","kind":"lake","rating":4,"region":"Nunavut"}},{"type":"Feature","geometry":{"type":"Point","coordinates":[145.0333,-4.0833]},"properties":{"name":"Manam","kind":"peak","rating":4,"region":"Papua New Guinea"}},{"type":"Feature","geometry":{"type":"Point","coordinates":[-57.55,-18.1333]},"properties":{"name":"Mandioré Lake","kind":"lake","rating":4,"region":"Mato Grosso do Sul"}},{"type":"Feature","geometry":{"type":"Point","coordinates":[78.3667,31.9533]},"properties":{"name":"Manirang","kind":"peak","rating":4,"region":"Himachal Pradesh"}},{"type":"Feature","geometry":{"type":"Point","coordinates":[-84.1358,9.3756]},"properties":{"name":"Manuel Antonio National Park","kind":"park","rating":4,"region":"Costa Rica"}},{"type":"Feature","geometry":{"type":"Point","coordinates":[42.8667,46.3167]},"properties":{"name":"Manych-Gudilo","kind":"lake","rating":4,"region":"Kalmyk"}},{"type":"Feature","geometry":{"type":"Point","coordinates":[-0.7833,37.75]},"properties":{"name":"Mar Menor","kind":"lake","rating":4,"region":"Spain"}},{"type":"Feature","geometry":{"type":"Point","coordinates":[10.0333,56.6833]},"properties":{"name":"Mariager Fjord","kind":"coast","rating":4,"region":"Denmark"}},{"type":"Feature","geometry":{"type":"Point","coordinates":[49.706,-14.435]},"properties":{"name":"Marojejy National Park","kind":"park","rating":4,"region":"Madagascar"}},{"type":"Feature","geometry":{"type":"Point","coordinates":[-68.3833,-71.9]},"properties":{"name":"Mars Glacier","kind":"glacier","rating":4,"region":"Antarctica"}},{"type":"Feature","geometry":{"type":"Point","coordinates":[50.1833,-15.65]},"properties":{"name":"Masoala National Park","kind":"park","rating":4,"region":"Madagascar"}},{"type":"Feature","geometry":{"type":"Point","coordinates":[28.508,-20.55]},"properties":{"name":"Matobo National Park","kind":"park","rating":4,"region":"Zimbabwe"}},{"type":"Feature","geometry":{"type":"Point","coordinates":[96.0667,26.95]},"properties":{"name":"Mawhpung Bum","kind":"peak","rating":4,"region":"Myanmar"}},{"type":"Feature","geometry":{"type":"Point","coordinates":[-67.0,-68.0667]},"properties":{"name":"McClary Glacier","kind":"glacier","rating":4,"region":"Antarctica"}},{"type":"Feature","geometry":{"type":"Point","coordinates":[-26.3,-75.4667]},"properties":{"name":"McDonald Ice Rumples","kind":"glacier","rating":4,"region":"Antarctica"}},{"type":"Feature","geometry":{"type":"Point","coordinates":[-113.919,47.3828]},"properties":{"name":"McDonald Peak","kind":"peak","rating":4,"region":"Montana"}},{"type":"Feature","geometry":{"type":"Point","coordinates":[-121.6,41.6]},"properties":{"name":"Medicine Lake Volcano","kind":"volcano","rating":4,"region":"California"}},{"type":"Feature","geometry":{"type":"Point","coordinates":[139.702,35.632]},"properties":{"name":"Meguro","kind":"city","rating":4,"region":"Japan"}},{"type":"Feature","geometry":{"type":"Point","coordinates":[98.0833,17.2]},"properties":{"name":"Mela Taung","kind":"peak","rating":4,"region":"Myanmar"}},{"type":"Feature","geometry":{"type":"Point","coordinates":[7.0833,44.1667]},"properties":{"name":"Mercantour National Park","kind":"park","rating":4,"region":"France"}},{"type":"Feature","geometry":{"type":"Point","coordinates":[32.1056,18.8686]},"properties":{"name":"Merowe Reservoir","kind":"lake","rating":4,"region":"Sudan"}},{"type":"Feature","geometry":{"type":"Point","coordinates":[144.75,-67.5]},"properties":{"name":"Mertz Glacier","kind":"glacier","rating":4,"region":"Antarctica"}},{"type":"Feature","geometry":{"type":"Point","coordinates":[37.15,-7.35]},"properties":{"name":"Mikumi National Park","kind":"park","rating":4,"region":"Tanzania"}},{"type":"Feature","geometry":{"type":"Point","coordinates":[9.19,45.464]},"properties":{"name":"Milan","kind":"city","rating":4,"region":"Italy"}},{"type":"Feature","geometry":{"type":"Point","coordinates":[171.0,-85.3333]},"properties":{"name":"Mill Stream Glacier","kind":"glacier","rating":4,"region":"Antarctica"}},{"type":"Feature","geometry":{"type":"Point","coordinates":[-93.6434,46.2381]},"properties":{"name":"Mille Lacs Lake","kind":"lake","rating":4,"region":"Minnesota"}},{"type":"Feature","geometry":{"type":"Point","coordinates":[-110.293,31.4094]},"properties":{"name":"Miller Peak","kind":"peak","rating":4,"region":"Arizona"}},{"type":"Feature","geometry":{"type":"Point","coordinates":[-81.9167,82.75]},"properties":{"name":"Milne Ice Shelf","kind":"glacier","rating":4,"region":"Nunavut"}},{"type":"Feature","geometry":{"type":"Point","coordinates":[-87.906,43.039]},"properties":{"name":"Milwaukee","kind":"city","rating":4,"region":"Wisconsin"}},{"type":"Feature","geometry":{"type":"Point","coordinates":[46.8037,40.9185]},"properties":{"name":"Mingachevir reservoir","kind":"lake","rating":4,"region":"Azerbaijan"}},{"type":"Feature","geometry":{"type":"Point","coordinates":[-93.264,44.98]},"properties":{"name":"Minneapolis","kind":"city","rating":4,"region":"Minnesota"}},{"type":"Feature","geometry":{"type":"Point","coordinates":[70.0292,31.3408]},"properties":{"name":"Mizri Ghar","kind":"peak","rating":4,"region":"Pakistan"}},{"type":"Feature","geometry":{"type":"Point","coordinates":[11.0,60.6667]},"properties":{"name":"Mjøsa","kind":"lake","rating":4,"region":"Norway"}},{"type":"Feature","geometry":{"type":"Point","coordinates":[-2.0935,9.3684]},"properties":{"name":"Mole National Park","kind":"park","rating":4,"region":"Ghana"}},{"type":"Feature","geometry":{"type":"Point","coordinates":[-96.75,54.2011]},"properties":{"name":"Molson Lake","kind":"lake","rating":4,"region":"Manitoba"}},{"type":"Feature","geometry":{"type":"Point","coordinates":[-5.97,39.82]},"properties":{"name":"Monfragüe National Park","kind":"park","rating":4,"region":"Spain"}},{"type":"Feature","geometry":{"type":"Point","coordinates":[100.5971,51.7188]},"properties":{"name":"Monkh Saridag","kind":"peak","rating":4,"region":"Buryat"}},{"type":"Feature","geometry":{"type":"Point","coordinates":[-123.79,50.9925]},"properties":{"name":"Monmouth Mountain","kind":"peak","rating":4,"region":"British Columbia"}},{"type":"Feature","geometry":{"type":"Point","coordinates":[-36.7833,66.9333]},"properties":{"name":"Mont Forel","kind":"peak","rating":4,"region":"Greenland"}},{"type":"Feature","geometry":{"type":"Point","coordinates":[52.2569,-46.4164]},"properties":{"name":"Mont Marion-Dufresne","kind":"volcano","rating":4,"region":"French Southern and Antarctic Lands"}},{"type":"Feature","geometry":{"type":"Point","coordinates":[164.7706,-20.5883]},"properties":{"name":"Mont Panié","kind":"peak","rating":4,"region":"New Caledonia"}},{"type":"Feature","geometry":{"type":"Point","coordinates":[15.9211,38.1589]},"properties":{"name":"Montalto","kind":"peak","rating":4,"region":"Italy"}},{"type":"Feature","geometry":{"type":"Point","coordinates":[10.7014,44.1939]},"properties":{"name":"Monte Cimone","kind":"peak","rating":4,"region":"Italy"}},{"type":"Feature","geometry":{"type":"Point","coordinates":[-24.3542,16.6208]},"properties":{"name":"Monte Gordo","kind":"volcano","rating":4,"region":"Republic of Cabo Verde"}},{"type":"Feature","geometry":{"type":"Point","coordinates":[-105.667,54.3333]},"properties":{"name":"Montreal Lake","kind":"lake","rating":4,"region":"Saskatchewan"}},{"type":"Feature","geometry":{"type":"Point","coordinates":[-69.65,45.6333]},"properties":{"name":"Moosehead Lake","kind":"lake","rating":4,"region":"Maine"}},{"type":"Feature","geometry":{"type":"Point","coordinates":[-70.2667,-69.2333]},"properties":{"name":"Moran Glacier","kind":"glacier","rating":4,"region":"Antarctica"}},{"type":"Feature","geometry":{"type":"Point","coordinates":[-102.633,-72.9833]},"properties":{"name":"Morelli Glacier","kind":"glacier","rating":4,"region":"Antarctica"}},{"type":"Feature","geometry":{"type":"Point","coordinates":[121.0,-67.0]},"properties":{"name":"Moscow University Ice Shelf","kind":"glacier","rating":4,"region":"Antarctica"}},{"type":"Feature","geometry":{"type":"Point","coordinates":[-103.3673,62.6003]},"properties":{"name":"Mosquito Lake","kind":"lake","rating":4,"region":"Northwest Territories"}},{"type":"Feature","geometry":{"type":"Point","coordinates":[39.1817,12.1408]},"properties":{"name":"Mount Abuna Yosef","kind":"peak","rating":4,"region":"Ethiopia"}},{"type":"Feature","geometry":{"type":"Point","coordinates":[46.2494,42.3392]},"properties":{"name":"Mount Addala-Shukhgelmeer","kind":"peak","rating":4,"region":"Dagestan"}},{"type":"Feature","geometry":{"type":"Point","coordinates":[20.6667,38.1167]},"properties":{"name":"Mount Ainos","kind":"peak","rating":4,"region":"Greece"}},{"type":"Feature","geometry":{"type":"Point","coordinates":[54.5433,39.6733]},"properties":{"name":"Mount Arlan","kind":"peak","rating":4,"region":"Turkmenistan"}},{"type":"Feature","geometry":{"type":"Point","coordinates":[147.0883,-6.3139]},"properties":{"name":"Mount Bangeta","kind":"peak","rating":4,"region":"Papua New Guinea"}},{"type":"Feature","geometry":{"type":"Point","coordinates":[102.094,3.8233]},"properties":{"name":"Mount Benum","kind":"peak","rating":4,"region":"Malaysia"}},{"type":"Feature","geometry":{"type":"Point","coordinates":[100.8661,5.4294]},"properties":{"name":"Mount Bintang","kind":"peak","rating":4,"region":"Malaysia"}},{"type":"Feature","geometry":{"type":"Point","coordinates":[-11.1167,9.225]},"properties":{"name":"Mount Bintumani","kind":"peak","rating":4,"region":"Sierra Leone"}},{"type":"Feature","geometry":{"type":"Point","coordinates":[124.05,12.77]},"properties":{"name":"Mount Bulusan","kind":"peak","rating":4,"region":"Philippines"}},{"type":"Feature","geometry":{"type":"Point","coordinates":[-126.8639,54.93]},"properties":{"name":"Mount Cronin","kind":"peak","rating":4,"region":"British Columbia"}},{"type":"Feature","geometry":{"type":"Point","coordinates":[-26.5334,-59.0404]},"properties":{"name":"Mount Darnley","kind":"volcano","rating":4,"region":"South Georgia and the Islands"}},{"type":"Feature","geometry":{"type":"Point","coordinates":[165.0167,-78.3667]},"properties":{"name":"Mount Discovery","kind":"peak","rating":4,"region":"Antarctica"}},{"type":"Feature","geometry":{"type":"Point","coordinates":[46.9222,41.9594]},"properties":{"name":"Mount Dyultydag","kind":"peak","rating":4,"region":"Dagestan"}},{"type":"Feature","geometry":{"type":"Point","coordinates":[-117.7,-76.8]},"properties":{"name":"Mount Frakes","kind":"peak","rating":4,"region":"Antarctica"}},{"type":"Feature","geometry":{"type":"Point","coordinates":[48.4817,33.9592]},"properties":{"name":"Mount Garrin","kind":"peak","rating":4,"region":"Iran"}},{"type":"Feature","geometry":{"type":"Point","coordinates":[38.2367,11.7108]},"properties":{"name":"Mount Guna","kind":"peak","rating":4,"region":"Ethiopia"}},{"type":"Feature","geometry":{"type":"Point","coordinates":[-57.6333,-64.2167]},"properties":{"name":"Mount Haddington","kind":"peak","rating":4,"region":"Antarctica"}},{"type":"Feature","geometry":{"type":"Point","coordinates":[135.9075,34.1736]},"properties":{"name":"Mount Hakkyō","kind":"peak","rating":4,"region":"Japan"}},{"type":"Feature","geometry":{"type":"Point","coordinates":[178.061,-37.919]},"properties":{"name":"Mount Hikurangi","kind":"peak","rating":4,"region":"New Zealand"}},{"type":"Feature","geometry":{"type":"Point","coordinates":[138.0672,36.9221]},"properties":{"name":"Mount Hiuchi","kind":"peak","rating":4,"region":"Japan"}},{"type":"Feature","geometry":{"type":"Point","coordinates":[-27.15,-56.7]},"properties":{"name":"Mount Hodson","kind":"volcano","rating":4,"region":""}},{"type":"Feature","geometry":{"type":"Point","coordinates":[-154.966,67.4131]},"properties":{"name":"Mount Igikpak","kind":"peak","rating":4,"region":"Alaska"}},{"type":"Feature","geometry":{"type":"Point","coordinates":[133.3722,33.7383]},"properties":{"name":"Mount Inamura","kind":"peak","rating":4,"region":"Japan"}},{"type":"Feature","geometry":{"type":"Point","coordinates":[-54.1333,-61.2833]},"properties":{"name":"Mount Irving","kind":"peak","rating":4,"region":"Antarctica"}},{"type":"Feature","geometry":{"type":"Point","coordinates":[-122.322,49.5069]},"properties":{"name":"Mount Judge Howay","kind":"peak","rating":4,"region":"British Columbia"}},{"type":"Feature","geometry":{"type":"Point","coordinates":[34.7092,1.7631]},"properties":{"name":"Mount Kadam","kind":"peak","rating":4,"region":"Uganda"}},{"type":"Feature","geometry":{"type":"Point","coordinates":[175.3167,-84.55]},"properties":{"name":"Mount Kaplan","kind":"peak","rating":4,"region":"Antarctica"}},{"type":"Feature","geometry":{"type":"Point","coordinates":[46.0,39.15]},"properties":{"name":"Mount Kaputjugh","kind":"peak","rating":4,"region":"Armenia"}},{"type":"Feature","geometry":{"type":"Point","coordinates":[57.826,75.1758]},"properties":{"name":"Mount Kruzenshtern","kind":"peak","rating":4,"region":"Arkhangel'sk"}},{"type":"Feature","geometry":{"type":"Point","coordinates":[36.9167,2.7333]},"properties":{"name":"Mount Kulal","kind":"peak","rating":4,"region":"Kenya"}},{"type":"Feature","geometry":{"type":"Point","coordinates":[22.3967,37.9392]},"properties":{"name":"Mount Kyllini","kind":"peak","rating":4,"region":"Greece"}},{"type":"Feature","geometry":{"type":"Point","coordinates":[122.7875,14.0133]},"properties":{"name":"Mount Labo","kind":"peak","rating":4,"region":"Philippines"}},{"type":"Feature","geometry":{"type":"Point","coordinates":[-110.7884,32.4431]},"properties":{"name":"Mount Lemmon","kind":"peak","rating":4,"region":"Arizona"}},{"type":"Feature","geometry":{"type":"Point","coordinates":[164.7,-74.3333]},"properties":{"name":"Mount Melbourne","kind":"peak","rating":4,"region":"Antarctica"}},{"type":"Feature","geometry":{"type":"Point","coordinates":[-142.301,60.4605]},"properties":{"name":"Mount Miller","kind":"peak","rating":4,"region":"Alaska"}},{"type":"Feature","geometry":{"type":"Point","coordinates":[-82.2649,35.7648]},"properties":{"name":"Mount Mitchell","kind":"peak","rating":4,"region":"North Carolina"}},{"type":"Feature","geometry":{"type":"Point","coordinates":[15.1833,-12.4667]},"properties":{"name":"Mount Moco","kind":"peak","rating":4,"region":"Angola"}},{"type":"Feature","geometry":{"type":"Point","coordinates":[163.5392,-78.5017]},"properties":{"name":"Mount Morning","kind":"peak","rating":4,"region":"Antarctica"}},{"type":"Feature","geometry":{"type":"Point","coordinates":[34.7725,2.525]},"properties":{"name":"Mount Moroto","kind":"peak","rating":4,"region":"Uganda"}},{"type":"Feature","geometry":{"type":"Point","coordinates":[124.2386,-9.5261]},"properties":{"name":"Mount Mutis","kind":"peak","rating":4,"region":"Indonesia"}},{"type":"Feature","geometry":{"type":"Point","coordinates":[60.1167,65.0333]},"properties":{"name":"Mount Narodnaya","kind":"peak","rating":4,"region":"Khanty-Mansiy"}},{"type":"Feature","geometry":{"type":"Point","coordinates":[-111.76,39.8214]},"properties":{"name":"Mount Nebo","kind":"peak","rating":4,"region":"Utah"}},{"type":"Feature","geometry":{"type":"Point","coordinates":[-127.68,61.8747]},"properties":{"name":"Mount Nirvana","kind":"peak","rating":4,"region":"Northwest Territories"}},{"type":"Feature","geometry":{"type":"Point","coordinates":[32.8506,-18.3111]},"properties":{"name":"Mount Nyangani","kind":"peak","rating":4,"region":"Zimbabwe"}},{"type":"Feature","geometry":{"type":"Point","coordinates":[32.8639,34.9367]},"properties":{"name":"Mount Olympus","kind":"peak","rating":4,"region":"Cyprus"}},{"type":"Feature","geometry":{"type":"Point","coordinates":[146.0333,-41.871]},"properties":{"name":"Mount Ossa","kind":"peak","rating":4,"region":"Tasmania"}},{"type":"Feature","geometry":{"type":"Point","coordinates":[-120.533,52.3542]},"properties":{"name":"Mount Perseus","kind":"peak","rating":4,"region":"British Columbia"}},{"type":"Feature","geometry":{"type":"Point","coordinates":[-128.872,55.2294]},"properties":{"name":"Mount Priestley","kind":"peak","rating":4,"region":"British Columbia"}},{"type":"Feature","geometry":{"type":"Point","coordinates":[-146.4756,65.4608]},"properties":{"name":"Mount Prindle","kind":"peak","rating":4,"region":"Alaska"}},{"type":"Feature","geometry":{"type":"Point","coordinates":[109.6667,1.7167]},"properties":{"name":"Mount Rumput","kind":"peak","rating":4,"region":"Malaysia"}},{"type":"Feature","geometry":{"type":"Point","coordinates":[-103.459,43.879]},"properties":{"name":"Mount Rushmore / Black Hills","kind":"landmark","rating":4,"region":"South Dakota"}},{"type":"Feature","geometry":{"type":"Point","coordinates":[-117.647,34.2889]},"properties":{"name":"Mount San Antonio","kind":"peak","rating":4,"region":"California"}},{"type":"Feature","geometry":{"type":"Point","coordinates":[-172.51,52.315]},"properties":{"name":"Mount Seguam","kind":"volcano","rating":4,"region":"Alaska"}},{"type":"Feature","geometry":{"type":"Point","coordinates":[146.716,-6.8633]},"properties":{"name":"Mount Shungol","kind":"peak","rating":4,"region":"Papua New Guinea"}},{"type":"Feature","geometry":{"type":"Point","coordinates":[149.563,-10.0345]},"properties":{"name":"Mount Simpson","kind":"peak","rating":4,"region":"Papua New Guinea"}},{"type":"Feature","geometry":{"type":"Point","coordinates":[-120.901,47.4753]},"properties":{"name":"Mount Stuart","kind":"peak","rating":4,"region":"Washington"}},{"type":"Feature","geometry":{"type":"Point","coordinates":[-124.4689,58.0817]},"properties":{"name":"Mount Sylvia","kind":"peak","rating":4,"region":"British Columbia"}},{"type":"Feature","geometry":{"type":"Point","coordinates":[166.75,-15.35]},"properties":{"name":"Mount Tabwemasana","kind":"peak","rating":4,"region":"Vanuatu"}},{"type":"Feature","geometry":{"type":"Point","coordinates":[-151.452,-16.828]},"properties":{"name":"Mount Temehani","kind":"volcano","rating":4,"region":"French Polynesia"}},{"type":"Feature","geometry":{"type":"Point","coordinates":[-119.941,50.9167]},"properties":{"name":"Mount Tod","kind":"peak","rating":4,"region":"British Columbia"}},{"type":"Feature","geometry":{"type":"Point","coordinates":[134.0942,33.8536]},"properties":{"name":"Mount Tsurugi","kind":"peak","rating":4,"region":"Japan"}},{"type":"Feature","geometry":{"type":"Point","coordinates":[157.075,-7.95]},"properties":{"name":"Mount Veve","kind":"peak","rating":4,"region":"Solomon Islands"}},{"type":"Feature","geometry":{"type":"Point","coordinates":[118.3342,9.365]},"properties":{"name":"Mount Victoria, Palawan","kind":"peak","rating":4,"region":"Philippines"}},{"type":"Feature","geometry":{"type":"Point","coordinates":[34.8117,8.8775]},"properties":{"name":"Mount Welel","kind":"peak","rating":4,"region":"Ethiopia"}},{"type":"Feature","geometry":{"type":"Point","coordinates":[101.3608,4.6506]},"properties":{"name":"Mount Yong Belar","kind":"peak","rating":4,"region":"Malaysia"}},{"type":"Feature","geometry":{"type":"Point","coordinates":[42.405,12.4708]},"properties":{"name":"Mousa Ali","kind":"peak","rating":4,"region":"Djibouti"}},{"type":"Feature","geometry":{"type":"Point","coordinates":[20.1973,66.9163]},"properties":{"name":"Muddus National Park","kind":"park","rating":4,"region":"Sweden"}},{"type":"Feature","geometry":{"type":"Point","coordinates":[-136.4445,59.2059]},"properties":{"name":"Muir Glacier","kind":"glacier","rating":4,"region":"Alaska"}},{"type":"Feature","geometry":{"type":"Point","coordinates":[45.34,18.56]},"properties":{"name":"Mundafan","kind":"lake","rating":4,"region":"Saudi Arabia"}},{"type":"Feature","geometry":{"type":"Point","coordinates":[-66.1483,-66.9739]},"properties":{"name":"Murphy Glacier","kind":"glacier","rating":4,"region":"Antarctica"}},{"type":"Feature","geometry":{"type":"Point","coordinates":[170.0,-71.65]},"properties":{"name":"Murray Glacier","kind":"glacier","rating":4,"region":"Antarctica"}},{"type":"Feature","geometry":{"type":"Point","coordinates":[14.9167,-71.3333]},"properties":{"name":"Mushketov Glacier","kind":"glacier","rating":4,"region":"Antarctica"}},{"type":"Feature","geometry":{"type":"Point","coordinates":[98.8,13.4667]},"properties":{"name":"Myinmoletkat Taung","kind":"peak","rating":4,"region":"Myanmar"}},{"type":"Feature","geometry":{"type":"Point","coordinates":[98.8833,23.3333]},"properties":{"name":"Möng Ling Shan","kind":"peak","rating":4,"region":"Yunnan"}},{"type":"Feature","geometry":{"type":"Point","coordinates":[91.4733,46.89]},"properties":{"name":"Mönkh Khairkhan","kind":"peak","rating":4,"region":"Mongolia"}},{"type":"Feature","geometry":{"type":"Point","coordinates":[76.1511,12.06]},"properties":{"name":"Nagarhole National Park","kind":"park","rating":4,"region":"Karnataka"}},{"type":"Feature","geometry":{"type":"Point","coordinates":[-155.9408,58.6364]},"properties":{"name":"Naknek Lake","kind":"lake","rating":4,"region":"Alaska"}},{"type":"Feature","geometry":{"type":"Point","coordinates":[115.17,-30.5761]},"properties":{"name":"Nambung National Park","kind":"park","rating":4,"region":"Western Australia"}},{"type":"Feature","geometry":{"type":"Point","coordinates":[15.3297,-24.5464]},"properties":{"name":"Namib-Naukluft National Park","kind":"park","rating":4,"region":"Namibia"}},{"type":"Feature","geometry":{"type":"Point","coordinates":[163.167,-74.8833]},"properties":{"name":"Nansen Ice Sheet","kind":"glacier","rating":4,"region":"Antarctica"}},{"type":"Feature","geometry":{"type":"Point","coordinates":[-113.0,66.3333]},"properties":{"name":"Napaktulik Lake","kind":"lake","rating":4,"region":"Nunavut"}},{"type":"Feature","geometry":{"type":"Point","coordinates":[140.7967,-37.0361]},"properties":{"name":"Naracoorte Caves National Park","kind":"park","rating":4,"region":"South Australia"}},{"type":"Feature","geometry":{"type":"Point","coordinates":[-86.784,36.166]},"properties":{"name":"Nashville","kind":"city","rating":4,"region":"Tennessee"}},{"type":"Feature","geometry":{"type":"Point","coordinates":[-170.6833,-14.2583]},"properties":{"name":"National Park of American Samoa","kind":"park","rating":4,"region":"American Samoa"}},{"type":"Feature","geometry":{"type":"Point","coordinates":[97.0333,18.8167]},"properties":{"name":"Nattaung","kind":"peak","rating":4,"region":"Myanmar"}},{"type":"Feature","geometry":{"type":"Point","coordinates":[-126.003,53.75]},"properties":{"name":"Nechako Reservoir","kind":"lake","rating":4,"region":"British Columbia"}},{"type":"Feature","geometry":{"type":"Point","coordinates":[172.608,-42.042]},"properties":{"name":"Nelson Lakes National Park","kind":"park","rating":4,"region":"New Zealand"}},{"type":"Feature","geometry":{"type":"Point","coordinates":[93.651,30.3033]},"properties":{"name":"Nenang","kind":"peak","rating":4,"region":"Xizang"}},{"type":"Feature","geometry":{"type":"Point","coordinates":[162.6253,56.3697]},"properties":{"name":"Nerpichye Lake","kind":"lake","rating":4,"region":"Kamchatka"}},{"type":"Feature","geometry":{"type":"Point","coordinates":[-90.075,29.955]},"properties":{"name":"New Orleans","kind":"city","rating":4,"region":"Louisiana"}},{"type":"Feature","geometry":{"type":"Point","coordinates":[36.8158,2.1917]},"properties":{"name":"Ng'iro","kind":"peak","rating":4,"region":"Kenya"}},{"type":"Feature","geometry":{"type":"Point","coordinates":[97.7,34.9]},"properties":{"name":"Ngoring Lake","kind":"lake","rating":4,"region":"Qinghai"}},{"type":"Feature","geometry":{"type":"Point","coordinates":[-63.3667,-65.1167]},"properties":{"name":"Niepce Glacier","kind":"glacier","rating":4,"region":"Antarctica"}},{"type":"Feature","geometry":{"type":"Point","coordinates":[163.0,-81.35]},"properties":{"name":"Nimrod Glacier","kind":"glacier","rating":4,"region":"Antarctica"}},{"type":"Feature","geometry":{"type":"Point","coordinates":[147.5,-68.3333]},"properties":{"name":"Ninnis Glacier","kind":"glacier","rating":4,"region":"Antarctica"}},{"type":"Feature","geometry":{"type":"Point","coordinates":[8.1759,56.3573]},"properties":{"name":"Nissum Fjord","kind":"coast","rating":4,"region":"Denmark"}},{"type":"Feature","geometry":{"type":"Point","coordinates":[-27.2833,71.6667]},"properties":{"name":"Nordvestfjord","kind":"coast","rating":4,"region":"Greenland"}},{"type":"Feature","geometry":{"type":"Point","coordinates":[-130.3,-85.8833]},"properties":{"name":"Norfolk Glacier","kind":"glacier","rating":4,"region":"Antarctica"}},{"type":"Feature","geometry":{"type":"Point","coordinates":[-90.739,52.799]},"properties":{"name":"North Caribou Lake","kind":"lake","rating":4,"region":"Ontario"}},{"type":"Feature","geometry":{"type":"Point","coordinates":[-114.5997,39.4132]},"properties":{"name":"North Schell Peak","kind":"peak","rating":4,"region":"Nevada"}},{"type":"Feature","geometry":{"type":"Point","coordinates":[15.0069,44.6931]},"properties":{"name":"Northern Velebit National Park","kind":"park","rating":4,"region":"Croatia"}},{"type":"Feature","geometry":{"type":"Point","coordinates":[-164.2689,63.8492]},"properties":{"name":"Norton Sound","kind":"coast","rating":4,"region":"United States"}},{"type":"Feature","geometry":{"type":"Point","coordinates":[-164.0,-86.5]},"properties":{"name":"Norway Glacier","kind":"glacier","rating":4,"region":"Antarctica"}},{"type":"Feature","geometry":{"type":"Point","coordinates":[-51.3833,64.5]},"properties":{"name":"Nuup Kangerlua","kind":"coast","rating":4,"region":"Greenland"}},{"type":"Feature","geometry":{"type":"Point","coordinates":[29.2758,-2.5282]},"properties":{"name":"Nyungwe Forest","kind":"park","rating":4,"region":"Rwanda"}},{"type":"Feature","geometry":{"type":"Point","coordinates":[-97.0697,59.089]},"properties":{"name":"Obuyi Lake","kind":"lake","rating":4,"region":"Manitoba"}},{"type":"Feature","geometry":{"type":"Point","coordinates":[10.5167,55.4833]},"properties":{"name":"Odense Fjord","kind":"coast","rating":4,"region":"Denmark"}},{"type":"Feature","geometry":{"type":"Point","coordinates":[14.9,0.8]},"properties":{"name":"Odzala National Park","kind":"park","rating":4,"region":"Republic of the Congo"}},{"type":"Feature","geometry":{"type":"Point","coordinates":[16.4827,68.4292]},"properties":{"name":"Ofotfjorden","kind":"coast","rating":4,"region":"Norway"}},{"type":"Feature","geometry":{"type":"Point","coordinates":[-119.55,49.85]},"properties":{"name":"Okanagan Lake","kind":"lake","rating":4,"region":"British Columbia"}},{"type":"Feature","geometry":{"type":"Point","coordinates":[14.1478,65.9872]},"properties":{"name":"Okstindbreen","kind":"glacier","rating":4,"region":"Norway"}},{"type":"Feature","geometry":{"type":"Point","coordinates":[35.8333,6.0]},"properties":{"name":"Omo National Park","kind":"park","rating":4,"region":"Ethiopia"}},{"type":"Feature","geometry":{"type":"Point","coordinates":[139.7264,53.4656]},"properties":{"name":"Orel","kind":"lake","rating":4,"region":"Khabarovsk"}},{"type":"Feature","geometry":{"type":"Point","coordinates":[27.2681,64.3091]},"properties":{"name":"Oulujärvi","kind":"lake","rating":4,"region":"Finland"}},{"type":"Feature","geometry":{"type":"Point","coordinates":[-95.5833,54.8333]},"properties":{"name":"Oxford Lake","kind":"lake","rating":4,"region":"Manitoba"}},{"type":"Feature","geometry":{"type":"Point","coordinates":[-101.667,34.95]},"properties":{"name":"Palo Duro Canyon","kind":"canyon","rating":4,"region":"Texas"}},{"type":"Feature","geometry":{"type":"Point","coordinates":[24.0836,40.8992]},"properties":{"name":"Pangaion","kind":"peak","rating":4,"region":"Greece"}},{"type":"Feature","geometry":{"type":"Point","coordinates":[45.2667,42.1167]},"properties":{"name":"Pankisi Gorge","kind":"canyon","rating":4,"region":"Georgia"}},{"type":"Feature","geometry":{"type":"Point","coordinates":[120.54,18.1203]},"properties":{"name":"Paoay Lake National Park","kind":"lake","rating":4,"region":"Philippines"}},{"type":"Feature","geometry":{"type":"Point","coordinates":[171.5,-42.0833]},"properties":{"name":"Paparoa National Park","kind":"park","rating":4,"region":"New Zealand"}},{"type":"Feature","geometry":{"type":"Point","coordinates":[-60.7333,-63.7667]},"properties":{"name":"Pastra Glacier","kind":"glacier","rating":4,"region":"Antarctica"}},{"type":"Feature","geometry":{"type":"Point","coordinates":[72.1877,37.8884]},"properties":{"name":"Patkhor Peak","kind":"peak","rating":4,"region":"Tajikistan"}},{"type":"Feature","geometry":{"type":"Point","coordinates":[-98.9667,-72.0167]},"properties":{"name":"Peale Inlet","kind":"coast","rating":4,"region":"Antarctica"}},{"type":"Feature","geometry":{"type":"Point","coordinates":[157.4167,-80.35]},"properties":{"name":"Peckham Glacier","kind":"glacier","rating":4,"region":"Antarctica"}},{"type":"Feature","geometry":{"type":"Point","coordinates":[22.8944,45.3661]},"properties":{"name":"Peleaga","kind":"peak","rating":4,"region":"Romania"}},{"type":"Feature","geometry":{"type":"Point","coordinates":[1.5167,11.05]},"properties":{"name":"Pendjari National Park","kind":"park","rating":4,"region":"Benin"}},{"type":"Feature","geometry":{"type":"Point","coordinates":[-8.25,41.85]},"properties":{"name":"Peneda-Gerês National Park","kind":"park","rating":4,"region":"Portugal"}},{"type":"Feature","geometry":{"type":"Point","coordinates":[77.18,9.5775]},"properties":{"name":"Periyar National Park","kind":"park","rating":4,"region":"Kerala"}},{"type":"Feature","geometry":{"type":"Point","coordinates":[-1.15,-73.3333]},"properties":{"name":"Peter Glacier","kind":"glacier","rating":4,"region":"Antarctica"}},{"type":"Feature","geometry":{"type":"Point","coordinates":[-60.75,80.75]},"properties":{"name":"Petermann Glacier","kind":"glacier","rating":4,"region":"Greenland"}},{"type":"Feature","geometry":{"type":"Point","coordinates":[88.3333,-66.75]},"properties":{"name":"Philippi Glacier","kind":"glacier","rating":4,"region":"Antarctica"}},{"type":"Feature","geometry":{"type":"Point","coordinates":[104.1706,12.0319]},"properties":{"name":"Phnom Aural","kind":"peak","rating":4,"region":"Cambodia"}},{"type":"Feature","geometry":{"type":"Point","coordinates":[-112.074,33.448]},"properties":{"name":"Phoenix","kind":"city","rating":4,"region":"Arizona"}},{"type":"Feature","geometry":{"type":"Point","coordinates":[101.2408,19.3244]},"properties":{"name":"Phou Khe","kind":"peak","rating":4,"region":"Lao PDR"}},{"type":"Feature","geometry":{"type":"Point","coordinates":[104.3067,21.5708]},"properties":{"name":"Phu Luong","kind":"peak","rating":4,"region":"Vietnam"}},{"type":"Feature","geometry":{"type":"Point","coordinates":[102.7833,22.6333]},"properties":{"name":"Phu Si Lung","kind":"peak","rating":4,"region":"Yunnan"}},{"type":"Feature","geometry":{"type":"Point","coordinates":[101.0,17.7333]},"properties":{"name":"Phu Soi Dao","kind":"peak","rating":4,"region":"Lao PDR"}},{"type":"Feature","geometry":{"type":"Point","coordinates":[104.1817,19.1975]},"properties":{"name":"Phu Xai Lai Leng","kind":"peak","rating":4,"region":"Vietnam"}},{"type":"Feature","geometry":{"type":"Point","coordinates":[-111.6022,55.0367]},"properties":{"name":"Piché Lake","kind":"lake","rating":4,"region":"Alberta"}},{"type":"Feature","geometry":{"type":"Point","coordinates":[-5.2978,40.2467]},"properties":{"name":"Pico Almanzor","kind":"peak","rating":4,"region":"Spain"}},{"type":"Feature","geometry":{"type":"Point","coordinates":[-16.9423,32.7587]},"properties":{"name":"Pico Ruivo","kind":"peak","rating":4,"region":"Portugal"}},{"type":"Feature","geometry":{"type":"Point","coordinates":[-76.8358,19.9894]},"properties":{"name":"Pico Turquino","kind":"peak","rating":4,"region":"Cuba"}},{"type":"Feature","geometry":{"type":"Point","coordinates":[0.7901,42.0464]},"properties":{"name":"Picó Bernat","kind":"peak","rating":4,"region":"Spain"}},{"type":"Feature","geometry":{"type":"Point","coordinates":[29.6994,63.251]},"properties":{"name":"Pielinen","kind":"lake","rating":4,"region":"Finland"}},{"type":"Feature","geometry":{"type":"Point","coordinates":[16.7683,66.3543]},"properties":{"name":"Pieljekaise National Park","kind":"park","rating":4,"region":"Sweden"}},{"type":"Feature","geometry":{"type":"Point","coordinates":[28.6765,61.6808]},"properties":{"name":"Pihlajavesi","kind":"lake","rating":4,"region":"Finland"}},{"type":"Feature","geometry":{"type":"Point","coordinates":[75.1615,37.5635]},"properties":{"name":"Pik Lyavirdyr","kind":"peak","rating":4,"region":"Xinjiang"}},{"type":"Feature","geometry":{"type":"Point","coordinates":[73.3016,38.4239]},"properties":{"name":"Pik Sovetskikh Ofitserov","kind":"peak","rating":4,"region":"Tajikistan"}},{"type":"Feature","geometry":{"type":"Point","coordinates":[165.05,-73.3833]},"properties":{"name":"Pilot Glacier","kind":"glacier","rating":4,"region":"Antarctica"}},{"type":"Feature","geometry":{"type":"Point","coordinates":[21.1167,39.9]},"properties":{"name":"Pindus National Park","kind":"park","rating":4,"region":"Greece"}},{"type":"Feature","geometry":{"type":"Point","coordinates":[-106.583,55.5333]},"properties":{"name":"Pinehouse Lake","kind":"lake","rating":4,"region":"Saskatchewan"}},{"type":"Feature","geometry":{"type":"Point","coordinates":[-121.167,36.4869]},"properties":{"name":"Pinnacles National Park","kind":"park","rating":4,"region":"California"}},{"type":"Feature","geometry":{"type":"Point","coordinates":[-79.996,40.441]},"properties":{"name":"Pittsburgh","kind":"city","rating":4,"region":"Pennsylvania"}},{"type":"Feature","geometry":{"type":"Point","coordinates":[-98.0833,53.8667]},"properties":{"name":"Playgreen Lake","kind":"lake","rating":4,"region":"Manitoba"}},{"type":"Feature","geometry":{"type":"Point","coordinates":[15.8972,48.8478]},"properties":{"name":"Podyjí National Park","kind":"park","rating":4,"region":"Czech Republic"}},{"type":"Feature","geometry":{"type":"Point","coordinates":[-113.068,65.2503]},"properties":{"name":"Point Lake","kind":"lake","rating":4,"region":"Northwest Territories"}},{"type":"Feature","geometry":{"type":"Point","coordinates":[16.2167,39.9]},"properties":{"name":"Pollino","kind":"peak","rating":4,"region":"Italy"}},{"type":"Feature","geometry":{"type":"Point","coordinates":[22.5336,49.0714]},"properties":{"name":"Poloniny National Park","kind":"park","rating":4,"region":"Slovakia"}},{"type":"Feature","geometry":{"type":"Point","coordinates":[6.3953,43.0042]},"properties":{"name":"Port-Cros National Park","kind":"park","rating":4,"region":"France"}},{"type":"Feature","geometry":{"type":"Point","coordinates":[8.9196,52.244]},"properties":{"name":"Porta Westfalica","kind":"canyon","rating":4,"region":"Germany"}},{"type":"Feature","geometry":{"type":"Point","coordinates":[-148.7856,60.7531]},"properties":{"name":"Portage Glacier","kind":"glacier","rating":4,"region":"Alaska"}},{"type":"Feature","geometry":{"type":"Point","coordinates":[107.1111,74.15]},"properties":{"name":"Portnyagino Lake","kind":"lake","rating":4,"region":"Krasnoyarsk"}},{"type":"Feature","geometry":{"type":"Point","coordinates":[77.2463,8.6167]},"properties":{"name":"Pothigai Hill","kind":"peak","rating":4,"region":"Tamil Nadu"}},{"type":"Feature","geometry":{"type":"Point","coordinates":[-153.5,-86.8333]},"properties":{"name":"Poulter Glacier","kind":"glacier","rating":4,"region":"Antarctica"}},{"type":"Feature","geometry":{"type":"Point","coordinates":[-74.4167,-46.4667]},"properties":{"name":"Presidente Ríos Lake","kind":"lake","rating":4,"region":"Chile"}},{"type":"Feature","geometry":{"type":"Point","coordinates":[159.533,-82.7667]},"properties":{"name":"Prince Edward Glacier","kind":"glacier","rating":4,"region":"Antarctica"}},{"type":"Feature","geometry":{"type":"Point","coordinates":[-71.413,41.824]},"properties":{"name":"Providence","kind":"city","rating":4,"region":"Rhode Island"}},{"type":"Feature","geometry":{"type":"Point","coordinates":[160.1667,-70.0833]},"properties":{"name":"Pryor Glacier","kind":"glacier","rating":4,"region":"Antarctica"}},{"type":"Feature","geometry":{"type":"Point","coordinates":[121.501,31.24]},"properties":{"name":"Pudong","kind":"city","rating":4,"region":"Shanghai"}},{"type":"Feature","geometry":{"type":"Point","coordinates":[-119.235,51.2047]},"properties":{"name":"Pukeashun Mountain","kind":"peak","rating":4,"region":"British Columbia"}},{"type":"Feature","geometry":{"type":"Point","coordinates":[80.1747,13.5658]},"properties":{"name":"Pulicat Lake","kind":"lake","rating":4,"region":"Andhra Pradesh"}},{"type":"Feature","geometry":{"type":"Point","coordinates":[9.3242,39.9881]},"properties":{"name":"Punta La Marmora","kind":"peak","rating":4,"region":"Italy"}},{"type":"Feature","geometry":{"type":"Point","coordinates":[26.6938,61.8101]},"properties":{"name":"Puula","kind":"lake","rating":4,"region":"Finland"}},{"type":"Feature","geometry":{"type":"Point","coordinates":[121.466,31.244]},"properties":{"name":"Puxi","kind":"city","rating":4,"region":"Shanghai"}},{"type":"Feature","geometry":{"type":"Point","coordinates":[30.9667,66.0833]},"properties":{"name":"Pyaozero","kind":"lake","rating":4,"region":"Karelia"}},{"type":"Feature","geometry":{"type":"Point","coordinates":[87.86,69.67]},"properties":{"name":"Pyasino","kind":"lake","rating":4,"region":"Krasnoyarsk"}},{"type":"Feature","geometry":{"type":"Point","coordinates":[-119.5667,40.0333]},"properties":{"name":"Pyramid Lake","kind":"lake","rating":4,"region":"Nevada"}},{"type":"Feature","geometry":{"type":"Point","coordinates":[-0.1758,42.8275]},"properties":{"name":"Pyrénées National Park","kind":"park","rating":4,"region":"France"}},{"type":"Feature","geometry":{"type":"Point","coordinates":[-96.5667,62.9833]},"properties":{"name":"Qamanirjuaq Lake","kind":"lake","rating":4,"region":"Nunavut"}},{"type":"Feature","geometry":{"type":"Point","coordinates":[118.99,29.6092]},"properties":{"name":"Qiandao Lake","kind":"lake","rating":4,"region":"Zhejiang"}},{"type":"Feature","geometry":{"type":"Point","coordinates":[-11.0,-71.3333]},"properties":{"name":"Quar Ice Shelf","kind":"glacier","rating":4,"region":"Antarctica"}},{"type":"Feature","geometry":{"type":"Point","coordinates":[13.5833,-9.75]},"properties":{"name":"Quissama National Park","kind":"park","rating":4,"region":"Angola"}},{"type":"Feature","geometry":{"type":"Point","coordinates":[-72.2167,82.2167]},"properties":{"name":"Quttinirpaaq National Park","kind":"park","rating":4,"region":"Nunavut"}},{"type":"Feature","geometry":{"type":"Point","coordinates":[-93.0314,48.6369]},"properties":{"name":"Rainy Lake","kind":"lake","rating":4,"region":"Ontario"}},{"type":"Feature","geometry":{"type":"Point","coordinates":[167.814,-46.976]},"properties":{"name":"Rakiura National Park","kind":"park","rating":4,"region":"New Zealand"}},{"type":"Feature","geometry":{"type":"Point","coordinates":[34.811,32.082]},"properties":{"name":"Ramat Gan","kind":"city","rating":4,"region":"Israel"}},{"type":"Feature","geometry":{"type":"Point","coordinates":[-75.2167,-71.7667]},"properties":{"name":"Rameau Inlet","kind":"coast","rating":4,"region":"Antarctica"}},{"type":"Feature","geometry":{"type":"Point","coordinates":[179.333,-84.4]},"properties":{"name":"Ramsey Glacier","kind":"glacier","rating":4,"region":"Antarctica"}},{"type":"Feature","geometry":{"type":"Point","coordinates":[47.43,-21.22]},"properties":{"name":"Ranomafana National Park","kind":"park","rating":4,"region":"Madagascar"}},{"type":"Feature","geometry":{"type":"Point","coordinates":[76.5026,26.0173]},"properties":{"name":"Ranthambore National Park","kind":"park","rating":4,"region":"Rajasthan"}},{"type":"Feature","geometry":{"type":"Point","coordinates":[105.5833,18.15]},"properties":{"name":"Rao Co","kind":"peak","rating":4,"region":"Vietnam"}},{"type":"Feature","geometry":{"type":"Point","coordinates":[-109.3486,-27.0729]},"properties":{"name":"Rapa Nui National Park","kind":"park","rating":4,"region":"Chile"}},{"type":"Feature","geometry":{"type":"Point","coordinates":[34.2097,27.7694]},"properties":{"name":"Ras Muhammad National Park","kind":"park","rating":4,"region":"Egypt"}},{"type":"Feature","geometry":{"type":"Point","coordinates":[-28.0,-81.1667]},"properties":{"name":"Recovery Glacier","kind":"glacier","rating":4,"region":"Antarctica"}},{"type":"Feature","geometry":{"type":"Point","coordinates":[-124.0583,41.5292]},"properties":{"name":"Redwood National Park","kind":"park","rating":4,"region":"California"}},{"type":"Feature","geometry":{"type":"Point","coordinates":[-134.0,-85.5]},"properties":{"name":"Reedy Glacier","kind":"glacier","rating":4,"region":"Antarctica"}},{"type":"Feature","geometry":{"type":"Point","coordinates":[160.75,-70.5]},"properties":{"name":"Rennick Glacier","kind":"glacier","rating":4,"region":"Antarctica"}},{"type":"Feature","geometry":{"type":"Point","coordinates":[24.1905,70.4997]},"properties":{"name":"Repparfjorden","kind":"coast","rating":4,"region":"Norway"}},{"type":"Feature","geometry":{"type":"Point","coordinates":[-145.917,-77.6333]},"properties":{"name":"Reynolds Glacier","kind":"glacier","rating":4,"region":"Antarctica"}},{"type":"Feature","geometry":{"type":"Point","coordinates":[-13.9325,65.0209]},"properties":{"name":"Reyðarfjörður","kind":"coast","rating":4,"region":"Iceland"}},{"type":"Feature","geometry":{"type":"Point","coordinates":[9.2164,48.0867]},"properties":{"name":"Rhine Glacier","kind":"glacier","rating":4,"region":"Germany"}},{"type":"Feature","geometry":{"type":"Point","coordinates":[7.7,50.1]},"properties":{"name":"Rhine Gorge","kind":"canyon","rating":4,"region":"Germany"}},{"type":"Feature","geometry":{"type":"Point","coordinates":[-155.417,-77.1667]},"properties":{"name":"Richter Glacier","kind":"glacier","rating":4,"region":"Antarctica"}},{"type":"Feature","geometry":{"type":"Point","coordinates":[-68.3333,-70.05]},"properties":{"name":"Riley Glacier","kind":"glacier","rating":4,"region":"Antarctica"}},{"type":"Feature","geometry":{"type":"Point","coordinates":[14.651,45.431]},"properties":{"name":"Risnjak National Park","kind":"park","rating":4,"region":"Croatia"}},{"type":"Feature","geometry":{"type":"Point","coordinates":[34.2422,44.6128]},"properties":{"name":"Roman-Kosh","kind":"peak","rating":4,"region":"Crimea"}},{"type":"Feature","geometry":{"type":"Point","coordinates":[9.8333,61.8333]},"properties":{"name":"Rondane National Park","kind":"park","rating":4,"region":"Norway"}},{"type":"Feature","geometry":{"type":"Point","coordinates":[34.6369,-7.5311]},"properties":{"name":"Ruaha National Park","kind":"park","rating":4,"region":"Tanzania"}},{"type":"Feature","geometry":{"type":"Point","coordinates":[-126.695,50.0323]},"properties":{"name":"Rugged Mountain","kind":"peak","rating":4,"region":"British Columbia"}},{"type":"Feature","geometry":{"type":"Point","coordinates":[9.3149,46.8081]},"properties":{"name":"Ruinaulta","kind":"canyon","rating":4,"region":"Switzerland"}},{"type":"Feature","geometry":{"type":"Point","coordinates":[-81.0,-79.0]},"properties":{"name":"Rutford Ice Stream","kind":"glacier","rating":4,"region":"Antarctica"}},{"type":"Feature","geometry":{"type":"Point","coordinates":[-69.2267,50.1922]},"properties":{"name":"Réservoir aux Outardes 4","kind":"lake","rating":4,"region":"Québec"}},{"type":"Feature","geometry":{"type":"Point","coordinates":[27.5,56.2667]},"properties":{"name":"Rāzna National Park","kind":"park","rating":4,"region":"Latvia"}},{"type":"Feature","geometry":{"type":"Point","coordinates":[-93.8475,29.875]},"properties":{"name":"Sabine Lake","kind":"lake","rating":4,"region":"Louisiana"}},{"type":"Feature","geometry":{"type":"Point","coordinates":[46.5,37.73]},"properties":{"name":"Sahand","kind":"peak","rating":4,"region":"Iran"}},{"type":"Feature","geometry":{"type":"Point","coordinates":[-71.99,-13.2133]},"properties":{"name":"Sahuasiray","kind":"peak","rating":4,"region":"Peru"}},{"type":"Feature","geometry":{"type":"Point","coordinates":[-71.2,46.8]},"properties":{"name":"Saint Lawrence River","kind":"coast","rating":4,"region":"Québec"}},{"type":"Feature","geometry":{"type":"Point","coordinates":[30.314,59.939]},"properties":{"name":"Saint Petersburg","kind":"city","rating":4,"region":"City of St. Petersburg"}},{"type":"Feature","geometry":{"type":"Point","coordinates":[81.495,29.8908]},"properties":{"name":"Saipal","kind":"peak","rating":4,"region":"Nepal"}},{"type":"Feature","geometry":{"type":"Point","coordinates":[-16.7572,13.8057]},"properties":{"name":"Saloum Delta National Park","kind":"park","rating":4,"region":"Senegal"}},{"type":"Feature","geometry":{"type":"Point","coordinates":[-57.9167,-30.9167]},"properties":{"name":"Salto Grande reservoir","kind":"lake","rating":4,"region":"Argentina"}},{"type":"Feature","geometry":{"type":"Point","coordinates":[-98.494,29.424]},"properties":{"name":"San Antonio","kind":"city","rating":4,"region":"Texas"}},{"type":"Feature","geometry":{"type":"Point","coordinates":[-117.165,32.716]},"properties":{"name":"San Diego","kind":"city","rating":4,"region":"California"}},{"type":"Feature","geometry":{"type":"Point","coordinates":[-42.2333,-82.4]},"properties":{"name":"San Martín Glacier","kind":"glacier","rating":4,"region":"Antarctica"}},{"type":"Feature","geometry":{"type":"Point","coordinates":[6.2151,59.4604]},"properties":{"name":"Sandsfjord","kind":"coast","rating":4,"region":"Norway"}},{"type":"Feature","geometry":{"type":"Point","coordinates":[-93.5833,52.9667]},"properties":{"name":"Sandy Lake","kind":"lake","rating":4,"region":"Ontario"}},{"type":"Feature","geometry":{"type":"Point","coordinates":[95.85,26.4833]},"properties":{"name":"Sangpang Bum","kind":"peak","rating":4,"region":"Myanmar"}},{"type":"Feature","geometry":{"type":"Point","coordinates":[9.55,41.1]},"properties":{"name":"Sardinia coast (Costa Smeralda)","kind":"coast","rating":4,"region":"Italy"}},{"type":"Feature","geometry":{"type":"Point","coordinates":[17.6691,67.2883]},"properties":{"name":"Sarek National Park","kind":"park","rating":4,"region":"Sweden"}},{"type":"Feature","geometry":{"type":"Point","coordinates":[81.1647,44.5981]},"properties":{"name":"Sayram Lake","kind":"lake","rating":4,"region":"Xinjiang"}},{"type":"Feature","geometry":{"type":"Point","coordinates":[-3.6667,-71.5833]},"properties":{"name":"Schytt Glacier","kind":"glacier","rating":4,"region":"Antarctica"}},{"type":"Feature","geometry":{"type":"Point","coordinates":[-153.0,-85.75]},"properties":{"name":"Scott Glacier","kind":"glacier","rating":4,"region":"Antarctica"}},{"type":"Feature","geometry":{"type":"Point","coordinates":[10.4299,35.5685]},"properties":{"name":"Sebkha Sidi El Hani","kind":"lake","rating":4,"region":"Tunisia"}},{"type":"Feature","geometry":{"type":"Point","coordinates":[-0.8,35.5333]},"properties":{"name":"Sebkha d'Oran","kind":"lake","rating":4,"region":"Algeria"}},{"type":"Feature","geometry":{"type":"Point","coordinates":[-111.76,34.87]},"properties":{"name":"Sedona red rocks","kind":"feature","rating":4,"region":"Arizona"}},{"type":"Feature","geometry":{"type":"Point","coordinates":[33.75,63.3]},"properties":{"name":"Segozero","kind":"lake","rating":4,"region":"Karelia"}},{"type":"Feature","geometry":{"type":"Point","coordinates":[8.3449,34.3617]},"properties":{"name":"Selja Gorges","kind":"canyon","rating":4,"region":"Tunisia"}},{"type":"Feature","geometry":{"type":"Point","coordinates":[-104.8732,59.8894]},"properties":{"name":"Selwyn Lake","kind":"lake","rating":4,"region":"Saskatchewan"}},{"type":"Feature","geometry":{"type":"Point","coordinates":[140.867,38.267]},"properties":{"name":"Sendai","kind":"city","rating":4,"region":"Japan"}},{"type":"Feature","geometry":{"type":"Point","coordinates":[35.2792,32.7531]},"properties":{"name":"Sepphoris","kind":"park","rating":4,"region":"Israel"}},{"type":"Feature","geometry":{"type":"Point","coordinates":[-65.3333,0.4908]},"properties":{"name":"Serra Imeri","kind":"peak","rating":4,"region":"Amazonas"}},{"type":"Feature","geometry":{"type":"Point","coordinates":[-27.3167,38.7333]},"properties":{"name":"Serra de Santa Bárbara","kind":"volcano","rating":4,"region":"Portugal"}},{"type":"Feature","geometry":{"type":"Point","coordinates":[-113.1619,38.9389]},"properties":{"name":"Sevier Lake","kind":"lake","rating":4,"region":"Utah"}},{"type":"Feature","geometry":{"type":"Point","coordinates":[21.3589,-33.3828]},"properties":{"name":"Seweweekspoortpiek","kind":"peak","rating":4,"region":"South Africa"}},{"type":"Feature","geometry":{"type":"Point","coordinates":[-62.75,-70.35]},"properties":{"name":"Shabica Glacier","kind":"glacier","rating":4,"region":"Antarctica"}},{"type":"Feature","geometry":{"type":"Point","coordinates":[33.4864,26.9797]},"properties":{"name":"Shaiyb al-Banat","kind":"peak","rating":4,"region":"Egypt"}},{"type":"Feature","geometry":{"type":"Point","coordinates":[-127.9622,58.5875]},"properties":{"name":"Sharktooth Mountain","kind":"peak","rating":4,"region":"British Columbia"}},{"type":"Feature","geometry":{"type":"Point","coordinates":[-127.48,55.9392]},"properties":{"name":"Shedin Peak","kind":"peak","rating":4,"region":"British Columbia"}},{"type":"Feature","geometry":{"type":"Point","coordinates":[-78.35,38.5333]},"properties":{"name":"Shenandoah National Park","kind":"park","rating":4,"region":"Virginia"}},{"type":"Feature","geometry":{"type":"Point","coordinates":[139.707,35.659]},"properties":{"name":"Shibuya","kind":"city","rating":4,"region":"Japan"}},{"type":"Feature","geometry":{"type":"Point","coordinates":[44.6333,-67.9167]},"properties":{"name":"Shinnan Glacier","kind":"glacier","rating":4,"region":"Antarctica"}},{"type":"Feature","geometry":{"type":"Point","coordinates":[38.75,-70.0833]},"properties":{"name":"Shirase Glacier","kind":"glacier","rating":4,"region":"Antarctica"}},{"type":"Feature","geometry":{"type":"Point","coordinates":[49.0156,39.5475]},"properties":{"name":"Shirvan National Park","kind":"park","rating":4,"region":"Azerbaijan"}},{"type":"Feature","geometry":{"type":"Point","coordinates":[73.7597,17.4083]},"properties":{"name":"Shivasagar lake","kind":"lake","rating":4,"region":"Maharashtra"}},{"type":"Feature","geometry":{"type":"Point","coordinates":[36.3425,3.9606]},"properties":{"name":"Sibiloi National Park","kind":"park","rating":4,"region":"Kenya"}},{"type":"Feature","geometry":{"type":"Point","coordinates":[-105.8094,33.3742]},"properties":{"name":"Sierra Blanca Peak","kind":"peak","rating":4,"region":"New Mexico"}},{"type":"Feature","geometry":{"type":"Point","coordinates":[-102.3878,27.0125]},"properties":{"name":"Sierra La Madera","kind":"peak","rating":4,"region":"Coahuila"}},{"type":"Feature","geometry":{"type":"Point","coordinates":[-67.0642,-32.5508]},"properties":{"name":"Sierra de las Quijadas National Park","kind":"park","rating":4,"region":"Argentina"}},{"type":"Feature","geometry":{"type":"Point","coordinates":[16.5919,39.3761]},"properties":{"name":"Sila National Park","kind":"park","rating":4,"region":"Italy"}},{"type":"Feature","geometry":{"type":"Point","coordinates":[73.1667,53.3397]},"properties":{"name":"Siletiteniz","kind":"lake","rating":4,"region":"Kazakhstan"}},{"type":"Feature","geometry":{"type":"Point","coordinates":[-172.4858,-13.6183]},"properties":{"name":"Silisili","kind":"peak","rating":4,"region":"Samoa"}},{"type":"Feature","geometry":{"type":"Point","coordinates":[158.917,-81.15]},"properties":{"name":"Silk Glacier","kind":"glacier","rating":4,"region":"Antarctica"}},{"type":"Feature","geometry":{"type":"Point","coordinates":[-121.218,49.16]},"properties":{"name":"Silvertip Mountain","kind":"peak","rating":4,"region":"British Columbia"}},{"type":"Feature","geometry":{"type":"Point","coordinates":[-148.8333,-81.6667]},"properties":{"name":"Siple Dome","kind":"glacier","rating":4,"region":"Antarctica"}},{"type":"Feature","geometry":{"type":"Point","coordinates":[35.4565,30.323]},"properties":{"name":"Siq","kind":"canyon","rating":4,"region":"Jordan"}},{"type":"Feature","geometry":{"type":"Point","coordinates":[-19.6779,65.9385]},"properties":{"name":"Skagafjörður","kind":"coast","rating":4,"region":"Iceland"}},{"type":"Feature","geometry":{"type":"Point","coordinates":[154.733,-68.8167]},"properties":{"name":"Slava Ice Shelf","kind":"glacier","rating":4,"region":"Antarctica"}},{"type":"Feature","geometry":{"type":"Point","coordinates":[-86.05,44.88]},"properties":{"name":"Sleeping Bear Dunes","kind":"desert","rating":4,"region":"Michigan"}},{"type":"Feature","geometry":{"type":"Point","coordinates":[-28.5,-79.8333]},"properties":{"name":"Slessor Glacier","kind":"glacier","rating":4,"region":"Antarctica"}},{"type":"Feature","geometry":{"type":"Point","coordinates":[20.544,48.579]},"properties":{"name":"Slovak Karst National Park","kind":"park","rating":4,"region":"Slovakia"}},{"type":"Feature","geometry":{"type":"Point","coordinates":[22.2944,57.6242]},"properties":{"name":"Slītere National Park","kind":"park","rating":4,"region":"Latvia"}},{"type":"Feature","geometry":{"type":"Point","coordinates":[106.8,-66.4667]},"properties":{"name":"Snedeker Glacier","kind":"glacier","rating":4,"region":"Antarctica"}},{"type":"Feature","geometry":{"type":"Point","coordinates":[-103.0,60.6667]},"properties":{"name":"Snowbird Lake","kind":"lake","rating":4,"region":"Northwest Territories"}},{"type":"Feature","geometry":{"type":"Point","coordinates":[-4.076,53.068]},"properties":{"name":"Snowdonia","kind":"range","rating":4,"region":"UK"}},{"type":"Feature","geometry":{"type":"Point","coordinates":[13.5517,62.2775]},"properties":{"name":"Sonfjället National Park","kind":"park","rating":4,"region":"Sweden"}},{"type":"Feature","geometry":{"type":"Point","coordinates":[126.9269,43.5317]},"properties":{"name":"Songhua Lake","kind":"lake","rating":4,"region":"Jilin"}},{"type":"Feature","geometry":{"type":"Point","coordinates":[-13.253,10.424]},"properties":{"name":"Souapiti Reservoir","kind":"lake","rating":4,"region":"Guinea"}},{"type":"Feature","geometry":{"type":"Point","coordinates":[-154.0,-86.2833]},"properties":{"name":"Souchez Glacier","kind":"glacier","rating":4,"region":"Antarctica"}},{"type":"Feature","geometry":{"type":"Point","coordinates":[-97.3333,61.5]},"properties":{"name":"South Henik Lake","kind":"lake","rating":4,"region":"Nunavut"}},{"type":"Feature","geometry":{"type":"Point","coordinates":[31.5,-13.0]},"properties":{"name":"South Luangwa National Park","kind":"park","rating":4,"region":"Zambia"}},{"type":"Feature","geometry":{"type":"Point","coordinates":[78.908,42.036]},"properties":{"name":"Soviet Constitution Peak","kind":"peak","rating":4,"region":"Kyrgyzstan"}},{"type":"Feature","geometry":{"type":"Point","coordinates":[-19.0,-75.3]},"properties":{"name":"Stancomb-Wills Glacier","kind":"glacier","rating":4,"region":"Antarctica"}},{"type":"Feature","geometry":{"type":"Point","coordinates":[19.6806,77.824]},"properties":{"name":"Storfjorden","kind":"coast","rating":4,"region":"Norway"}},{"type":"Feature","geometry":{"type":"Point","coordinates":[14.3167,63.2167]},"properties":{"name":"Storsjön","kind":"lake","rating":4,"region":"Sweden"}},{"type":"Feature","geometry":{"type":"Point","coordinates":[-71.5,-72.3333]},"properties":{"name":"Stravinsky Inlet","kind":"coast","rating":4,"region":"Antarctica"}},{"type":"Feature","geometry":{"type":"Point","coordinates":[-165.0,-85.1667]},"properties":{"name":"Strom Glacier","kind":"glacier","rating":4,"region":"Antarctica"}},{"type":"Feature","geometry":{"type":"Point","coordinates":[-124.5833,54.55]},"properties":{"name":"Stuart Lake","kind":"lake","rating":4,"region":"British Columbia"}},{"type":"Feature","geometry":{"type":"Point","coordinates":[58.4127,43.5067]},"properties":{"name":"Sudochye lake","kind":"lake","rating":4,"region":"Uzbekistan"}},{"type":"Feature","geometry":{"type":"Point","coordinates":[46.8278,43.0095]},"properties":{"name":"Sulak Canyon","kind":"canyon","rating":4,"region":"Dagestan"}},{"type":"Feature","geometry":{"type":"Point","coordinates":[-93.1056,16.8483]},"properties":{"name":"Sumidero Canyon","kind":"canyon","rating":4,"region":"Chiapas"}},{"type":"Feature","geometry":{"type":"Point","coordinates":[-64.5,-69.2667]},"properties":{"name":"Sunfix Glacier","kind":"glacier","rating":4,"region":"Antarctica"}},{"type":"Feature","geometry":{"type":"Point","coordinates":[74.5408,33.68]},"properties":{"name":"Sunset Peak","kind":"peak","rating":4,"region":"Jammu and Kashmir"}},{"type":"Feature","geometry":{"type":"Point","coordinates":[-46.5,-82.75]},"properties":{"name":"Support Force Glacier","kind":"glacier","rating":4,"region":"Antarctica"}},{"type":"Feature","geometry":{"type":"Point","coordinates":[93.5942,46.6175]},"properties":{"name":"Sutai Mountain","kind":"peak","rating":4,"region":"Mongolia"}},{"type":"Feature","geometry":{"type":"Point","coordinates":[18.684,43.337]},"properties":{"name":"Sutjeska National Park","kind":"park","rating":4,"region":"Bosnia and Herzegovina"}},{"type":"Feature","geometry":{"type":"Point","coordinates":[24.3705,61.5353]},"properties":{"name":"Suur-Längelmävesi","kind":"lake","rating":4,"region":"Finland"}},{"type":"Feature","geometry":{"type":"Point","coordinates":[14.1403,53.8044]},"properties":{"name":"Szczecin Lagoon","kind":"lake","rating":4,"region":"Germany"}},{"type":"Feature","geometry":{"type":"Point","coordinates":[-46.636,-23.547]},"properties":{"name":"São Paulo","kind":"city","rating":4,"region":"São Paulo"}},{"type":"Feature","geometry":{"type":"Point","coordinates":[13.2301,56.0241]},"properties":{"name":"Söderåsen National Park","kind":"park","rating":4,"region":"Sweden"}},{"type":"Feature","geometry":{"type":"Point","coordinates":[-3.702,39.1449]},"properties":{"name":"Tablas de Daimiel National Park","kind":"park","rating":4,"region":"Spain"}},{"type":"Feature","geometry":{"type":"Point","coordinates":[-105.25,69.4167]},"properties":{"name":"Tahiryuaq","kind":"lake","rating":4,"region":"Nunavut"}},{"type":"Feature","geometry":{"type":"Point","coordinates":[120.684,24.147]},"properties":{"name":"Taichung","kind":"city","rating":4,"region":"Taiwan"}},{"type":"Feature","geometry":{"type":"Point","coordinates":[121.526,25.053]},"properties":{"name":"Taipei","kind":"city","rating":4,"region":"Taiwan"}},{"type":"Feature","geometry":{"type":"Point","coordinates":[139.779,35.707]},"properties":{"name":"Taito","kind":"city","rating":4,"region":"Japan"}},{"type":"Feature","geometry":{"type":"Point","coordinates":[-3.8397,36.8256]},"properties":{"name":"Tajo del Almendrón","kind":"peak","rating":4,"region":"Spain"}},{"type":"Feature","geometry":{"type":"Point","coordinates":[40.3667,-68.7833]},"properties":{"name":"Tama Glacier","kind":"glacier","rating":4,"region":"Antarctica"}},{"type":"Feature","geometry":{"type":"Point","coordinates":[166.593,-45.766]},"properties":{"name":"Tamatea / Dusky Sound","kind":"coast","rating":4,"region":"New Zealand"}},{"type":"Feature","geometry":{"type":"Point","coordinates":[-82.458,27.948]},"properties":{"name":"Tampa","kind":"city","rating":4,"region":"Florida"}},{"type":"Feature","geometry":{"type":"Point","coordinates":[28.4505,70.78]},"properties":{"name":"Tanafjord","kind":"coast","rating":4,"region":"Norway"}},{"type":"Feature","geometry":{"type":"Point","coordinates":[86.5667,31.0]},"properties":{"name":"Tangra Yumco","kind":"lake","rating":4,"region":"Xizang"}},{"type":"Feature","geometry":{"type":"Point","coordinates":[-79.019,81.0153]},"properties":{"name":"Tanquary Fiord","kind":"coast","rating":4,"region":"Nunavut"}},{"type":"Feature","geometry":{"type":"Point","coordinates":[35.9786,-4.0]},"properties":{"name":"Tarangire National Park","kind":"park","rating":4,"region":"Tanzania"}},{"type":"Feature","geometry":{"type":"Point","coordinates":[121.3333,24.1667]},"properties":{"name":"Taroko National Park","kind":"park","rating":4,"region":"Taiwan"}},{"type":"Feature","geometry":{"type":"Point","coordinates":[-95.5,64.9667]},"properties":{"name":"Tehek Lake","kind":"lake","rating":4,"region":"Nunavut"}},{"type":"Feature","geometry":{"type":"Point","coordinates":[34.781,32.081]},"properties":{"name":"Tel Aviv","kind":"city","rating":4,"region":"Israel"}},{"type":"Feature","geometry":{"type":"Point","coordinates":[-103.847,20.787]},"properties":{"name":"Tequila Volcano","kind":"peak","rating":4,"region":"Jalisco"}},{"type":"Feature","geometry":{"type":"Point","coordinates":[-132.4167,59.9833]},"properties":{"name":"Teslin Lake","kind":"lake","rating":4,"region":"British Columbia"}},{"type":"Feature","geometry":{"type":"Point","coordinates":[1.5,52.6667]},"properties":{"name":"The Broads","kind":"park","rating":4,"region":"UK"}},{"type":"Feature","geometry":{"type":"Point","coordinates":[-126.8483,57.9269]},"properties":{"name":"Thudaka Peak","kind":"peak","rating":4,"region":"British Columbia"}},{"type":"Feature","geometry":{"type":"Point","coordinates":[110.483,29.0528]},"properties":{"name":"Tianmen Mountain","kind":"peak","rating":4,"region":"Hunan"}},{"type":"Feature","geometry":{"type":"Point","coordinates":[-4.5081,34.8432]},"properties":{"name":"Tidighin","kind":"peak","rating":4,"region":"Morocco"}},{"type":"Feature","geometry":{"type":"Point","coordinates":[108.3721,32.8654]},"properties":{"name":"Tiewadian of Fenghuang Mountains","kind":"peak","rating":4,"region":"Shaanxi"}},{"type":"Feature","geometry":{"type":"Point","coordinates":[-13.7797,29.0114]},"properties":{"name":"Timanfaya National Park","kind":"park","rating":4,"region":"Spain"}},{"type":"Feature","geometry":{"type":"Point","coordinates":[-85.7597,41.3278]},"properties":{"name":"Tippecanoe Lake","kind":"lake","rating":4,"region":"Indiana"}},{"type":"Feature","geometry":{"type":"Point","coordinates":[165.0,-88.5]},"properties":{"name":"Titan Dome","kind":"glacier","rating":4,"region":"Antarctica"}},{"type":"Feature","geometry":{"type":"Point","coordinates":[22.0,77.3333]},"properties":{"name":"Tjuvfjorden","kind":"coast","rating":4,"region":"Norway"}},{"type":"Feature","geometry":{"type":"Point","coordinates":[-115.8167,-75.8]},"properties":{"name":"Toney Mountain","kind":"peak","rating":4,"region":"Antarctica"}},{"type":"Feature","geometry":{"type":"Point","coordinates":[89.9575,28.1867]},"properties":{"name":"Tongshanjiabu","kind":"peak","rating":4,"region":"Bhutan"}},{"type":"Feature","geometry":{"type":"Point","coordinates":[-25.2958,17.0333]},"properties":{"name":"Topo da Coroa","kind":"peak","rating":4,"region":"Republic of Cabo Verde"}},{"type":"Feature","geometry":{"type":"Point","coordinates":[32.0,65.65]},"properties":{"name":"Topozero","kind":"lake","rating":4,"region":"Karelia"}},{"type":"Feature","geometry":{"type":"Point","coordinates":[138.0528,48.8972]},"properties":{"name":"Tordoki Yani","kind":"peak","rating":4,"region":"Khabarovsk"}},{"type":"Feature","geometry":{"type":"Point","coordinates":[116.333,-67.0]},"properties":{"name":"Totten Glacier","kind":"glacier","rating":4,"region":"Antarctica"}},{"type":"Feature","geometry":{"type":"Point","coordinates":[-133.4022,57.9114]},"properties":{"name":"Tracy Arm","kind":"coast","rating":4,"region":"Alaska"}},{"type":"Feature","geometry":{"type":"Point","coordinates":[102.333,-65.95]},"properties":{"name":"Tracy Glacier","kind":"glacier","rating":4,"region":"Antarctica"}},{"type":"Feature","geometry":{"type":"Point","coordinates":[24.9361,54.639]},"properties":{"name":"Trakai Historical National Park","kind":"park","rating":4,"region":"Lithuania"}},{"type":"Feature","geometry":{"type":"Point","coordinates":[-6.7942,61.5447]},"properties":{"name":"Trongisvágsfjørður","kind":"coast","rating":4,"region":"Faeroe Islands"}},{"type":"Feature","geometry":{"type":"Point","coordinates":[-93.3092,51.1983]},"properties":{"name":"Trout Lake","kind":"lake","rating":4,"region":"Ontario"}},{"type":"Feature","geometry":{"type":"Point","coordinates":[44.1335,41.5826]},"properties":{"name":"Tsalka Canyon","kind":"canyon","rating":4,"region":"Georgia"}},{"type":"Feature","geometry":{"type":"Point","coordinates":[90.725,48.6817]},"properties":{"name":"Tsambagarav","kind":"peak","rating":4,"region":"Mongolia"}},{"type":"Feature","geometry":{"type":"Point","coordinates":[38.7717,-2.7786]},"properties":{"name":"Tsavo East National Park","kind":"park","rating":4,"region":"Kenya"}},{"type":"Feature","geometry":{"type":"Point","coordinates":[-126.6428,53.0214]},"properties":{"name":"Tsaydaychuz Peak","kind":"peak","rating":4,"region":"British Columbia"}},{"type":"Feature","geometry":{"type":"Point","coordinates":[42.7561,42.2778]},"properties":{"name":"Tskaltsitela Gorge Natural Monument","kind":"canyon","rating":4,"region":"Georgia"}},{"type":"Feature","geometry":{"type":"Point","coordinates":[-99.4167,62.9667]},"properties":{"name":"Tulemalu Lake","kind":"lake","rating":4,"region":"Nunavut"}},{"type":"Feature","geometry":{"type":"Point","coordinates":[-54.0,1.8333]},"properties":{"name":"Tumucumaque National Park","kind":"park","rating":4,"region":"Amapá"}},{"type":"Feature","geometry":{"type":"Point","coordinates":[-45.5833,61.0]},"properties":{"name":"Tunulliarfik fjord","kind":"coast","rating":4,"region":"Greenland"}},{"type":"Feature","geometry":{"type":"Point","coordinates":[-3.6,-73.45]},"properties":{"name":"Tverregg Glacier","kind":"glacier","rating":4,"region":"Antarctica"}},{"type":"Feature","geometry":{"type":"Point","coordinates":[80.081,55.4725]},"properties":{"name":"Ubinskoye","kind":"lake","rating":4,"region":"Novosibirsk"}},{"type":"Feature","geometry":{"type":"Point","coordinates":[29.2997,38.3844]},"properties":{"name":"Ulubey Canyon Nature Park","kind":"canyon","rating":4,"region":"Turkey"}},{"type":"Feature","geometry":{"type":"Point","coordinates":[29.222,40.0705]},"properties":{"name":"Uludağ","kind":"peak","rating":4,"region":"Turkey"}},{"type":"Feature","geometry":{"type":"Point","coordinates":[87.3842,36.4125]},"properties":{"name":"Ulugh Muztagh","kind":"peak","rating":4,"region":"Xinjiang"}},{"type":"Feature","geometry":{"type":"Point","coordinates":[147.8835,-5.6119]},"properties":{"name":"Umboi Island","kind":"peak","rating":4,"region":"Papua New Guinea"}},{"type":"Feature","geometry":{"type":"Point","coordinates":[34.4108,67.6808]},"properties":{"name":"Umbozero","kind":"lake","rating":4,"region":"Murmansk"}},{"type":"Feature","geometry":{"type":"Point","coordinates":[16.1581,44.4969]},"properties":{"name":"Una National Park","kind":"park","rating":4,"region":"Bosnia and Herzegovina"}},{"type":"Feature","geometry":{"type":"Point","coordinates":[-119.5183,65.1502]},"properties":{"name":"Underwater Lake","kind":"lake","rating":4,"region":"Northwest Territories"}},{"type":"Feature","geometry":{"type":"Point","coordinates":[108.0,-66.5833]},"properties":{"name":"Underwood Glacier","kind":"glacier","rating":4,"region":"Antarctica"}},{"type":"Feature","geometry":{"type":"Point","coordinates":[61.3333,-67.55]},"properties":{"name":"Utstikkar Glacier","kind":"glacier","rating":4,"region":"Antarctica"}},{"type":"Feature","geometry":{"type":"Point","coordinates":[-53.0,70.95]},"properties":{"name":"Uummannaq fjord","kind":"coast","rating":4,"region":"Greenland"}},{"type":"Feature","geometry":{"type":"Point","coordinates":[6.8333,45.3333]},"properties":{"name":"Vanoise National Park","kind":"park","rating":4,"region":"France"}},{"type":"Feature","geometry":{"type":"Point","coordinates":[52.7267,35.8753]},"properties":{"name":"Vashi Canyon","kind":"canyon","rating":4,"region":"Iran"}},{"type":"Feature","geometry":{"type":"Point","coordinates":[12.597,65.8991]},"properties":{"name":"Vefsnfjord","kind":"coast","rating":4,"region":"Norway"}},{"type":"Feature","geometry":{"type":"Point","coordinates":[-87.3333,-73.05]},"properties":{"name":"Venable Ice Shelf","kind":"glacier","rating":4,"region":"Antarctica"}},{"type":"Feature","geometry":{"type":"Point","coordinates":[-13.0,-74.0]},"properties":{"name":"Veststraumen Glacier","kind":"glacier","rating":4,"region":"Antarctica"}},{"type":"Feature","geometry":{"type":"Point","coordinates":[114.144,22.288]},"properties":{"name":"Victoria","kind":"city","rating":4,"region":"Hong Kong"}},{"type":"Feature","geometry":{"type":"Point","coordinates":[25.8407,-17.951]},"properties":{"name":"Victoria Falls National Park","kind":"park","rating":4,"region":"Zimbabwe"}},{"type":"Feature","geometry":{"type":"Point","coordinates":[-64.9333,18.3281]},"properties":{"name":"Virgin Islands National Park","kind":"park","rating":4,"region":"United States Virgin Islands"}},{"type":"Feature","geometry":{"type":"Point","coordinates":[36.9167,62.3333]},"properties":{"name":"Vodlozero","kind":"lake","rating":4,"region":"Karelia"}},{"type":"Feature","geometry":{"type":"Point","coordinates":[124.633,-66.3333]},"properties":{"name":"Voyeykov Ice Shelf","kind":"glacier","rating":4,"region":"Antarctica"}},{"type":"Feature","geometry":{"type":"Point","coordinates":[39.0925,60.5894]},"properties":{"name":"Vozhe","kind":"lake","rating":4,"region":"Vologda"}},{"type":"Feature","geometry":{"type":"Point","coordinates":[6.5,53.5]},"properties":{"name":"Wadden Sea / Frisian Islands","kind":"coast","rating":4,"region":"Netherlands"}},{"type":"Feature","geometry":{"type":"Point","coordinates":[59.2451,22.839]},"properties":{"name":"Wadi Shab","kind":"canyon","rating":4,"region":"Oman"}},{"type":"Feature","geometry":{"type":"Point","coordinates":[-73.2605,83.0403]},"properties":{"name":"Ward Hunt Ice Shelf","kind":"glacier","rating":4,"region":"Nunavut"}},{"type":"Feature","geometry":{"type":"Point","coordinates":[-86.1833,-79.1]},"properties":{"name":"Webster Glacier","kind":"glacier","rating":4,"region":"Antarctica"}},{"type":"Feature","geometry":{"type":"Point","coordinates":[175.0833,-39.5833]},"properties":{"name":"Whanganui National Park","kind":"park","rating":4,"region":"New Zealand"}},{"type":"Feature","geometry":{"type":"Point","coordinates":[-145.0,-83.6667]},"properties":{"name":"Whillans Ice Stream","kind":"glacier","rating":4,"region":"Antarctica"}},{"type":"Feature","geometry":{"type":"Point","coordinates":[-65.5333,-67.4]},"properties":{"name":"Whirlwind Glaciers","kind":"glacier","rating":4,"region":"Antarctica"}},{"type":"Feature","geometry":{"type":"Point","coordinates":[28.2004,27.2773]},"properties":{"name":"White Desert","kind":"park","rating":4,"region":"Egypt"}},{"type":"Feature","geometry":{"type":"Point","coordinates":[-106.8008,62.6836]},"properties":{"name":"Whitefish Lake","kind":"lake","rating":4,"region":"Northwest Territories"}},{"type":"Feature","geometry":{"type":"Point","coordinates":[-104.1673,60.7169]},"properties":{"name":"Wholdaia Lake","kind":"lake","rating":4,"region":"Northwest Territories"}},{"type":"Feature","geometry":{"type":"Point","coordinates":[-73.0,-70.25]},"properties":{"name":"Wilkins Ice Shelf","kind":"glacier","rating":4,"region":"Antarctica"}},{"type":"Feature","geometry":{"type":"Point","coordinates":[114.1,-66.6667]},"properties":{"name":"Williamson Glacier","kind":"glacier","rating":4,"region":"Antarctica"}},{"type":"Feature","geometry":{"type":"Point","coordinates":[-68.6375,76.6319]},"properties":{"name":"Wolstenholme Fjord","kind":"coast","rating":4,"region":"Greenland"}},{"type":"Feature","geometry":{"type":"Point","coordinates":[160.583,-77.5333]},"properties":{"name":"Wright Upper Glacier","kind":"glacier","rating":4,"region":"Antarctica"}},{"type":"Feature","geometry":{"type":"Point","coordinates":[109.7048,18.8994]},"properties":{"name":"Wuzhi Mountain","kind":"peak","rating":4,"region":"Hainan"}},{"type":"Feature","geometry":{"type":"Point","coordinates":[106.201,37.987]},"properties":{"name":"Wuzhong","kind":"city","rating":4,"region":"Ningxia"}},{"type":"Feature","geometry":{"type":"Point","coordinates":[114.569,23.7904]},"properties":{"name":"Xinfengjiang Reservoir","kind":"lake","rating":4,"region":"Guangdong"}},{"type":"Feature","geometry":{"type":"Point","coordinates":[90.7457,28.9781]},"properties":{"name":"Yamdrok Lake","kind":"lake","rating":4,"region":"Xizang"}},{"type":"Feature","geometry":{"type":"Point","coordinates":[-76.1,-0.77]},"properties":{"name":"Yasuni National Park","kind":"park","rating":4,"region":"Ecuador"}},{"type":"Feature","geometry":{"type":"Point","coordinates":[139.65,35.433]},"properties":{"name":"Yokohama","kind":"city","rating":4,"region":"Japan"}},{"type":"Feature","geometry":{"type":"Point","coordinates":[104.0838,43.4931]},"properties":{"name":"Yolyn Am","kind":"canyon","rating":4,"region":"Mongolia"}},{"type":"Feature","geometry":{"type":"Point","coordinates":[35.6345,36.6767]},"properties":{"name":"Yumurtalık Lagoon","kind":"lake","rating":4,"region":"Turkey"}},{"type":"Feature","geometry":{"type":"Point","coordinates":[94.2508,35.6525]},"properties":{"name":"Yuzhu Peak","kind":"peak","rating":4,"region":"Qinghai"}},{"type":"Feature","geometry":{"type":"Point","coordinates":[19.6478,10.8478]},"properties":{"name":"Zakouma National Park","kind":"park","rating":4,"region":"Chad"}},{"type":"Feature","geometry":{"type":"Point","coordinates":[156.5,-80.9167]},"properties":{"name":"Zeller Glacier","kind":"glacier","rating":4,"region":"Antarctica"}},{"type":"Feature","geometry":{"type":"Point","coordinates":[85.6333,30.9167]},"properties":{"name":"Zhari Namco","kind":"lake","rating":4,"region":"Xizang"}},{"type":"Feature","geometry":{"type":"Point","coordinates":[115.34,29.29]},"properties":{"name":"Zhelin Reservoir","kind":"lake","rating":4,"region":"Jiangxi"}},{"type":"Feature","geometry":{"type":"Point","coordinates":[14.5738,47.0566]},"properties":{"name":"Zirbitzkogel","kind":"peak","rating":4,"region":"Austria"}},{"type":"Feature","geometry":{"type":"Point","coordinates":[-169.25,-85.0333]},"properties":{"name":"Zotikov Glacier","kind":"glacier","rating":4,"region":"Antarctica"}},{"type":"Feature","geometry":{"type":"Point","coordinates":[49.0833,-67.2167]},"properties":{"name":"Zubchatyy Ice Shelf","kind":"glacier","rating":4,"region":"Antarctica"}},{"type":"Feature","geometry":{"type":"Point","coordinates":[-15.5,66.3333]},"properties":{"name":"Þistilfjörður","kind":"coast","rating":4,"region":"Iceland"}},{"type":"Feature","geometry":{"type":"Point","coordinates":[22.5167,44.6667]},"properties":{"name":"Đerdap National Park","kind":"park","rating":4,"region":"Serbia"}},{"type":"Feature","geometry":{"type":"Point","coordinates":[23.5125,56.9517]},"properties":{"name":"Ķemeri National Park","kind":"park","rating":4,"region":"Latvia"}},{"type":"Feature","geometry":{"type":"Point","coordinates":[28.987,41.06]},"properties":{"name":"Şişli","kind":"city","rating":4,"region":"Turkey"}},{"type":"Feature","geometry":{"type":"Point","coordinates":[13.4825,49.0606]},"properties":{"name":"Šumava National Park","kind":"park","rating":4,"region":"Czech Republic"}},{"type":"Feature","geometry":{"type":"Point","coordinates":[-109.4624,37.8395]},"properties":{"name":"Abajo Peak","kind":"peak","rating":3,"region":"Utah"}},{"type":"Feature","geometry":{"type":"Point","coordinates":[40.4806,43.5483]},"properties":{"name":"Agepsta","kind":"peak","rating":3,"region":"Krasnodar"}},{"type":"Feature","geometry":{"type":"Point","coordinates":[9.55,0.6167]},"properties":{"name":"Akanda National Park","kind":"park","rating":3,"region":"Gabon"}},{"type":"Feature","geometry":{"type":"Point","coordinates":[41.9061,42.8753]},"properties":{"name":"Akiba","kind":"peak","rating":3,"region":"Georgia"}},{"type":"Feature","geometry":{"type":"Point","coordinates":[-4.1216,35.1803]},"properties":{"name":"Al Hoceima National Park","kind":"park","rating":3,"region":"Morocco"}},{"type":"Feature","geometry":{"type":"Point","coordinates":[-70.4397,-54.7491]},"properties":{"name":"Alberto de Agostini National Park","kind":"park","rating":3,"region":"Chile"}},{"type":"Feature","geometry":{"type":"Point","coordinates":[16.37,40.99]},"properties":{"name":"Alta Murgia National Park","kind":"park","rating":3,"region":"Italy"}},{"type":"Feature","geometry":{"type":"Point","coordinates":[11.12,1.16]},"properties":{"name":"Altos de Nsork National Park","kind":"park","rating":3,"region":"Equatorial Guinea"}},{"type":"Feature","geometry":{"type":"Point","coordinates":[-70.2,-3.4833]},"properties":{"name":"Amacayacu National Park","kind":"park","rating":3,"region":"Colombia"}},{"type":"Feature","geometry":{"type":"Point","coordinates":[-163.15,55.4167]},"properties":{"name":"Amak Volcano","kind":"volcano","rating":3,"region":"Alaska"}},{"type":"Feature","geometry":{"type":"Point","coordinates":[-56.8403,-4.4394]},"properties":{"name":"Amazônia National Park","kind":"park","rating":3,"region":"Pará"}},{"type":"Feature","geometry":{"type":"Point","coordinates":[49.155,-12.595]},"properties":{"name":"Amber Mountain National Park","kind":"park","rating":3,"region":"Madagascar"}},{"type":"Feature","geometry":{"type":"Point","coordinates":[153.6214,-4.0808]},"properties":{"name":"Ambitle","kind":"volcano","rating":3,"region":"Papua New Guinea"}},{"type":"Feature","geometry":{"type":"Point","coordinates":[-63.9833,-17.7833]},"properties":{"name":"Amboró National Park","kind":"park","rating":3,"region":"Bolivia"}},{"type":"Feature","geometry":{"type":"Point","coordinates":[4.89,52.374]},"properties":{"name":"Amsterdam","kind":"city","rating":3,"region":"Netherlands"}},{"type":"Feature","geometry":{"type":"Point","coordinates":[-60.9206,-2.3947]},"properties":{"name":"Anavilhanas National Park","kind":"park","rating":3,"region":"Amazonas"}},{"type":"Feature","geometry":{"type":"Point","coordinates":[23.3439,9.4408]},"properties":{"name":"Andre Felix National Park","kind":"park","rating":3,"region":"Central African Republic"}},{"type":"Feature","geometry":{"type":"Point","coordinates":[-50.0977,-29.1917]},"properties":{"name":"Aparados da Serra National Park","kind":"park","rating":3,"region":"Santa Catarina"}},{"type":"Feature","geometry":{"type":"Point","coordinates":[15.9,40.34]},"properties":{"name":"Appennino Lucano - Val d'Agri - Lagonegrese National Park","kind":"park","rating":3,"region":"Italy"}},{"type":"Feature","geometry":{"type":"Point","coordinates":[39.8167,-3.2667]},"properties":{"name":"Arabuko Sokoke National Park","kind":"park","rating":3,"region":"Kenya"}},{"type":"Feature","geometry":{"type":"Point","coordinates":[-50.167,-10.5]},"properties":{"name":"Araguaia National Park","kind":"park","rating":3,"region":"Tocantins"}},{"type":"Feature","geometry":{"type":"Point","coordinates":[-79.8692,-33.7297]},"properties":{"name":"Archipiélago de Juan Fernández National Park","kind":"park","rating":3,"region":"Chile"}},{"type":"Feature","geometry":{"type":"Point","coordinates":[10.2687,42.8249]},"properties":{"name":"Arcipelago Toscano National Park","kind":"park","rating":3,"region":"Italy"}},{"type":"Feature","geometry":{"type":"Point","coordinates":[42.4958,11.5719]},"properties":{"name":"Ardoukoba","kind":"volcano","rating":3,"region":"Djibouti"}},{"type":"Feature","geometry":{"type":"Point","coordinates":[-69.9265,12.4988]},"properties":{"name":"Arikok National Park","kind":"park","rating":3,"region":"Aruba"}},{"type":"Feature","geometry":{"type":"Point","coordinates":[20.7,70.1534]},"properties":{"name":"Arnøyhøgda","kind":"peak","rating":3,"region":"Norway"}},{"type":"Feature","geometry":{"type":"Point","coordinates":[34.65,31.792]},"properties":{"name":"Ashdod","kind":"city","rating":3,"region":"Israel"}},{"type":"Feature","geometry":{"type":"Point","coordinates":[8.276,41.058]},"properties":{"name":"Asinara National Park","kind":"park","rating":3,"region":"Italy"}},{"type":"Feature","geometry":{"type":"Point","coordinates":[-4.8833,5.2]},"properties":{"name":"Assagny National Park","kind":"park","rating":3,"region":"Côte d'Ivoire"}},{"type":"Feature","geometry":{"type":"Point","coordinates":[-73.93,40.772]},"properties":{"name":"Astoria","kind":"city","rating":3,"region":"New York"}},{"type":"Feature","geometry":{"type":"Point","coordinates":[27.8394,36.1966]},"properties":{"name":"Atavyros","kind":"peak","rating":3,"region":"Greece"}},{"type":"Feature","geometry":{"type":"Point","coordinates":[174.763,-36.849]},"properties":{"name":"Auckland","kind":"city","rating":3,"region":"New Zealand"}},{"type":"Feature","geometry":{"type":"Point","coordinates":[73.4278,34.0628]},"properties":{"name":"Ayubia National Park","kind":"park","rating":3,"region":"Pakistan"}},{"type":"Feature","geometry":{"type":"Point","coordinates":[105.6153,22.4053]},"properties":{"name":"Ba Bể National Park","kind":"park","rating":3,"region":"Vietnam"}},{"type":"Feature","geometry":{"type":"Point","coordinates":[19.5306,49.5731]},"properties":{"name":"Babia Góra","kind":"peak","rating":3,"region":"Poland"}},{"type":"Feature","geometry":{"type":"Point","coordinates":[121.94,19.5233]},"properties":{"name":"Babuyan Claro","kind":"volcano","rating":3,"region":"Philippines"}},{"type":"Feature","geometry":{"type":"Point","coordinates":[107.8667,16.2]},"properties":{"name":"Bach Ma National Park","kind":"park","rating":3,"region":"Vietnam"}},{"type":"Feature","geometry":{"type":"Point","coordinates":[110.4667,1.7167]},"properties":{"name":"Bako National Park","kind":"park","rating":3,"region":"Malaysia"}},{"type":"Feature","geometry":{"type":"Point","coordinates":[159.2517,-31.7542]},"properties":{"name":"Ball's Pyramid","kind":"volcano","rating":3,"region":"Lord Howe Island"}},{"type":"Feature","geometry":{"type":"Point","coordinates":[90.75,25.5]},"properties":{"name":"Balpakram National Park","kind":"park","rating":3,"region":"Meghalaya"}},{"type":"Feature","geometry":{"type":"Point","coordinates":[32.2775,5.4328]},"properties":{"name":"Bandingilo National Park","kind":"park","rating":3,"region":"South Sudan"}},{"type":"Feature","geometry":{"type":"Point","coordinates":[81.9128,28.1911]},"properties":{"name":"Banke National Park","kind":"park","rating":3,"region":"Nepal"}},{"type":"Feature","geometry":{"type":"Point","coordinates":[-64.6167,-22.5833]},"properties":{"name":"Baritú National Park","kind":"park","rating":3,"region":"Argentina"}},{"type":"Feature","geometry":{"type":"Point","coordinates":[151.5011,-32.0483]},"properties":{"name":"Barrington Tops National Park","kind":"park","rating":3,"region":"New South Wales"}},{"type":"Feature","geometry":{"type":"Point","coordinates":[123.5792,-7.7917]},"properties":{"name":"Batu Tara","kind":"volcano","rating":3,"region":"Indonesia"}},{"type":"Feature","geometry":{"type":"Point","coordinates":[75.6,50.8]},"properties":{"name":"Bayanaul National Park","kind":"park","rating":3,"region":"Kazakhstan"}},{"type":"Feature","geometry":{"type":"Point","coordinates":[35.4659,-21.6657]},"properties":{"name":"Bazaruto National Park","kind":"park","rating":3,"region":"Mozambique"}},{"type":"Feature","geometry":{"type":"Point","coordinates":[6.0333,35.5833]},"properties":{"name":"Belezma National Park","kind":"park","rating":3,"region":"Algeria"}},{"type":"Feature","geometry":{"type":"Point","coordinates":[84.1901,23.8878]},"properties":{"name":"Betla National Park","kind":"park","rating":3,"region":"Jharkhand"}},{"type":"Feature","geometry":{"type":"Point","coordinates":[74.2586,15.3736]},"properties":{"name":"Bhagwan Mahaveer Sanctuary and Mollem National Park","kind":"park","rating":3,"region":"Goa"}},{"type":"Feature","geometry":{"type":"Point","coordinates":[86.9341,20.6625]},"properties":{"name":"Bhitarkanika National Park","kind":"park","rating":3,"region":"Odisha"}},{"type":"Feature","geometry":{"type":"Point","coordinates":[14.8333,-15.3333]},"properties":{"name":"Bicuari National Park","kind":"park","rating":3,"region":"Angola"}},{"type":"Feature","geometry":{"type":"Point","coordinates":[-110.606,46.9685]},"properties":{"name":"Big Baldy Mountain","kind":"peak","rating":3,"region":"Montana"}},{"type":"Feature","geometry":{"type":"Point","coordinates":[-108.3987,31.6357]},"properties":{"name":"Big Hatchet Peak","kind":"peak","rating":3,"region":"New Mexico"}},{"type":"Feature","geometry":{"type":"Point","coordinates":[136.5833,46.6333]},"properties":{"name":"Bikin National Park","kind":"park","rating":3,"region":"Primor'ye"}},{"type":"Feature","geometry":{"type":"Point","coordinates":[-2.925,43.263]},"properties":{"name":"Bilbao","kind":"city","rating":3,"region":"Spain"}},{"type":"Feature","geometry":{"type":"Point","coordinates":[-1.9,52.481]},"properties":{"name":"Birmingham","kind":"city","rating":3,"region":"UK"}},{"type":"Feature","geometry":{"type":"Point","coordinates":[18.0149,63.974]},"properties":{"name":"Björnlandet National Park","kind":"park","rating":3,"region":"Sweden"}},{"type":"Feature","geometry":{"type":"Point","coordinates":[-113.126,42.1387]},"properties":{"name":"Black Pine Mountains High Point","kind":"peak","rating":3,"region":"Idaho"}},{"type":"Feature","geometry":{"type":"Point","coordinates":[57.4167,-20.4167]},"properties":{"name":"Black River Gorges National Park","kind":"park","rating":3,"region":"Mauritius"}},{"type":"Feature","geometry":{"type":"Point","coordinates":[72.0,22.0333]},"properties":{"name":"Blackbuck National Park","kind":"park","rating":3,"region":"Gujarat"}},{"type":"Feature","geometry":{"type":"Point","coordinates":[24.2305,48.2227]},"properties":{"name":"Blyznytsya","kind":"peak","rating":3,"region":"Ukraine"}},{"type":"Feature","geometry":{"type":"Point","coordinates":[13.1093,64.2168]},"properties":{"name":"Blåfjella–Skjækerfjella National Park","kind":"park","rating":3,"region":"Norway"}},{"type":"Feature","geometry":{"type":"Point","coordinates":[-44.67,-22.963]},"properties":{"name":"Bocaina Mountain National Park","kind":"park","rating":3,"region":"Rio de Janeiro"}},{"type":"Feature","geometry":{"type":"Point","coordinates":[123.68,0.5606]},"properties":{"name":"Bogani Nani Wartabone National Park","kind":"park","rating":3,"region":"Indonesia"}},{"type":"Feature","geometry":{"type":"Point","coordinates":[-168.0389,53.9358]},"properties":{"name":"Bogoslof Island","kind":"volcano","rating":3,"region":"United States"}},{"type":"Feature","geometry":{"type":"Point","coordinates":[33.914,6.489]},"properties":{"name":"Boma National Park","kind":"park","rating":3,"region":"South Sudan"}},{"type":"Feature","geometry":{"type":"Point","coordinates":[138.488,-18.7014]},"properties":{"name":"Boodjamulla (Lawn Hill) National Park","kind":"park","rating":3,"region":"Queensland"}},{"type":"Feature","geometry":{"type":"Point","coordinates":[40.9864,13.3039]},"properties":{"name":"Borawli","kind":"volcano","rating":3,"region":"Ethiopia"}},{"type":"Feature","geometry":{"type":"Point","coordinates":[152.9861,-28.3597]},"properties":{"name":"Border Ranges National Park","kind":"park","rating":3,"region":"New South Wales"}},{"type":"Feature","geometry":{"type":"Point","coordinates":[14.6567,8.6236]},"properties":{"name":"Bouba Njida National Park","kind":"park","rating":3,"region":"Cameroon"}},{"type":"Feature","geometry":{"type":"Point","coordinates":[-8.8833,14.0833]},"properties":{"name":"Boucle du Baoulé National Park","kind":"park","rating":3,"region":"Mali"}},{"type":"Feature","geometry":{"type":"Point","coordinates":[3.4444,36.6078]},"properties":{"name":"Bouzegza","kind":"peak","rating":3,"region":"Algeria"}},{"type":"Feature","geometry":{"type":"Point","coordinates":[-112.0144,41.6358]},"properties":{"name":"Box Elder Peak","kind":"peak","rating":3,"region":"Utah"}},{"type":"Feature","geometry":{"type":"Point","coordinates":[-62.0264,57.8814]},"properties":{"name":"Brave Mountain","kind":"peak","rating":3,"region":"Newfoundland and Labrador"}},{"type":"Feature","geometry":{"type":"Point","coordinates":[17.6485,69.4554]},"properties":{"name":"Breitinden","kind":"peak","rating":3,"region":"Norway"}},{"type":"Feature","geometry":{"type":"Point","coordinates":[-56.7333,-62.0667]},"properties":{"name":"Bridgeman Island","kind":"volcano","rating":3,"region":"Antarctica"}},{"type":"Feature","geometry":{"type":"Point","coordinates":[150.7333,46.7167]},"properties":{"name":"Broutona","kind":"volcano","rating":3,"region":"Sakhalin"}},{"type":"Feature","geometry":{"type":"Point","coordinates":[-81.6142,45.2389]},"properties":{"name":"Bruce Peninsula National Park","kind":"park","rating":3,"region":"Ontario"}},{"type":"Feature","geometry":{"type":"Point","coordinates":[4.349,50.85]},"properties":{"name":"Brussels","kind":"city","rating":3,"region":"Belgium"}},{"type":"Feature","geometry":{"type":"Point","coordinates":[-2.3628,8.2998]},"properties":{"name":"Bui National Park","kind":"park","rating":3,"region":"Ghana"}},{"type":"Feature","geometry":{"type":"Point","coordinates":[70.3,53.0833]},"properties":{"name":"Burabay National Park","kind":"park","rating":3,"region":"Kazakhstan"}},{"type":"Feature","geometry":{"type":"Point","coordinates":[89.58,26.65]},"properties":{"name":"Buxa Tiger Reserve","kind":"park","rating":3,"region":"West Bengal"}},{"type":"Feature","geometry":{"type":"Point","coordinates":[-51.5167,4.4333]},"properties":{"name":"Cabo Orange National Park","kind":"park","rating":3,"region":"Amapá"}},{"type":"Feature","geometry":{"type":"Point","coordinates":[-67.433,-55.833]},"properties":{"name":"Cabo de Hornos National Park","kind":"park","rating":3,"region":"Chile"}},{"type":"Feature","geometry":{"type":"Point","coordinates":[2.9667,39.1583]},"properties":{"name":"Cabrera National Park","kind":"park","rating":3,"region":"Spain"}},{"type":"Feature","geometry":{"type":"Point","coordinates":[5.4492,43.2094]},"properties":{"name":"Calanques National Park","kind":"park","rating":3,"region":"France"}},{"type":"Feature","geometry":{"type":"Point","coordinates":[-64.838,-23.639]},"properties":{"name":"Calilegua National Park","kind":"park","rating":3,"region":"Argentina"}},{"type":"Feature","geometry":{"type":"Point","coordinates":[21.6667,-11.8833]},"properties":{"name":"Cameia National Park","kind":"park","rating":3,"region":"Angola"}},{"type":"Feature","geometry":{"type":"Point","coordinates":[93.7619,7.1128]},"properties":{"name":"Campbell Bay National Park","kind":"park","rating":3,"region":"Andaman and Nicobar"}},{"type":"Feature","geometry":{"type":"Point","coordinates":[9.9912,2.3453]},"properties":{"name":"Campo Ma'an National Park","kind":"park","rating":3,"region":"Cameroon"}},{"type":"Feature","geometry":{"type":"Point","coordinates":[16.75,-9.8]},"properties":{"name":"Cangandala National Park","kind":"park","rating":3,"region":"Angola"}},{"type":"Feature","geometry":{"type":"Point","coordinates":[-123.2155,63.407]},"properties":{"name":"Cap Mountain","kind":"peak","rating":3,"region":"Northwest Territories"}},{"type":"Feature","geometry":{"type":"Point","coordinates":[1.738,42.1894]},"properties":{"name":"Cap de la Gallina Pelada","kind":"peak","rating":3,"region":"Spain"}},{"type":"Feature","geometry":{"type":"Point","coordinates":[123.369,-33.7039]},"properties":{"name":"Cape Arid National Park","kind":"park","rating":3,"region":"Western Australia"}},{"type":"Feature","geometry":{"type":"Point","coordinates":[-60.6597,46.7167]},"properties":{"name":"Cape Breton Highlands National Park","kind":"park","rating":3,"region":"Nova Scotia"}},{"type":"Feature","geometry":{"type":"Point","coordinates":[113.921,-22.1233]},"properties":{"name":"Cape Range National Park","kind":"park","rating":3,"region":"Western Australia"}},{"type":"Feature","geometry":{"type":"Point","coordinates":[-66.879,10.488]},"properties":{"name":"Caracas","kind":"city","rating":3,"region":"Venezuela"}},{"type":"Feature","geometry":{"type":"Point","coordinates":[-84.6278,9.7472]},"properties":{"name":"Carara National Park","kind":"park","rating":3,"region":"Costa Rica"}},{"type":"Feature","geometry":{"type":"Point","coordinates":[-65.05,-17.3833]},"properties":{"name":"Carrasco National Park","kind":"park","rating":3,"region":"Bolivia"}},{"type":"Feature","geometry":{"type":"Point","coordinates":[-114.585,44.0396]},"properties":{"name":"Castle Peak","kind":"peak","rating":3,"region":"Idaho"}},{"type":"Feature","geometry":{"type":"Point","coordinates":[-44.3243,-15.1225]},"properties":{"name":"Cavernas do Peruaçu National Park","kind":"park","rating":3,"region":"Minas Gerais"}},{"type":"Feature","geometry":{"type":"Point","coordinates":[-56.0179,-22.6514]},"properties":{"name":"Cerro Cora National Park","kind":"park","rating":3,"region":"Paraguay"}},{"type":"Feature","geometry":{"type":"Point","coordinates":[-100.59,26.7595]},"properties":{"name":"Cerro El Carrizal","kind":"peak","rating":3,"region":"Coahuila"}},{"type":"Feature","geometry":{"type":"Point","coordinates":[-72.2158,-39.8325]},"properties":{"name":"Cerro Maltusado","kind":"peak","rating":3,"region":"Chile"}},{"type":"Feature","geometry":{"type":"Point","coordinates":[-66.5322,18.1778]},"properties":{"name":"Cerro Rosa","kind":"peak","rating":3,"region":"Puerto Rico"}},{"type":"Feature","geometry":{"type":"Point","coordinates":[-100.2391,25.6278]},"properties":{"name":"Cerro de la Silla","kind":"peak","rating":3,"region":"Nuevo León"}},{"type":"Feature","geometry":{"type":"Point","coordinates":[-59.6667,-26.8333]},"properties":{"name":"Chaco National Park","kind":"park","rating":3,"region":"Argentina"}},{"type":"Feature","geometry":{"type":"Point","coordinates":[8.6952,35.18]},"properties":{"name":"Chambi National Park","kind":"park","rating":3,"region":"Tunisia"}},{"type":"Feature","geometry":{"type":"Point","coordinates":[-41.3722,-12.8803]},"properties":{"name":"Chapada Diamantina National Park","kind":"park","rating":3,"region":"Bahia"}},{"type":"Feature","geometry":{"type":"Point","coordinates":[21.8882,44.9512]},"properties":{"name":"Cheile Nerei-Beușnița National Park","kind":"park","rating":3,"region":"Romania"}},{"type":"Feature","geometry":{"type":"Point","coordinates":[-106.3846,36.0073]},"properties":{"name":"Chicoma Mountain","kind":"peak","rating":3,"region":"New Mexico"}},{"type":"Feature","geometry":{"type":"Point","coordinates":[-74.0341,-42.5129]},"properties":{"name":"Chiloé National Park","kind":"park","rating":3,"region":"Chile"}},{"type":"Feature","geometry":{"type":"Point","coordinates":[2.8667,36.4]},"properties":{"name":"Chrea National Park","kind":"park","rating":3,"region":"Algeria"}},{"type":"Feature","geometry":{"type":"Point","coordinates":[105.6232,-10.4915]},"properties":{"name":"Christmas Island National Park","kind":"park","rating":3,"region":"Indian Ocean Territories"}},{"type":"Feature","geometry":{"type":"Point","coordinates":[37.85,-2.6]},"properties":{"name":"Chyulu Hills","kind":"park","rating":3,"region":"Kenya"}},{"type":"Feature","geometry":{"type":"Point","coordinates":[-84.514,39.127]},"properties":{"name":"Cincinnati","kind":"city","rating":3,"region":"Ohio"}},{"type":"Feature","geometry":{"type":"Point","coordinates":[13.064,41.235]},"properties":{"name":"Circeo National Park","kind":"park","rating":3,"region":"Italy"}},{"type":"Feature","geometry":{"type":"Point","coordinates":[-0.136,51.498]},"properties":{"name":"City of Westminster","kind":"city","rating":3,"region":"UK"}},{"type":"Feature","geometry":{"type":"Point","coordinates":[-115.589,35.5256]},"properties":{"name":"Clark Mountain","kind":"peak","rating":3,"region":"California"}},{"type":"Feature","geometry":{"type":"Point","coordinates":[121.608,-0.17]},"properties":{"name":"Colo","kind":"volcano","rating":3,"region":"Indonesia"}},{"type":"Feature","geometry":{"type":"Point","coordinates":[79.849,6.935]},"properties":{"name":"Colombo","kind":"city","rating":3,"region":"Sri Lanka"}},{"type":"Feature","geometry":{"type":"Point","coordinates":[-61.8833,-25.9667]},"properties":{"name":"Copo National Park","kind":"park","rating":3,"region":"Argentina"}},{"type":"Feature","geometry":{"type":"Point","coordinates":[-78.0064,-8.8431]},"properties":{"name":"Coñocranra","kind":"peak","rating":3,"region":"Peru"}},{"type":"Feature","geometry":{"type":"Point","coordinates":[116.0833,5.5833]},"properties":{"name":"Crocker Range National Park","kind":"park","rating":3,"region":"Malaysia"}},{"type":"Feature","geometry":{"type":"Point","coordinates":[8.5833,5.4167]},"properties":{"name":"Cross River National Park","kind":"park","rating":3,"region":"Nigeria"}},{"type":"Feature","geometry":{"type":"Point","coordinates":[5.9436,46.2725]},"properties":{"name":"Crêt de la Neige","kind":"peak","rating":3,"region":"France"}},{"type":"Feature","geometry":{"type":"Point","coordinates":[-99.146,19.445]},"properties":{"name":"Cuauhtémoc","kind":"city","rating":3,"region":"Distrito Federal"}},{"type":"Feature","geometry":{"type":"Point","coordinates":[-115.4246,38.9097]},"properties":{"name":"Currant Mountain","kind":"peak","rating":3,"region":"Nevada"}},{"type":"Feature","geometry":{"type":"Point","coordinates":[-8.9,42.2333]},"properties":{"name":"Cíes Islands","kind":"park","rating":3,"region":"Spain"}},{"type":"Feature","geometry":{"type":"Point","coordinates":[25.168,47.127]},"properties":{"name":"Călimani National Park","kind":"park","rating":3,"region":"Romania"}},{"type":"Feature","geometry":{"type":"Point","coordinates":[26.2169,41.13]},"properties":{"name":"Dadia-Lefkimi-Soufli Forest National Park","kind":"park","rating":3,"region":"Greece"}},{"type":"Feature","geometry":{"type":"Point","coordinates":[19.9256,41.3658]},"properties":{"name":"Dajti National Park","kind":"park","rating":3,"region":"Albania"}},{"type":"Feature","geometry":{"type":"Point","coordinates":[55.302,25.271]},"properties":{"name":"Dayrah","kind":"city","rating":3,"region":"United Arab Emirates"}},{"type":"Feature","geometry":{"type":"Point","coordinates":[-112.3714,38.3692]},"properties":{"name":"Delano Peak","kind":"peak","rating":3,"region":"Utah"}},{"type":"Feature","geometry":{"type":"Point","coordinates":[-93.609,41.601]},"properties":{"name":"Des Moines","kind":"city","rating":3,"region":"Iowa"}},{"type":"Feature","geometry":{"type":"Point","coordinates":[-117.759,39.3652]},"properties":{"name":"Desatoya Peak","kind":"peak","rating":3,"region":"Nevada"}},{"type":"Feature","geometry":{"type":"Point","coordinates":[70.5167,26.3167]},"properties":{"name":"Desert National Park","kind":"park","rating":3,"region":"Rajasthan"}},{"type":"Feature","geometry":{"type":"Point","coordinates":[-115.819,39.5849]},"properties":{"name":"Diamond Peak","kind":"peak","rating":3,"region":"Nevada"}},{"type":"Feature","geometry":{"type":"Point","coordinates":[-16.35,16.4167]},"properties":{"name":"Diawling National Park","kind":"park","rating":3,"region":"Mauritania"}},{"type":"Feature","geometry":{"type":"Point","coordinates":[95.3403,27.6498]},"properties":{"name":"Dibru-Saikhowa National Park","kind":"park","rating":3,"region":"Assam"}},{"type":"Feature","geometry":{"type":"Point","coordinates":[-125.4858,58.4753]},"properties":{"name":"Dieppe Mountain","kind":"peak","rating":3,"region":"British Columbia"}},{"type":"Feature","geometry":{"type":"Point","coordinates":[35.2333,12.0]},"properties":{"name":"Dinder National Park","kind":"park","rating":3,"region":"Sudan"}},{"type":"Feature","geometry":{"type":"Point","coordinates":[19.4931,40.9242]},"properties":{"name":"Divjakë-Karavasta National Park","kind":"park","rating":3,"region":"Albania"}},{"type":"Feature","geometry":{"type":"Point","coordinates":[-1.975,43.313]},"properties":{"name":"Donostia / San Sebastián","kind":"city","rating":3,"region":"Spain"}},{"type":"Feature","geometry":{"type":"Point","coordinates":[152.7511,-30.3817]},"properties":{"name":"Dorrigo National Park","kind":"park","rating":3,"region":"New South Wales"}},{"type":"Feature","geometry":{"type":"Point","coordinates":[-118.487,35.0333]},"properties":{"name":"Double Mountain","kind":"peak","rating":3,"region":"California"}},{"type":"Feature","geometry":{"type":"Point","coordinates":[-117.5978,36.9088]},"properties":{"name":"Dry Mountain","kind":"peak","rating":3,"region":"California"}},{"type":"Feature","geometry":{"type":"Point","coordinates":[80.6993,28.4709]},"properties":{"name":"Dudhwa National Park","kind":"park","rating":3,"region":"Uttar Pradesh"}},{"type":"Feature","geometry":{"type":"Point","coordinates":[-118.7302,41.6618]},"properties":{"name":"Duffer Peak","kind":"peak","rating":3,"region":"Nevada"}},{"type":"Feature","geometry":{"type":"Point","coordinates":[16.1667,2.5]},"properties":{"name":"Dzanga-Ndoki National Park","kind":"park","rating":3,"region":"Central African Republic"}},{"type":"Feature","geometry":{"type":"Point","coordinates":[-120.201,41.2834]},"properties":{"name":"Eagle Peak","kind":"peak","rating":3,"region":"California"}},{"type":"Feature","geometry":{"type":"Point","coordinates":[-79.2203,-2.8461]},"properties":{"name":"El Cajas National Park","kind":"park","rating":3,"region":"Ecuador"}},{"type":"Feature","geometry":{"type":"Point","coordinates":[8.3333,36.5]},"properties":{"name":"El Feidja National Park","kind":"park","rating":3,"region":"Tunisia"}},{"type":"Feature","geometry":{"type":"Point","coordinates":[-69.3337,-31.7958]},"properties":{"name":"El Leoncito National Park","kind":"park","rating":3,"region":"Argentina"}},{"type":"Feature","geometry":{"type":"Point","coordinates":[-106.487,31.759]},"properties":{"name":"El Paso","kind":"city","rating":3,"region":"Texas"}},{"type":"Feature","geometry":{"type":"Point","coordinates":[-64.6333,-24.7]},"properties":{"name":"El Rey National Park","kind":"park","rating":3,"region":"Argentina"}},{"type":"Feature","geometry":{"type":"Point","coordinates":[-20.2488,63.4333]},"properties":{"name":"Eldfell","kind":"volcano","rating":3,"region":"Iceland"}},{"type":"Feature","geometry":{"type":"Point","coordinates":[-110.8375,45.0053]},"properties":{"name":"Electric Peak","kind":"peak","rating":3,"region":"Montana"}},{"type":"Feature","geometry":{"type":"Point","coordinates":[-106.526,41.6332]},"properties":{"name":"Elk Mountain","kind":"peak","rating":3,"region":"Wyoming"}},{"type":"Feature","geometry":{"type":"Point","coordinates":[-103.3051,29.2459]},"properties":{"name":"Emory Peak","kind":"peak","rating":3,"region":"Texas"}},{"type":"Feature","geometry":{"type":"Point","coordinates":[103.273,2.4389]},"properties":{"name":"Endau-Rompin National Park","kind":"park","rating":3,"region":"Malaysia"}},{"type":"Feature","geometry":{"type":"Point","coordinates":[-72.7333,-69.5667]},"properties":{"name":"Enigma Peak","kind":"peak","rating":3,"region":"Antarctica"}},{"type":"Feature","geometry":{"type":"Point","coordinates":[-89.6833,-1.3667]},"properties":{"name":"Española Island","kind":"volcano","rating":3,"region":"Ecuador"}},{"type":"Feature","geometry":{"type":"Point","coordinates":[-125.323,52.7867]},"properties":{"name":"Far Mountain","kind":"peak","rating":3,"region":"British Columbia"}},{"type":"Feature","geometry":{"type":"Point","coordinates":[-128.5833,-85.7]},"properties":{"name":"Faure Peak","kind":"peak","rating":3,"region":"Antarctica"}},{"type":"Feature","geometry":{"type":"Point","coordinates":[12.1167,62.2167]},"properties":{"name":"Femundsmarka National Park","kind":"park","rating":3,"region":"Norway"}},{"type":"Feature","geometry":{"type":"Point","coordinates":[12.7186,37.1636]},"properties":{"name":"Ferdinandea","kind":"volcano","rating":3,"region":"Italy"}},{"type":"Feature","geometry":{"type":"Point","coordinates":[39.9031,43.9536]},"properties":{"name":"Fisht","kind":"peak","rating":3,"region":"Adygey"}},{"type":"Feature","geometry":{"type":"Point","coordinates":[119.615,-33.9475]},"properties":{"name":"Fitzgerald River National Park","kind":"park","rating":3,"region":"Western Australia"}},{"type":"Feature","geometry":{"type":"Point","coordinates":[-107.083,40.0147]},"properties":{"name":"Flat Top Mountain","kind":"peak","rating":3,"region":"Colorado"}},{"type":"Feature","geometry":{"type":"Point","coordinates":[-90.4342,-1.2975]},"properties":{"name":"Floreana Island","kind":"volcano","rating":3,"region":"Ecuador"}},{"type":"Feature","geometry":{"type":"Point","coordinates":[16.4,48.25]},"properties":{"name":"Floridsdorf","kind":"city","rating":3,"region":"Austria"}},{"type":"Feature","geometry":{"type":"Point","coordinates":[-174.325,-18.024]},"properties":{"name":"Fonualei","kind":"volcano","rating":3,"region":"Tonga"}},{"type":"Feature","geometry":{"type":"Point","coordinates":[-64.35,48.9]},"properties":{"name":"Forillon National Park","kind":"park","rating":3,"region":"Québec"}},{"type":"Feature","geometry":{"type":"Point","coordinates":[10.6667,62.6333]},"properties":{"name":"Forollhogna National Park","kind":"park","rating":3,"region":"Norway"}},{"type":"Feature","geometry":{"type":"Point","coordinates":[15.7168,67.9493]},"properties":{"name":"Forra","kind":"peak","rating":3,"region":"Norway"}},{"type":"Feature","geometry":{"type":"Point","coordinates":[-80.143,26.122]},"properties":{"name":"Fort Lauderdale","kind":"city","rating":3,"region":"Florida"}},{"type":"Feature","geometry":{"type":"Point","coordinates":[-97.321,32.725]},"properties":{"name":"Fort Worth","kind":"city","rating":3,"region":"Texas"}},{"type":"Feature","geometry":{"type":"Point","coordinates":[-111.3253,33.684]},"properties":{"name":"Four Peaks","kind":"peak","rating":3,"region":"Arizona"}},{"type":"Feature","geometry":{"type":"Point","coordinates":[-109.3307,43.9613]},"properties":{"name":"Francs Peak","kind":"peak","rating":3,"region":"Wyoming"}},{"type":"Feature","geometry":{"type":"Point","coordinates":[-64.9539,45.5953]},"properties":{"name":"Fundy National Park","kind":"park","rating":3,"region":"New Brunswick"}},{"type":"Feature","geometry":{"type":"Point","coordinates":[-116.6236,36.103]},"properties":{"name":"Funeral Peak","kind":"peak","rating":3,"region":"California"}},{"type":"Feature","geometry":{"type":"Point","coordinates":[16.7842,60.2012]},"properties":{"name":"Färnebofjärden National Park","kind":"park","rating":3,"region":"Sweden"}},{"type":"Feature","geometry":{"type":"Point","coordinates":[-90.0,-0.3333]},"properties":{"name":"Galápagos National Park","kind":"park","rating":3,"region":"Ecuador"}},{"type":"Feature","geometry":{"type":"Point","coordinates":[34.0,8.0]},"properties":{"name":"Gambela National Park","kind":"park","rating":3,"region":"Ethiopia"}},{"type":"Feature","geometry":{"type":"Point","coordinates":[15.925,41.8061]},"properties":{"name":"Gargano National Park","kind":"park","rating":3,"region":"Italy"}},{"type":"Feature","geometry":{"type":"Point","coordinates":[11.52,7.35]},"properties":{"name":"Gashaka Gumti National Park","kind":"park","rating":3,"region":"Nigeria"}},{"type":"Feature","geometry":{"type":"Point","coordinates":[-120.8783,42.496]},"properties":{"name":"Gearhart Mountain","kind":"peak","rating":3,"region":"Oregon"}},{"type":"Feature","geometry":{"type":"Point","coordinates":[152.3239,-29.5544]},"properties":{"name":"Gibraltar Range National Park","kind":"park","rating":3,"region":"New South Wales"}},{"type":"Feature","geometry":{"type":"Point","coordinates":[-4.258,55.865]},"properties":{"name":"Glasgow","kind":"city","rating":3,"region":"UK"}},{"type":"Feature","geometry":{"type":"Point","coordinates":[101.5897,43.8027]},"properties":{"name":"Gobi Gurvansaikhan National Park","kind":"park","rating":3,"region":"Mongolia"}},{"type":"Feature","geometry":{"type":"Point","coordinates":[-10.9833,7.5]},"properties":{"name":"Gola National Park","kind":"park","rating":3,"region":"Sierra Leone"}},{"type":"Feature","geometry":{"type":"Point","coordinates":[153.431,-28.0]},"properties":{"name":"Gold Coast","kind":"city","rating":3,"region":"Queensland"}},{"type":"Feature","geometry":{"type":"Point","coordinates":[31.6667,-21.6667]},"properties":{"name":"Gonarezhou National Park","kind":"park","rating":3,"region":"Zimbabwe"}},{"type":"Feature","geometry":{"type":"Point","coordinates":[107.576,48.1502]},"properties":{"name":"Gorkhi-Terelj National Park","kind":"park","rating":3,"region":"Mongolia"}},{"type":"Feature","geometry":{"type":"Point","coordinates":[88.8,26.7]},"properties":{"name":"Gorumara National Park","kind":"park","rating":3,"region":"West Bengal"}},{"type":"Feature","geometry":{"type":"Point","coordinates":[11.967,57.707]},"properties":{"name":"Gothenburg","kind":"city","rating":3,"region":"Sweden"}},{"type":"Feature","geometry":{"type":"Point","coordinates":[5.1,36.7667]},"properties":{"name":"Gouraya National Park","kind":"park","rating":3,"region":"Algeria"}},{"type":"Feature","geometry":{"type":"Point","coordinates":[7.0981,47.9008]},"properties":{"name":"Grand Ballon","kind":"peak","rating":3,"region":"France"}},{"type":"Feature","geometry":{"type":"Point","coordinates":[5.5269,44.87]},"properties":{"name":"Grand Veymont","kind":"peak","rating":3,"region":"France"}},{"type":"Feature","geometry":{"type":"Point","coordinates":[-109.8074,45.1634]},"properties":{"name":"Granite Peak","kind":"peak","rating":3,"region":"Montana"}},{"type":"Feature","geometry":{"type":"Point","coordinates":[-117.589,41.6681]},"properties":{"name":"Granite Peak","kind":"peak","rating":3,"region":"Nevada"}},{"type":"Feature","geometry":{"type":"Point","coordinates":[-107.51,49.15]},"properties":{"name":"Grasslands National Park","kind":"park","rating":3,"region":"Saskatchewan"}},{"type":"Feature","geometry":{"type":"Point","coordinates":[-133.617,61.1787]},"properties":{"name":"Gray Peak","kind":"peak","rating":3,"region":"Yukon"}},{"type":"Feature","geometry":{"type":"Point","coordinates":[143.557,-38.7733]},"properties":{"name":"Great Otway National Park","kind":"park","rating":3,"region":"Victoria"}},{"type":"Feature","geometry":{"type":"Point","coordinates":[-105.0133,37.8814]},"properties":{"name":"Greenhorn Mountain","kind":"peak","rating":3,"region":"Colorado"}},{"type":"Feature","geometry":{"type":"Point","coordinates":[-75.08,-44.85]},"properties":{"name":"Guamblin Island","kind":"park","rating":3,"region":"Chile"}},{"type":"Feature","geometry":{"type":"Point","coordinates":[11.7892,47.5469]},"properties":{"name":"Guffert","kind":"peak","rating":3,"region":"Austria"}},{"type":"Feature","geometry":{"type":"Point","coordinates":[80.2308,13.0026]},"properties":{"name":"Guindy National Park","kind":"park","rating":3,"region":"Tamil Nadu"}},{"type":"Feature","geometry":{"type":"Point","coordinates":[19.0885,68.7994]},"properties":{"name":"Gæđgesčåkka","kind":"peak","rating":3,"region":"Norway"}},{"type":"Feature","geometry":{"type":"Point","coordinates":[42.75,13.75]},"properties":{"name":"Hanish Islands","kind":"volcano","rating":3,"region":"Yemen"}},{"type":"Feature","geometry":{"type":"Point","coordinates":[23.7696,65.6049]},"properties":{"name":"Haparanda Archipelago National Park","kind":"park","rating":3,"region":"Sweden"}},{"type":"Feature","geometry":{"type":"Point","coordinates":[-131.963,58.5989]},"properties":{"name":"Heart Peaks","kind":"peak","rating":3,"region":"British Columbia"}},{"type":"Feature","geometry":{"type":"Point","coordinates":[12.139,65.0771]},"properties":{"name":"Heilhornet","kind":"peak","rating":3,"region":"Norway"}},{"type":"Feature","geometry":{"type":"Point","coordinates":[12.453,62.904]},"properties":{"name":"Helagsfjället","kind":"peak","rating":3,"region":"Sweden"}},{"type":"Feature","geometry":{"type":"Point","coordinates":[12.9378,67.9419]},"properties":{"name":"Hermannsdalstinden","kind":"peak","rating":3,"region":"Norway"}},{"type":"Feature","geometry":{"type":"Point","coordinates":[-111.4606,44.9164]},"properties":{"name":"Hilgard Peak","kind":"peak","rating":3,"region":"Montana"}},{"type":"Feature","geometry":{"type":"Point","coordinates":[65.6667,25.6]},"properties":{"name":"Hingol National Park","kind":"park","rating":3,"region":"Pakistan"}},{"type":"Feature","geometry":{"type":"Point","coordinates":[-115.1226,40.9508]},"properties":{"name":"Hole in the Mountain Peak","kind":"peak","rating":3,"region":"Nevada"}},{"type":"Feature","geometry":{"type":"Point","coordinates":[-157.858,21.307]},"properties":{"name":"Honolulu","kind":"city","rating":3,"region":"Hawaii"}},{"type":"Feature","geometry":{"type":"Point","coordinates":[-113.9008,35.075]},"properties":{"name":"Hualapai Peak","kind":"peak","rating":3,"region":"Arizona"}},{"type":"Feature","geometry":{"type":"Point","coordinates":[-175.3925,-20.545]},"properties":{"name":"Hunga Tonga–Hunga Haʻapai","kind":"volcano","rating":3,"region":"Tonga"}},{"type":"Feature","geometry":{"type":"Point","coordinates":[-150.7946,59.6086]},"properties":{"name":"Iceworm Peak","kind":"peak","rating":3,"region":"Alaska"}},{"type":"Feature","geometry":{"type":"Point","coordinates":[-5.1302,33.4318]},"properties":{"name":"Ifrane National Park","kind":"park","rating":3,"region":"Morocco"}},{"type":"Feature","geometry":{"type":"Point","coordinates":[-87.1081,41.6481]},"properties":{"name":"Indiana Dunes National Park","kind":"park","rating":3,"region":"Indiana"}},{"type":"Feature","geometry":{"type":"Point","coordinates":[-86.158,39.768]},"properties":{"name":"Indianapolis","kind":"city","rating":3,"region":"Indiana"}},{"type":"Feature","geometry":{"type":"Point","coordinates":[81.0,19.3333]},"properties":{"name":"Indravati National Park","kind":"park","rating":3,"region":"Chhattisgarh"}},{"type":"Feature","geometry":{"type":"Point","coordinates":[-64.1161,59.0586]},"properties":{"name":"Innuit Mountain","kind":"peak","rating":3,"region":"Newfoundland and Labrador"}},{"type":"Feature","geometry":{"type":"Point","coordinates":[12.3333,-16.6667]},"properties":{"name":"Iona National Park","kind":"park","rating":3,"region":"Angola"}},{"type":"Feature","geometry":{"type":"Point","coordinates":[-6.5173,29.8416]},"properties":{"name":"Iriqui National Park","kind":"park","rating":3,"region":"Morocco"}},{"type":"Feature","geometry":{"type":"Point","coordinates":[-66.6667,-15.45]},"properties":{"name":"Isiboro Sécure National Park and Indigenous Territory","kind":"park","rating":3,"region":"Bolivia"}},{"type":"Feature","geometry":{"type":"Point","coordinates":[-0.103,51.536]},"properties":{"name":"Islington","kind":"city","rating":3,"region":"UK"}},{"type":"Feature","geometry":{"type":"Point","coordinates":[41.83,15.54]},"properties":{"name":"Jabal al-Tair Island","kind":"volcano","rating":3,"region":"Yemen"}},{"type":"Feature","geometry":{"type":"Point","coordinates":[15.4601,43.0918]},"properties":{"name":"Jabuka","kind":"volcano","rating":3,"region":"Croatia"}},{"type":"Feature","geometry":{"type":"Point","coordinates":[-78.9167,20.8167]},"properties":{"name":"Jardines de la Reina National Park","kind":"park","rating":3,"region":"Cuba"}},{"type":"Feature","geometry":{"type":"Point","coordinates":[9.0995,33.017]},"properties":{"name":"Jebil National Park","kind":"park","rating":3,"region":"Tunisia"}},{"type":"Feature","geometry":{"type":"Point","coordinates":[90.4333,27.1667]},"properties":{"name":"Jigme Singye Wangchuck National Park","kind":"park","rating":3,"region":"Bhutan"}},{"type":"Feature","geometry":{"type":"Point","coordinates":[28.044,-26.202]},"properties":{"name":"Johannesburg","kind":"city","rating":3,"region":"South Africa"}},{"type":"Feature","geometry":{"type":"Point","coordinates":[39.404,-6.233]},"properties":{"name":"Jozani Chwaka Bay National Park","kind":"park","rating":3,"region":"Tanzania"}},{"type":"Feature","geometry":{"type":"Point","coordinates":[25.7,-15.28]},"properties":{"name":"Kafue National Park","kind":"park","rating":3,"region":"Zambia"}},{"type":"Feature","geometry":{"type":"Point","coordinates":[-59.4167,5.2167]},"properties":{"name":"Kaieteur National Park","kind":"park","rating":3,"region":"Guyana"}},{"type":"Feature","geometry":{"type":"Point","coordinates":[-155.27,18.92]},"properties":{"name":"Kama‘ehuakanaloa Seamount","kind":"volcano","rating":3,"region":"Hawaii"}},{"type":"Feature","geometry":{"type":"Point","coordinates":[82.011,18.832]},"properties":{"name":"Kanger Ghati National Park","kind":"park","rating":3,"region":"Chhattisgarh"}},{"type":"Feature","geometry":{"type":"Point","coordinates":[-94.579,39.1]},"properties":{"name":"Kansas City","kind":"city","rating":3,"region":"Missouri"}},{"type":"Feature","geometry":{"type":"Point","coordinates":[120.313,22.616]},"properties":{"name":"Kaohsiung","kind":"city","rating":3,"region":"Taiwan"}},{"type":"Feature","geometry":{"type":"Point","coordinates":[117.976,-22.2506]},"properties":{"name":"Karijini National Park","kind":"park","rating":3,"region":"Western Australia"}},{"type":"Feature","geometry":{"type":"Point","coordinates":[75.4167,49.4167]},"properties":{"name":"Karkaraly National Park","kind":"park","rating":3,"region":"Kazakhstan"}},{"type":"Feature","geometry":{"type":"Point","coordinates":[30.1779,-12.565]},"properties":{"name":"Kasanka National Park","kind":"park","rating":3,"region":"Zambia"}},{"type":"Feature","geometry":{"type":"Point","coordinates":[33.1667,-13.0]},"properties":{"name":"Kasungu National Park","kind":"park","rating":3,"region":"Malawi"}},{"type":"Feature","geometry":{"type":"Point","coordinates":[-68.9213,45.9044]},"properties":{"name":"Katahdin","kind":"peak","rating":3,"region":"Maine"}},{"type":"Feature","geometry":{"type":"Point","coordinates":[31.3333,-6.9167]},"properties":{"name":"Katavi National Park","kind":"park","rating":3,"region":"Tanzania"}},{"type":"Feature","geometry":{"type":"Point","coordinates":[86.6,49.3]},"properties":{"name":"Katon-Karagay National Park","kind":"park","rating":3,"region":"Kazakhstan"}},{"type":"Feature","geometry":{"type":"Point","coordinates":[19.022,50.26]},"properties":{"name":"Katowice","kind":"city","rating":3,"region":"Poland"}},{"type":"Feature","geometry":{"type":"Point","coordinates":[157.9725,-8.9936]},"properties":{"name":"Kavachi","kind":"volcano","rating":3,"region":"Solomon Islands"}},{"type":"Feature","geometry":{"type":"Point","coordinates":[52.14,34.65]},"properties":{"name":"Kavir National Park","kind":"park","rating":3,"region":"Iran"}},{"type":"Feature","geometry":{"type":"Point","coordinates":[-65.2183,44.3992]},"properties":{"name":"Kejimkujik National Park","kind":"park","rating":3,"region":"Nova Scotia"}},{"type":"Feature","geometry":{"type":"Point","coordinates":[26.6217,37.7267]},"properties":{"name":"Kerkis","kind":"peak","rating":3,"region":"Greece"}},{"type":"Feature","geometry":{"type":"Point","coordinates":[80.99,29.27]},"properties":{"name":"Khaptad national park","kind":"park","rating":3,"region":"Nepal"}},{"type":"Feature","geometry":{"type":"Point","coordinates":[-12.37,27.972]},"properties":{"name":"Khenifiss National Park","kind":"park","rating":3,"region":"Morocco"}},{"type":"Feature","geometry":{"type":"Point","coordinates":[75.0833,36.95]},"properties":{"name":"Khunjerab National Park","kind":"park","rating":3,"region":"Pakistan"}},{"type":"Feature","geometry":{"type":"Point","coordinates":[105.9,47.7]},"properties":{"name":"Khustain Nuruu National Park","kind":"park","rating":3,"region":"Mongolia"}},{"type":"Feature","geometry":{"type":"Point","coordinates":[-15.9167,13.3833]},"properties":{"name":"Kiang West National Park","kind":"park","rating":3,"region":"The Gambia"}},{"type":"Feature","geometry":{"type":"Point","coordinates":[-61.64,12.3]},"properties":{"name":"Kick-'em-Jenny","kind":"volcano","rating":3,"region":"Grenada"}},{"type":"Feature","geometry":{"type":"Point","coordinates":[-72.82,43.6044]},"properties":{"name":"Killington Peak","kind":"peak","rating":3,"region":"Vermont"}},{"type":"Feature","geometry":{"type":"Point","coordinates":[44.1422,-20.8103]},"properties":{"name":"Kirindy Mitea National Park","kind":"park","rating":3,"region":"Madagascar"}},{"type":"Feature","geometry":{"type":"Point","coordinates":[104.051,11.3102]},"properties":{"name":"Kirirom National Park","kind":"park","rating":3,"region":"Cambodia"}},{"type":"Feature","geometry":{"type":"Point","coordinates":[67.5833,25.7]},"properties":{"name":"Kirthar National Park","kind":"park","rating":3,"region":"Pakistan"}},{"type":"Feature","geometry":{"type":"Point","coordinates":[33.85,-9.0167]},"properties":{"name":"Kitulo National Park","kind":"park","rating":3,"region":"Tanzania"}},{"type":"Feature","geometry":{"type":"Point","coordinates":[135.183,34.691]},"properties":{"name":"Kobe","kind":"city","rating":3,"region":"Japan"}},{"type":"Feature","geometry":{"type":"Point","coordinates":[38.7361,-0.2086]},"properties":{"name":"Kora National Park","kind":"park","rating":3,"region":"Kenya"}},{"type":"Feature","geometry":{"type":"Point","coordinates":[-64.9669,46.8497]},"properties":{"name":"Kouchibouguac National Park","kind":"park","rating":3,"region":"New Brunswick"}},{"type":"Feature","geometry":{"type":"Point","coordinates":[114.183,22.317]},"properties":{"name":"Kowloon","kind":"city","rating":3,"region":"Hong Kong"}},{"type":"Feature","geometry":{"type":"Point","coordinates":[114.192,22.33]},"properties":{"name":"Kowloon City","kind":"city","rating":3,"region":"Hong Kong"}},{"type":"Feature","geometry":{"type":"Point","coordinates":[27.6,-10.25]},"properties":{"name":"Kundelungu National Park","kind":"park","rating":3,"region":"Democratic Republic of the Congo"}},{"type":"Feature","geometry":{"type":"Point","coordinates":[30.524,50.455]},"properties":{"name":"Kyiv","kind":"city","rating":3,"region":"Ukraine"}},{"type":"Feature","geometry":{"type":"Point","coordinates":[2.1,41.36]},"properties":{"name":"L'Hospitalet de Llobregat","kind":"city","rating":3,"region":"Spain"}},{"type":"Feature","geometry":{"type":"Point","coordinates":[-71.0833,-32.9667]},"properties":{"name":"La Campana National Park","kind":"park","rating":3,"region":"Chile"}},{"type":"Feature","geometry":{"type":"Point","coordinates":[-71.6833,-42.1833]},"properties":{"name":"Lago Puelo National Park","kind":"park","rating":3,"region":"Argentina"}},{"type":"Feature","geometry":{"type":"Point","coordinates":[46.28,41.82]},"properties":{"name":"Lagodekhi Protected Areas","kind":"park","rating":3,"region":"Georgia"}},{"type":"Feature","geometry":{"type":"Point","coordinates":[-70.3583,-39.0414]},"properties":{"name":"Laguna Blanca National Park","kind":"park","rating":3,"region":"Argentina"}},{"type":"Feature","geometry":{"type":"Point","coordinates":[71.9167,29.3167]},"properties":{"name":"Lal Suhanra National Park","kind":"park","rating":3,"region":"Pakistan"}},{"type":"Feature","geometry":{"type":"Point","coordinates":[-71.3575,-40.1603]},"properties":{"name":"Lanín National Park","kind":"park","rating":3,"region":"Argentina"}},{"type":"Feature","geometry":{"type":"Point","coordinates":[-105.4419,42.2678]},"properties":{"name":"Laramie Peak","kind":"peak","rating":3,"region":"Wyoming"}},{"type":"Feature","geometry":{"type":"Point","coordinates":[-129.319,55.6511]},"properties":{"name":"Lavender Peak","kind":"peak","rating":3,"region":"British Columbia"}},{"type":"Feature","geometry":{"type":"Point","coordinates":[147.6588,-41.5332]},"properties":{"name":"Legges Tor","kind":"peak","rating":3,"region":"Tasmania"}},{"type":"Feature","geometry":{"type":"Point","coordinates":[-84.459,38.05]},"properties":{"name":"Lexington-Fayette","kind":"city","rating":3,"region":"Kentucky"}},{"type":"Feature","geometry":{"type":"Point","coordinates":[32.1333,-23.8667]},"properties":{"name":"Limpopo National Park","kind":"park","rating":3,"region":"Mozambique"}},{"type":"Feature","geometry":{"type":"Point","coordinates":[22.5,-14.6667]},"properties":{"name":"Liuwa Plain National Park","kind":"park","rating":3,"region":"Zambia"}},{"type":"Feature","geometry":{"type":"Point","coordinates":[-78.2333,-1.1333]},"properties":{"name":"Llanganates National Park","kind":"park","rating":3,"region":"Ecuador"}},{"type":"Feature","geometry":{"type":"Point","coordinates":[25.3,-2.0]},"properties":{"name":"Lomami National Park","kind":"park","rating":3,"region":"Democratic Republic of the Congo"}},{"type":"Feature","geometry":{"type":"Point","coordinates":[167.8461,-15.4069]},"properties":{"name":"Lombenben","kind":"peak","rating":3,"region":"Vanuatu"}},{"type":"Feature","geometry":{"type":"Point","coordinates":[-66.1817,-25.1253]},"properties":{"name":"Los Cardones National Park","kind":"park","rating":3,"region":"Argentina"}},{"type":"Feature","geometry":{"type":"Point","coordinates":[22.57,51.251]},"properties":{"name":"Lublin","kind":"city","rating":3,"region":"Poland"}},{"type":"Feature","geometry":{"type":"Point","coordinates":[114.131,22.547]},"properties":{"name":"Luohu District","kind":"city","rating":3,"region":"Guangdong"}},{"type":"Feature","geometry":{"type":"Point","coordinates":[4.848,45.749]},"properties":{"name":"Lyon","kind":"city","rating":3,"region":"France"}},{"type":"Feature","geometry":{"type":"Point","coordinates":[49.7092,40.3044]},"properties":{"name":"Lökbatan Mud Volcano","kind":"volcano","rating":3,"region":"Azerbaijan"}},{"type":"Feature","geometry":{"type":"Point","coordinates":[-80.83,-1.5625]},"properties":{"name":"Machalilla National Park","kind":"park","rating":3,"region":"Ecuador"}},{"type":"Feature","geometry":{"type":"Point","coordinates":[77.75,25.4667]},"properties":{"name":"Madhav National Park","kind":"park","rating":3,"region":"Madhya Pradesh"}},{"type":"Feature","geometry":{"type":"Point","coordinates":[29.9333,-6.2667]},"properties":{"name":"Mahale Mountains National Park","kind":"park","rating":3,"region":"Tanzania"}},{"type":"Feature","geometry":{"type":"Point","coordinates":[27.5667,-0.4]},"properties":{"name":"Maiko National Park","kind":"park","rating":3,"region":"Democratic Republic of the Congo"}},{"type":"Feature","geometry":{"type":"Point","coordinates":[19.0808,49.2139]},"properties":{"name":"Malá Fatra National Park","kind":"park","rating":3,"region":"Slovakia"}},{"type":"Feature","geometry":{"type":"Point","coordinates":[-2.237,53.481]},"properties":{"name":"Manchester","kind":"city","rating":3,"region":"UK"}},{"type":"Feature","geometry":{"type":"Point","coordinates":[120.982,14.604]},"properties":{"name":"Manila","kind":"city","rating":3,"region":"Philippines"}},{"type":"Feature","geometry":{"type":"Point","coordinates":[125.659,38.992]},"properties":{"name":"Man’gyŏngdae-ri","kind":"city","rating":3,"region":"Dem. Rep. Korea"}},{"type":"Feature","geometry":{"type":"Point","coordinates":[32.8,-26.5]},"properties":{"name":"Maputo National Park","kind":"park","rating":3,"region":"Mozambique"}},{"type":"Feature","geometry":{"type":"Point","coordinates":[-30.4784,83.5715]},"properties":{"name":"Mara Mountain","kind":"peak","rating":3,"region":"Greenland"}},{"type":"Feature","geometry":{"type":"Point","coordinates":[-90.5,0.35]},"properties":{"name":"Marchena Island","kind":"volcano","rating":3,"region":"Ecuador"}},{"type":"Feature","geometry":{"type":"Point","coordinates":[14.399,39.284]},"properties":{"name":"Marsili","kind":"volcano","rating":3,"region":""}},{"type":"Feature","geometry":{"type":"Point","coordinates":[-123.5525,44.5044]},"properties":{"name":"Marys Peak","kind":"peak","rating":3,"region":"Oregon"}},{"type":"Feature","geometry":{"type":"Point","coordinates":[-115.3753,41.8107]},"properties":{"name":"Matterhorn","kind":"peak","rating":3,"region":"Nevada"}},{"type":"Feature","geometry":{"type":"Point","coordinates":[-115.974,41.5217]},"properties":{"name":"McAfee Peak","kind":"peak","rating":3,"region":"Nevada"}},{"type":"Feature","geometry":{"type":"Point","coordinates":[-148.0667,-17.8667]},"properties":{"name":"Mehetia","kind":"volcano","rating":3,"region":""}},{"type":"Feature","geometry":{"type":"Point","coordinates":[-90.049,35.15]},"properties":{"name":"Memphis","kind":"city","rating":3,"region":"Tennessee"}},{"type":"Feature","geometry":{"type":"Point","coordinates":[38.2081,-0.0936]},"properties":{"name":"Meru National Park","kind":"park","rating":3,"region":"Kenya"}},{"type":"Feature","geometry":{"type":"Point","coordinates":[22.6819,43.3939]},"properties":{"name":"Midžor","kind":"peak","rating":3,"region":"Serbia"}},{"type":"Feature","geometry":{"type":"Point","coordinates":[-99.2,19.434]},"properties":{"name":"Miguel Hidalgo","kind":"city","rating":3,"region":"Distrito Federal"}},{"type":"Feature","geometry":{"type":"Point","coordinates":[-63.8292,50.2]},"properties":{"name":"Mingan Archipelago National Park Reserve","kind":"park","rating":3,"region":"Québec"}},{"type":"Feature","geometry":{"type":"Point","coordinates":[38.3894,-4.2994]},"properties":{"name":"Mkomazi National Park","kind":"park","rating":3,"region":"Tanzania"}},{"type":"Feature","geometry":{"type":"Point","coordinates":[17.3852,42.7817]},"properties":{"name":"Mljet Nacionalni Park","kind":"park","rating":3,"region":"Croatia"}},{"type":"Feature","geometry":{"type":"Point","coordinates":[21.035,52.193]},"properties":{"name":"Mokotów","kind":"city","rating":3,"region":"Poland"}},{"type":"Feature","geometry":{"type":"Point","coordinates":[-1.8383,41.7881]},"properties":{"name":"Moncayo","kind":"peak","rating":3,"region":"Spain"}},{"type":"Feature","geometry":{"type":"Point","coordinates":[5.2833,44.1667]},"properties":{"name":"Mont Ventoux","kind":"peak","rating":3,"region":"France"}},{"type":"Feature","geometry":{"type":"Point","coordinates":[10.11,1.53]},"properties":{"name":"Monte Alén National Park","kind":"park","rating":3,"region":"Equatorial Guinea"}},{"type":"Feature","geometry":{"type":"Point","coordinates":[33.0606,-19.7742]},"properties":{"name":"Monte Binga","kind":"peak","rating":3,"region":"Mozambique"}},{"type":"Feature","geometry":{"type":"Point","coordinates":[12.7044,43.4617]},"properties":{"name":"Monte Catria","kind":"peak","rating":3,"region":"Italy"}},{"type":"Feature","geometry":{"type":"Point","coordinates":[-68.9586,-50.2642]},"properties":{"name":"Monte León National Park","kind":"park","rating":3,"region":"Argentina"}},{"type":"Feature","geometry":{"type":"Point","coordinates":[14.3667,41.4333]},"properties":{"name":"Monte Miletto","kind":"peak","rating":3,"region":"Italy"}},{"type":"Feature","geometry":{"type":"Point","coordinates":[-114.5006,36.9741]},"properties":{"name":"Mormon Peak","kind":"peak","rating":3,"region":"Nevada"}},{"type":"Feature","geometry":{"type":"Point","coordinates":[90.419,23.728]},"properties":{"name":"Motijheel","kind":"city","rating":3,"region":"Bangladesh"}},{"type":"Feature","geometry":{"type":"Point","coordinates":[-118.072,53.27]},"properties":{"name":"Mount Aeolus","kind":"peak","rating":3,"region":"Alberta"}},{"type":"Feature","geometry":{"type":"Point","coordinates":[-124.077,50.2061]},"properties":{"name":"Mount Alfred","kind":"peak","rating":3,"region":"British Columbia"}},{"type":"Feature","geometry":{"type":"Point","coordinates":[-142.2356,62.245]},"properties":{"name":"Mount Allen","kind":"peak","rating":3,"region":"Alaska"}},{"type":"Feature","geometry":{"type":"Point","coordinates":[11.6244,42.8877]},"properties":{"name":"Mount Amiata","kind":"peak","rating":3,"region":"Italy"}},{"type":"Feature","geometry":{"type":"Point","coordinates":[-124.29,49.12]},"properties":{"name":"Mount Arrowsmith","kind":"peak","rating":3,"region":"British Columbia"}},{"type":"Feature","geometry":{"type":"Point","coordinates":[-115.4333,51.3239]},"properties":{"name":"Mount Aylmer","kind":"peak","rating":3,"region":"Alberta"}},{"type":"Feature","geometry":{"type":"Point","coordinates":[-109.563,33.9061]},"properties":{"name":"Mount Baldy","kind":"peak","rating":3,"region":"Arizona"}},{"type":"Feature","geometry":{"type":"Point","coordinates":[145.8167,-17.3833]},"properties":{"name":"Mount Bartle Frere","kind":"peak","rating":3,"region":"Queensland"}},{"type":"Feature","geometry":{"type":"Point","coordinates":[-135.044,57.0564]},"properties":{"name":"Mount Bassie","kind":"peak","rating":3,"region":"Alaska"}},{"type":"Feature","geometry":{"type":"Point","coordinates":[147.3058,-36.7325]},"properties":{"name":"Mount Bogong","kind":"peak","rating":3,"region":"Victoria"}},{"type":"Feature","geometry":{"type":"Point","coordinates":[145.183,-27.4331]},"properties":{"name":"Mount Bowen","kind":"peak","rating":3,"region":"Queensland"}},{"type":"Feature","geometry":{"type":"Point","coordinates":[52.3818,29.6955]},"properties":{"name":"Mount Derak","kind":"peak","rating":3,"region":"Iran"}},{"type":"Feature","geometry":{"type":"Point","coordinates":[103.3325,29.5197]},"properties":{"name":"Mount Emei","kind":"peak","rating":3,"region":"Sichuan"}},{"type":"Feature","geometry":{"type":"Point","coordinates":[-66.7833,82.4167]},"properties":{"name":"Mount Eugene","kind":"peak","rating":3,"region":"Nunavut"}},{"type":"Feature","geometry":{"type":"Point","coordinates":[-138.555,64.4705]},"properties":{"name":"Mount Frank Rae","kind":"peak","rating":3,"region":"Yukon"}},{"type":"Feature","geometry":{"type":"Point","coordinates":[167.517,-14.2839]},"properties":{"name":"Mount Gharat","kind":"volcano","rating":3,"region":"Vanuatu"}},{"type":"Feature","geometry":{"type":"Point","coordinates":[11.7992,45.8733]},"properties":{"name":"Mount Grappa","kind":"peak","rating":3,"region":"Italy"}},{"type":"Feature","geometry":{"type":"Point","coordinates":[-135.8424,63.8603]},"properties":{"name":"Mount Haldane","kind":"peak","rating":3,"region":"Yukon"}},{"type":"Feature","geometry":{"type":"Point","coordinates":[126.1817,6.74]},"properties":{"name":"Mount Hamiguitan","kind":"peak","rating":3,"region":"Philippines"}},{"type":"Feature","geometry":{"type":"Point","coordinates":[-27.1824,-59.4375]},"properties":{"name":"Mount Harmer","kind":"peak","rating":3,"region":""}},{"type":"Feature","geometry":{"type":"Point","coordinates":[-130.2858,55.7503]},"properties":{"name":"Mount Hayford","kind":"peak","rating":3,"region":"Alaska"}},{"type":"Feature","geometry":{"type":"Point","coordinates":[-110.697,37.8874]},"properties":{"name":"Mount Hillers","kind":"peak","rating":3,"region":"Utah"}},{"type":"Feature","geometry":{"type":"Point","coordinates":[-63.3667,-71.3833]},"properties":{"name":"Mount Jackson","kind":"peak","rating":3,"region":"Antarctica"}},{"type":"Feature","geometry":{"type":"Point","coordinates":[-122.855,40.0368]},"properties":{"name":"Mount Linn","kind":"peak","rating":3,"region":"California"}},{"type":"Feature","geometry":{"type":"Point","coordinates":[122.0125,13.2417]},"properties":{"name":"Mount Malindig","kind":"peak","rating":3,"region":"Philippines"}},{"type":"Feature","geometry":{"type":"Point","coordinates":[92.7571,11.8074]},"properties":{"name":"Mount Manipur National Park","kind":"park","rating":3,"region":"Andaman and Nicobar"}},{"type":"Feature","geometry":{"type":"Point","coordinates":[-122.3156,42.4445]},"properties":{"name":"Mount McLoughlin","kind":"peak","rating":3,"region":"Oregon"}},{"type":"Feature","geometry":{"type":"Point","coordinates":[-132.086,53.0192]},"properties":{"name":"Mount Moresby","kind":"peak","rating":3,"region":"British Columbia"}},{"type":"Feature","geometry":{"type":"Point","coordinates":[179.4,-16.6167]},"properties":{"name":"Mount Nasorolevu","kind":"peak","rating":3,"region":"Fiji"}},{"type":"Feature","geometry":{"type":"Point","coordinates":[-45.4833,-60.5833]},"properties":{"name":"Mount Nivea","kind":"peak","rating":3,"region":"Antarctica"}},{"type":"Feature","geometry":{"type":"Point","coordinates":[-140.0783,-9.3917]},"properties":{"name":"Mount Oave","kind":"peak","rating":3,"region":"French Polynesia"}},{"type":"Feature","geometry":{"type":"Point","coordinates":[141.12,41.279]},"properties":{"name":"Mount Osore","kind":"volcano","rating":3,"region":"Japan"}},{"type":"Feature","geometry":{"type":"Point","coordinates":[-114.9747,50.6228]},"properties":{"name":"Mount Rae","kind":"peak","rating":3,"region":"Alberta"}},{"type":"Feature","geometry":{"type":"Point","coordinates":[125.365,2.305]},"properties":{"name":"Mount Ruang","kind":"volcano","rating":3,"region":"Indonesia"}},{"type":"Feature","geometry":{"type":"Point","coordinates":[-63.2392,17.635]},"properties":{"name":"Mount Scenery","kind":"volcano","rating":3,"region":"Netherlands"}},{"type":"Feature","geometry":{"type":"Point","coordinates":[-119.5022,38.8896]},"properties":{"name":"Mount Siegel","kind":"peak","rating":3,"region":"Nevada"}},{"type":"Feature","geometry":{"type":"Point","coordinates":[124.1333,-8.5167]},"properties":{"name":"Mount Sirung","kind":"volcano","rating":3,"region":"Indonesia"}},{"type":"Feature","geometry":{"type":"Point","coordinates":[-117.112,47.9236]},"properties":{"name":"Mount Spokane","kind":"peak","rating":3,"region":"Washington"}},{"type":"Feature","geometry":{"type":"Point","coordinates":[-126.6633,50.9706]},"properties":{"name":"Mount Stephens","kind":"peak","rating":3,"region":"British Columbia"}},{"type":"Feature","geometry":{"type":"Point","coordinates":[141.2878,24.749]},"properties":{"name":"Mount Suribachi","kind":"volcano","rating":3,"region":""}},{"type":"Feature","geometry":{"type":"Point","coordinates":[-114.1927,35.5389]},"properties":{"name":"Mount Tipton","kind":"peak","rating":3,"region":"Arizona"}},{"type":"Feature","geometry":{"type":"Point","coordinates":[-117.5262,40.3765]},"properties":{"name":"Mount Tobin","kind":"peak","rating":3,"region":"Nevada"}},{"type":"Feature","geometry":{"type":"Point","coordinates":[178.0167,-17.6331]},"properties":{"name":"Mount Tomanivi","kind":"peak","rating":3,"region":"Fiji"}},{"type":"Feature","geometry":{"type":"Point","coordinates":[20.1418,40.7091]},"properties":{"name":"Mount Tomorr","kind":"peak","rating":3,"region":"Albania"}},{"type":"Feature","geometry":{"type":"Point","coordinates":[169.3925,-19.5764]},"properties":{"name":"Mount Tukosmera","kind":"peak","rating":3,"region":"Vanuatu"}},{"type":"Feature","geometry":{"type":"Point","coordinates":[-110.2609,33.074]},"properties":{"name":"Mount Turnbull","kind":"peak","rating":3,"region":"Arizona"}},{"type":"Feature","geometry":{"type":"Point","coordinates":[179.967,-16.8167]},"properties":{"name":"Mount Uluigalau","kind":"peak","rating":3,"region":"Fiji"}},{"type":"Feature","geometry":{"type":"Point","coordinates":[-107.991,37.8392]},"properties":{"name":"Mount Wilson","kind":"peak","rating":3,"region":"Colorado"}},{"type":"Feature","geometry":{"type":"Point","coordinates":[-110.8481,31.6961]},"properties":{"name":"Mount Wrightson","kind":"peak","rating":3,"region":"Arizona"}},{"type":"Feature","geometry":{"type":"Point","coordinates":[58.102,54.255]},"properties":{"name":"Mount Yamantau","kind":"peak","rating":3,"region":"Bashkortostan"}},{"type":"Feature","geometry":{"type":"Point","coordinates":[-106.663,40.8311]},"properties":{"name":"Mount Zirkel","kind":"peak","rating":3,"region":"Colorado"}},{"type":"Feature","geometry":{"type":"Point","coordinates":[143.0011,-33.7317]},"properties":{"name":"Mungo National Park","kind":"park","rating":3,"region":"New South Wales"}},{"type":"Feature","geometry":{"type":"Point","coordinates":[15.5833,-15.9167]},"properties":{"name":"Mupa National Park","kind":"park","rating":3,"region":"Angola"}},{"type":"Feature","geometry":{"type":"Point","coordinates":[139.9167,31.8833]},"properties":{"name":"Myōjin-shō","kind":"volcano","rating":3,"region":""}},{"type":"Feature","geometry":{"type":"Point","coordinates":[-69.7376,11.6064]},"properties":{"name":"Médanos de Coro National Park","kind":"park","rating":3,"region":"Venezuela"}},{"type":"Feature","geometry":{"type":"Point","coordinates":[36.817,-1.283]},"properties":{"name":"Nairobi","kind":"city","rating":3,"region":"Kenya"}},{"type":"Feature","geometry":{"type":"Point","coordinates":[148.95,-35.6667]},"properties":{"name":"Namadgi National Park","kind":"park","rating":3,"region":"Australian Capital Territory"}},{"type":"Feature","geometry":{"type":"Point","coordinates":[96.1103,27.6498]},"properties":{"name":"Namdapha National Park","kind":"park","rating":3,"region":"Arunachal Pradesh"}},{"type":"Feature","geometry":{"type":"Point","coordinates":[92.79,27.01]},"properties":{"name":"Nameri National Park","kind":"park","rating":3,"region":"Assam"}},{"type":"Feature","geometry":{"type":"Point","coordinates":[140.042,35.682]},"properties":{"name":"Narashino","kind":"city","rating":3,"region":"Japan"}},{"type":"Feature","geometry":{"type":"Point","coordinates":[-72.2439,19.5736]},"properties":{"name":"National History Park","kind":"park","rating":3,"region":"Haiti"}},{"type":"Feature","geometry":{"type":"Point","coordinates":[23.3954,49.0658]},"properties":{"name":"National Nature Park Skole Beskids","kind":"park","rating":3,"region":"Ukraine"}},{"type":"Feature","geometry":{"type":"Point","coordinates":[-10.2,10.5]},"properties":{"name":"National Park of Upper Niger","kind":"park","rating":3,"region":"Guinea"}},{"type":"Feature","geometry":{"type":"Point","coordinates":[121.457,25.062]},"properties":{"name":"New Taipei City","kind":"city","rating":3,"region":"Taiwan"}},{"type":"Feature","geometry":{"type":"Point","coordinates":[-74.172,40.736]},"properties":{"name":"Newark","kind":"city","rating":3,"region":"New Jersey"}},{"type":"Feature","geometry":{"type":"Point","coordinates":[31.9476,3.7026]},"properties":{"name":"Nimule National Park","kind":"park","rating":3,"region":"South Sudan"}},{"type":"Feature","geometry":{"type":"Point","coordinates":[132.423,-14.3122]},"properties":{"name":"Nitmiluk National Park","kind":"park","rating":3,"region":"Northern Territory"}},{"type":"Feature","geometry":{"type":"Point","coordinates":[23.65,-18.4]},"properties":{"name":"Nkasa Rupara National Park","kind":"park","rating":3,"region":"Namibia"}},{"type":"Feature","geometry":{"type":"Point","coordinates":[14.4167,2.4167]},"properties":{"name":"Nki National Park","kind":"park","rating":3,"region":"Cameroon"}},{"type":"Feature","geometry":{"type":"Point","coordinates":[90.1167,25.5333]},"properties":{"name":"Nokrek National Park","kind":"park","rating":3,"region":"Meghalaya"}},{"type":"Feature","geometry":{"type":"Point","coordinates":[15.5936,57.7637]},"properties":{"name":"Norra Kvill National Park","kind":"park","rating":3,"region":"Sweden"}},{"type":"Feature","geometry":{"type":"Point","coordinates":[15.2698,65.8923]},"properties":{"name":"Norra Sytertoppen","kind":"peak","rating":3,"region":"Sweden"}},{"type":"Feature","geometry":{"type":"Point","coordinates":[-120.502,48.5154]},"properties":{"name":"North Gardner Mountain","kind":"peak","rating":3,"region":"Washington"}},{"type":"Feature","geometry":{"type":"Point","coordinates":[32.1056,-12.1111]},"properties":{"name":"North Luangwa National Park","kind":"park","rating":3,"region":"Zambia"}},{"type":"Feature","geometry":{"type":"Point","coordinates":[30.3827,-8.7439]},"properties":{"name":"Nsumbu National Park","kind":"park","rating":3,"region":"Zambia"}},{"type":"Feature","geometry":{"type":"Point","coordinates":[24.7689,-20.0417]},"properties":{"name":"Nxai Pan National Park","kind":"park","rating":3,"region":"Botswana"}},{"type":"Feature","geometry":{"type":"Point","coordinates":[33.8333,-10.6667]},"properties":{"name":"Nyika National Park","kind":"park","rating":3,"region":"Malawi"}},{"type":"Feature","geometry":{"type":"Point","coordinates":[-169.6167,-14.1667]},"properties":{"name":"Ofu-Olosega","kind":"volcano","rating":3,"region":"American Samoa"}},{"type":"Feature","geometry":{"type":"Point","coordinates":[-97.516,35.468]},"properties":{"name":"Oklahoma City","kind":"city","rating":3,"region":"Oklahoma"}},{"type":"Feature","geometry":{"type":"Point","coordinates":[-95.94,41.256]},"properties":{"name":"Omaha","kind":"city","rating":3,"region":"Nebraska"}},{"type":"Feature","geometry":{"type":"Point","coordinates":[92.36,26.61]},"properties":{"name":"Orang National Park","kind":"park","rating":3,"region":"Assam"}},{"type":"Feature","geometry":{"type":"Point","coordinates":[-106.5614,32.3451]},"properties":{"name":"Organ Needle","kind":"peak","rating":3,"region":"New Mexico"}},{"type":"Feature","geometry":{"type":"Point","coordinates":[28.9667,47.3]},"properties":{"name":"Orhei National Park","kind":"park","rating":3,"region":"Moldova"}},{"type":"Feature","geometry":{"type":"Point","coordinates":[-81.379,28.538]},"properties":{"name":"Orlando","kind":"city","rating":3,"region":"Florida"}},{"type":"Feature","geometry":{"type":"Point","coordinates":[-125.6667,48.9833]},"properties":{"name":"Pacific Rim National Park Reserve","kind":"park","rating":3,"region":"British Columbia"}},{"type":"Feature","geometry":{"type":"Point","coordinates":[-69.7333,-52.1]},"properties":{"name":"Pali-Aike National Park","kind":"park","rating":3,"region":"Chile"}},{"type":"Feature","geometry":{"type":"Point","coordinates":[-70.6506,-26.1497]},"properties":{"name":"Pan de Azúcar National Park","kind":"park","rating":3,"region":"Chile"}},{"type":"Feature","geometry":{"type":"Point","coordinates":[80.0102,24.7304]},"properties":{"name":"Panna National Park","kind":"park","rating":3,"region":"Madhya Pradesh"}},{"type":"Feature","geometry":{"type":"Point","coordinates":[-57.3667,-17.7167]},"properties":{"name":"Pantanal Matogrossense National Park","kind":"park","rating":3,"region":"Mato Grosso"}},{"type":"Feature","geometry":{"type":"Point","coordinates":[2.3,48.841]},"properties":{"name":"Paris 15 Vaugirard","kind":"city","rating":3,"region":"France"}},{"type":"Feature","geometry":{"type":"Point","coordinates":[121.061,14.587]},"properties":{"name":"Pasig City","kind":"city","rating":3,"region":"Philippines"}},{"type":"Feature","geometry":{"type":"Point","coordinates":[-121.683,50.9833]},"properties":{"name":"Pavilion Mountain","kind":"peak","rating":3,"region":"British Columbia"}},{"type":"Feature","geometry":{"type":"Point","coordinates":[74.0703,37.9969]},"properties":{"name":"Peak 5214.1","kind":"peak","rating":3,"region":"Tajikistan"}},{"type":"Feature","geometry":{"type":"Point","coordinates":[74.5442,37.4567]},"properties":{"name":"Peak 5356","kind":"peak","rating":3,"region":"Tajikistan"}},{"type":"Feature","geometry":{"type":"Point","coordinates":[73.3967,37.6289]},"properties":{"name":"Peak 5558","kind":"peak","rating":3,"region":"Tajikistan"}},{"type":"Feature","geometry":{"type":"Point","coordinates":[5.9617,44.5086]},"properties":{"name":"Peak of Céüse","kind":"peak","rating":3,"region":"France"}},{"type":"Feature","geometry":{"type":"Point","coordinates":[23.05,39.4333]},"properties":{"name":"Pelion","kind":"peak","rating":3,"region":"Greece"}},{"type":"Feature","geometry":{"type":"Point","coordinates":[79.3033,21.6716]},"properties":{"name":"Pench National Park","kind":"park","rating":3,"region":"Maharashtra"}},{"type":"Feature","geometry":{"type":"Point","coordinates":[115.861,-31.952]},"properties":{"name":"Perth","kind":"city","rating":3,"region":"Western Australia"}},{"type":"Feature","geometry":{"type":"Point","coordinates":[-5.9569,43.0191]},"properties":{"name":"Peña Ubiña","kind":"peak","rating":3,"region":"Spain"}},{"type":"Feature","geometry":{"type":"Point","coordinates":[-3.956,40.85]},"properties":{"name":"Peñalara","kind":"peak","rating":3,"region":"Spain"}},{"type":"Feature","geometry":{"type":"Point","coordinates":[104.0957,13.6062]},"properties":{"name":"Phnom Kulen National Park","kind":"park","rating":3,"region":"Cambodia"}},{"type":"Feature","geometry":{"type":"Point","coordinates":[90.9778,27.2831]},"properties":{"name":"Phrumsengla National Park","kind":"park","rating":3,"region":"Bhutan"}},{"type":"Feature","geometry":{"type":"Point","coordinates":[1.3979,42.6669]},"properties":{"name":"Pica d'Estats","kind":"peak","rating":3,"region":"France"}},{"type":"Feature","geometry":{"type":"Point","coordinates":[-3.4667,37.725]},"properties":{"name":"Pico Mágina","kind":"peak","rating":3,"region":"Spain"}},{"type":"Feature","geometry":{"type":"Point","coordinates":[-23.625,15.05]},"properties":{"name":"Pico da Antónia","kind":"peak","rating":3,"region":"Republic of Cabo Verde"}},{"type":"Feature","geometry":{"type":"Point","coordinates":[-65.9006,0.3424]},"properties":{"name":"Pico da Neblina National Park","kind":"park","rating":3,"region":"Amazonas"}},{"type":"Feature","geometry":{"type":"Point","coordinates":[-25.2108,37.81]},"properties":{"name":"Pico da Vara","kind":"peak","rating":3,"region":"Portugal"}},{"type":"Feature","geometry":{"type":"Point","coordinates":[-18.0094,27.7308]},"properties":{"name":"Pico de Tenerife","kind":"peak","rating":3,"region":"Spain"}},{"type":"Feature","geometry":{"type":"Point","coordinates":[-90.65,-0.6]},"properties":{"name":"Pinzón Island","kind":"volcano","rating":3,"region":"Ecuador"}},{"type":"Feature","geometry":{"type":"Point","coordinates":[-117.9089,37.7043]},"properties":{"name":"Piper Peak","kind":"peak","rating":3,"region":"Nevada"}},{"type":"Feature","geometry":{"type":"Point","coordinates":[14.0253,37.8942]},"properties":{"name":"Pizzo Carbonara","kind":"peak","rating":3,"region":"Italy"}},{"type":"Feature","geometry":{"type":"Point","coordinates":[-79.0,-4.2833]},"properties":{"name":"Podocarpus National Park","kind":"park","rating":3,"region":"Ecuador"}},{"type":"Feature","geometry":{"type":"Point","coordinates":[-82.5167,41.9667]},"properties":{"name":"Point Pelee National Park","kind":"park","rating":3,"region":"Ontario"}},{"type":"Feature","geometry":{"type":"Point","coordinates":[9.539,0.1245]},"properties":{"name":"Pongara National Park","kind":"park","rating":3,"region":"Gabon"}},{"type":"Feature","geometry":{"type":"Point","coordinates":[95.2539,20.9203]},"properties":{"name":"Popa Hill","kind":"peak","rating":3,"region":"Myanmar"}},{"type":"Feature","geometry":{"type":"Point","coordinates":[-122.676,45.523]},"properties":{"name":"Portland","kind":"city","rating":3,"region":"Oregon"}},{"type":"Feature","geometry":{"type":"Point","coordinates":[14.421,50.088]},"properties":{"name":"Prague","kind":"city","rating":3,"region":"Czech Republic"}},{"type":"Feature","geometry":{"type":"Point","coordinates":[-106.37,53.9633]},"properties":{"name":"Prince Albert National Park","kind":"park","rating":3,"region":"Saskatchewan"}},{"type":"Feature","geometry":{"type":"Point","coordinates":[-63.075,46.4167]},"properties":{"name":"Prince Edward Island National Park","kind":"park","rating":3,"region":"Prince Edward Island"}},{"type":"Feature","geometry":{"type":"Point","coordinates":[41.1611,43.4092]},"properties":{"name":"Pshish","kind":"peak","rating":3,"region":"Karachay-Cherkess"}},{"type":"Feature","geometry":{"type":"Point","coordinates":[-85.9167,48.25]},"properties":{"name":"Pukaskwa National Park","kind":"park","rating":3,"region":"Ontario"}},{"type":"Feature","geometry":{"type":"Point","coordinates":[175.4502,-40.7883]},"properties":{"name":"Pukeamoamo / Mitre","kind":"peak","rating":3,"region":"New Zealand"}},{"type":"Feature","geometry":{"type":"Point","coordinates":[138.65,-4.35]},"properties":{"name":"Puncak Trikora","kind":"peak","rating":3,"region":"Indonesia"}},{"type":"Feature","geometry":{"type":"Point","coordinates":[171.813,-43.109]},"properties":{"name":"Purple Hill","kind":"peak","rating":3,"region":"New Zealand"}},{"type":"Feature","geometry":{"type":"Point","coordinates":[-72.4035,-44.4045]},"properties":{"name":"Queulat National Park","kind":"park","rating":3,"region":"Chile"}},{"type":"Feature","geometry":{"type":"Point","coordinates":[106.706,10.767]},"properties":{"name":"Quận Bốn","kind":"city","rating":3,"region":"Vietnam"}},{"type":"Feature","geometry":{"type":"Point","coordinates":[78.0333,30.0833]},"properties":{"name":"Rajaji National Park","kind":"park","rating":3,"region":"Uttarakhand"}},{"type":"Feature","geometry":{"type":"Point","coordinates":[82.0722,29.4917]},"properties":{"name":"Rara National Park","kind":"park","rating":3,"region":"Nepal"}},{"type":"Feature","geometry":{"type":"Point","coordinates":[103.7344,10.5064]},"properties":{"name":"Ream National Park","kind":"park","rating":3,"region":"Cambodia"}},{"type":"Feature","geometry":{"type":"Point","coordinates":[21.9667,69.2]},"properties":{"name":"Reisa National Park","kind":"park","rating":3,"region":"Norway"}},{"type":"Feature","geometry":{"type":"Point","coordinates":[-77.616,43.155]},"properties":{"name":"Rochester","kind":"city","rating":3,"region":"New York"}},{"type":"Feature","geometry":{"type":"Point","coordinates":[-118.1036,44.8167]},"properties":{"name":"Rock Creek Butte","kind":"peak","rating":3,"region":"Oregon"}},{"type":"Feature","geometry":{"type":"Point","coordinates":[24.735,47.54]},"properties":{"name":"Rodna National Park","kind":"park","rating":3,"region":"Romania"}},{"type":"Feature","geometry":{"type":"Point","coordinates":[121.7083,-8.3167]},"properties":{"name":"Rokatenda","kind":"volcano","rating":3,"region":"Indonesia"}},{"type":"Feature","geometry":{"type":"Point","coordinates":[4.479,51.922]},"properties":{"name":"Rotterdam","kind":"city","rating":3,"region":"Netherlands"}},{"type":"Feature","geometry":{"type":"Point","coordinates":[31.8333,-2.3]},"properties":{"name":"Rubondo Island National Park","kind":"park","rating":3,"region":"Tanzania"}},{"type":"Feature","geometry":{"type":"Point","coordinates":[29.2307,-3.2477]},"properties":{"name":"Rusizi National Park","kind":"park","rating":3,"region":"Burundi"}},{"type":"Feature","geometry":{"type":"Point","coordinates":[30.373,-3.111]},"properties":{"name":"Ruvubu National Park","kind":"park","rating":3,"region":"Burundi"}},{"type":"Feature","geometry":{"type":"Point","coordinates":[-58.1367,-25.0644]},"properties":{"name":"Río Pilcomayo National Park","kind":"park","rating":3,"region":"Argentina"}},{"type":"Feature","geometry":{"type":"Point","coordinates":[38.75,-6.0]},"properties":{"name":"Saadani National Park","kind":"park","rating":3,"region":"Tanzania"}},{"type":"Feature","geometry":{"type":"Point","coordinates":[-121.494,38.582]},"properties":{"name":"Sacramento","kind":"city","rating":3,"region":"California"}},{"type":"Feature","geometry":{"type":"Point","coordinates":[139.657,35.908]},"properties":{"name":"Saitama","kind":"city","rating":3,"region":"Japan"}},{"type":"Feature","geometry":{"type":"Point","coordinates":[-106.5319,33.2981]},"properties":{"name":"Salinas Peak","kind":"peak","rating":3,"region":"New Mexico"}},{"type":"Feature","geometry":{"type":"Point","coordinates":[-111.891,40.761]},"properties":{"name":"Salt Lake City","kind":"city","rating":3,"region":"Utah"}},{"type":"Feature","geometry":{"type":"Point","coordinates":[-38.491,-12.976]},"properties":{"name":"Salvador","kind":"city","rating":3,"region":"Bahia"}},{"type":"Feature","geometry":{"type":"Point","coordinates":[-80.0833,-26.2986]},"properties":{"name":"San Félix Island","kind":"volcano","rating":3,"region":""}},{"type":"Feature","geometry":{"type":"Point","coordinates":[-56.0639,72.7039]},"properties":{"name":"Sandersons Hope","kind":"peak","rating":3,"region":"Greenland"}},{"type":"Feature","geometry":{"type":"Point","coordinates":[2.199,41.418]},"properties":{"name":"Sant Martí","kind":"city","rating":3,"region":"Spain"}},{"type":"Feature","geometry":{"type":"Point","coordinates":[2.5414,42.142]},"properties":{"name":"Santa Margarida Volcano","kind":"volcano","rating":3,"region":"Spain"}},{"type":"Feature","geometry":{"type":"Point","coordinates":[-117.534,33.7105]},"properties":{"name":"Santiago Peak","kind":"peak","rating":3,"region":"California"}},{"type":"Feature","geometry":{"type":"Point","coordinates":[-8.505,5.3698]},"properties":{"name":"Sapo National Park","kind":"park","rating":3,"region":"Liberia"}},{"type":"Feature","geometry":{"type":"Point","coordinates":[141.35,43.067]},"properties":{"name":"Sapporo","kind":"city","rating":3,"region":"Japan"}},{"type":"Feature","geometry":{"type":"Point","coordinates":[76.4369,27.3175]},"properties":{"name":"Sariska Tiger Reserve","kind":"park","rating":3,"region":"Rajasthan"}},{"type":"Feature","geometry":{"type":"Point","coordinates":[78.231,22.495]},"properties":{"name":"Satpura National Park","kind":"park","rating":3,"region":"Madhya Pradesh"}},{"type":"Feature","geometry":{"type":"Point","coordinates":[-121.961,54.9081]},"properties":{"name":"Sentinel Peak","kind":"peak","rating":3,"region":"British Columbia"}},{"type":"Feature","geometry":{"type":"Point","coordinates":[128.416,38.125]},"properties":{"name":"Seoraksan National Park","kind":"park","rating":3,"region":"Republic of Korea"}},{"type":"Feature","geometry":{"type":"Point","coordinates":[-46.5,-20.25]},"properties":{"name":"Serra da Canastra National Park","kind":"park","rating":3,"region":"Minas Gerais"}},{"type":"Feature","geometry":{"type":"Point","coordinates":[137.5,55.0]},"properties":{"name":"Shantar Islands National Park","kind":"park","rating":3,"region":"Khabarovsk"}},{"type":"Feature","geometry":{"type":"Point","coordinates":[-115.58,50.0736]},"properties":{"name":"Shark Tooth Mountain","kind":"peak","rating":3,"region":"British Columbia"}},{"type":"Feature","geometry":{"type":"Point","coordinates":[20.9246,42.2025]},"properties":{"name":"Sharr Mountains National Park","kind":"park","rating":3,"region":"Kosovo"}},{"type":"Feature","geometry":{"type":"Point","coordinates":[47.245,10.7358]},"properties":{"name":"Shimbiris","kind":"peak","rating":3,"region":"Somaliland"}},{"type":"Feature","geometry":{"type":"Point","coordinates":[74.6811,6.4408]},"properties":{"name":"Shispare","kind":"peak","rating":3,"region":""}},{"type":"Feature","geometry":{"type":"Point","coordinates":[85.39,27.795]},"properties":{"name":"Shivapuri Nagarjun National Park","kind":"park","rating":3,"region":"Nepal"}},{"type":"Feature","geometry":{"type":"Point","coordinates":[80.229,28.8402]},"properties":{"name":"Shuklaphanta National Park","kind":"park","rating":3,"region":"Nepal"}},{"type":"Feature","geometry":{"type":"Point","coordinates":[13.195,42.906]},"properties":{"name":"Sibillini Mountains National Park","kind":"park","rating":3,"region":"Italy"}},{"type":"Feature","geometry":{"type":"Point","coordinates":[-101.4074,25.1773]},"properties":{"name":"Sierra La Concordia (Saltillo)","kind":"peak","rating":3,"region":"Coahuila"}},{"type":"Feature","geometry":{"type":"Point","coordinates":[-2.5667,37.95]},"properties":{"name":"Sierra de La Sagra","kind":"peak","rating":3,"region":"Spain"}},{"type":"Feature","geometry":{"type":"Point","coordinates":[-101.8333,26.5]},"properties":{"name":"Sierra de San Marcos","kind":"peak","rating":3,"region":"Coahuila"}},{"type":"Feature","geometry":{"type":"Point","coordinates":[-111.6,26.1167]},"properties":{"name":"Sierra de la Giganta","kind":"peak","rating":3,"region":"Baja California Sur"}},{"type":"Feature","geometry":{"type":"Point","coordinates":[-102.6147,29.0316]},"properties":{"name":"Sierra del Carmen","kind":"peak","rating":3,"region":"Coahuila"}},{"type":"Feature","geometry":{"type":"Point","coordinates":[86.33,21.75]},"properties":{"name":"Simlipal National Park","kind":"park","rating":3,"region":"Odisha"}},{"type":"Feature","geometry":{"type":"Point","coordinates":[88.0667,27.1167]},"properties":{"name":"Singalila National Park","kind":"park","rating":3,"region":"West Bengal"}},{"type":"Feature","geometry":{"type":"Point","coordinates":[-80.5833,72.8333]},"properties":{"name":"Sirmilik National Park","kind":"park","rating":3,"region":"Nunavut"}},{"type":"Feature","geometry":{"type":"Point","coordinates":[11.4167,63.2167]},"properties":{"name":"Skarvan and Roltdalen National Park","kind":"park","rating":3,"region":"Norway"}},{"type":"Feature","geometry":{"type":"Point","coordinates":[12.72,-19.19]},"properties":{"name":"Skeleton Coast National Park","kind":"park","rating":3,"region":"Namibia"}},{"type":"Feature","geometry":{"type":"Point","coordinates":[18.4842,63.111]},"properties":{"name":"Skuleskogen National Park","kind":"park","rating":3,"region":"Sweden"}},{"type":"Feature","geometry":{"type":"Point","coordinates":[-74.3864,41.9986]},"properties":{"name":"Slide Mountain","kind":"peak","rating":3,"region":"New York"}},{"type":"Feature","geometry":{"type":"Point","coordinates":[-110.975,18.7844]},"properties":{"name":"Socorro Island","kind":"volcano","rating":3,"region":"Colima"}},{"type":"Feature","geometry":{"type":"Point","coordinates":[-9.67,30.075]},"properties":{"name":"Souss-Massa National Park","kind":"park","rating":3,"region":"Morocco"}},{"type":"Feature","geometry":{"type":"Point","coordinates":[-107.188,33.991]},"properties":{"name":"South Baldy","kind":"peak","rating":3,"region":"New Mexico"}},{"type":"Feature","geometry":{"type":"Point","coordinates":[146.1333,-42.9333]},"properties":{"name":"Southwest National Park","kind":"park","rating":3,"region":"Tasmania"}},{"type":"Feature","geometry":{"type":"Point","coordinates":[-118.5767,42.6364]},"properties":{"name":"Steens Mountain","kind":"peak","rating":3,"region":"Oregon"}},{"type":"Feature","geometry":{"type":"Point","coordinates":[14.2699,55.6578]},"properties":{"name":"Stenshuvud National Park","kind":"park","rating":3,"region":"Sweden"}},{"type":"Feature","geometry":{"type":"Point","coordinates":[18.069,59.329]},"properties":{"name":"Stockholm","kind":"city","rating":3,"region":"Sweden"}},{"type":"Feature","geometry":{"type":"Point","coordinates":[13.9438,57.2849]},"properties":{"name":"Store Mosse National Park","kind":"park","rating":3,"region":"Sweden"}},{"type":"Feature","geometry":{"type":"Point","coordinates":[-113.316,39.3882]},"properties":{"name":"Swasey Mountain","kind":"peak","rating":3,"region":"Utah"}},{"type":"Feature","geometry":{"type":"Point","coordinates":[79.4253,20.2487]},"properties":{"name":"Tadoba-Andhari Tiger Reserve","kind":"park","rating":3,"region":"Maharashtra"}},{"type":"Feature","geometry":{"type":"Point","coordinates":[134.05,34.333]},"properties":{"name":"Takamatsu","kind":"city","rating":3,"region":"Japan"}},{"type":"Feature","geometry":{"type":"Point","coordinates":[-5.2352,35.1828]},"properties":{"name":"Talassemtane National Park","kind":"park","rating":3,"region":"Morocco"}},{"type":"Feature","geometry":{"type":"Point","coordinates":[158.0,33.0]},"properties":{"name":"Tamu Massif","kind":"volcano","rating":3,"region":""}},{"type":"Feature","geometry":{"type":"Point","coordinates":[19.305,43.9067]},"properties":{"name":"Tara National Park","kind":"park","rating":3,"region":"Serbia"}},{"type":"Feature","geometry":{"type":"Point","coordinates":[-179.967,-16.8167]},"properties":{"name":"Taveuni","kind":"peak","rating":3,"region":"Fiji"}},{"type":"Feature","geometry":{"type":"Point","coordinates":[-73.997,11.31]},"properties":{"name":"Tayrona National Natural Park","kind":"park","rating":3,"region":"Colombia"}},{"type":"Feature","geometry":{"type":"Point","coordinates":[-4.1462,34.0827]},"properties":{"name":"Tazekka National Park","kind":"park","rating":3,"region":"Morocco"}},{"type":"Feature","geometry":{"type":"Point","coordinates":[177.029,-38.539]},"properties":{"name":"Te Urewera National Park","kind":"park","rating":3,"region":"New Zealand"}},{"type":"Feature","geometry":{"type":"Point","coordinates":[51.422,35.694]},"properties":{"name":"Tehran","kind":"city","rating":3,"region":"Iran"}},{"type":"Feature","geometry":{"type":"Point","coordinates":[-140.1658,-8.8442]},"properties":{"name":"Tekao","kind":"peak","rating":3,"region":"French Polynesia"}},{"type":"Feature","geometry":{"type":"Point","coordinates":[-6.3922,42.3469]},"properties":{"name":"Teleno","kind":"peak","rating":3,"region":"Spain"}},{"type":"Feature","geometry":{"type":"Point","coordinates":[-139.08,-9.7972]},"properties":{"name":"Temetiu","kind":"peak","rating":3,"region":"French Polynesia"}},{"type":"Feature","geometry":{"type":"Point","coordinates":[-53.9281,48.5306]},"properties":{"name":"Terra Nova National Park","kind":"park","rating":3,"region":"Newfoundland and Labrador"}},{"type":"Feature","geometry":{"type":"Point","coordinates":[101.75,-0.1667]},"properties":{"name":"Tesso Nilo National Park","kind":"park","rating":3,"region":"Indonesia"}},{"type":"Feature","geometry":{"type":"Point","coordinates":[-3.697,40.46]},"properties":{"name":"Tetuán de las Victorias","kind":"city","rating":3,"region":"Spain"}},{"type":"Feature","geometry":{"type":"Point","coordinates":[4.299,52.077]},"properties":{"name":"The Hague","kind":"city","rating":3,"region":"Netherlands"}},{"type":"Feature","geometry":{"type":"Point","coordinates":[-123.048,41.0005]},"properties":{"name":"Thompson Peak","kind":"peak","rating":3,"region":"California"}},{"type":"Feature","geometry":{"type":"Point","coordinates":[-75.955,44.3525]},"properties":{"name":"Thousand Islands National Park","kind":"park","rating":3,"region":"New York"}},{"type":"Feature","geometry":{"type":"Point","coordinates":[118.6,9.7833]},"properties":{"name":"Thumb Peak","kind":"peak","rating":3,"region":"Philippines"}},{"type":"Feature","geometry":{"type":"Point","coordinates":[8.422,56.947]},"properties":{"name":"Thy National Park","kind":"park","rating":3,"region":"Denmark"}},{"type":"Feature","geometry":{"type":"Point","coordinates":[-87.6378,13.2656]},"properties":{"name":"Tiger Island","kind":"volcano","rating":3,"region":"Honduras"}},{"type":"Feature","geometry":{"type":"Point","coordinates":[-1.4597,34.7063]},"properties":{"name":"Tlemcen National Park","kind":"park","rating":3,"region":"Algeria"}},{"type":"Feature","geometry":{"type":"Point","coordinates":[-65.7667,-18.1]},"properties":{"name":"Toro Toro National Park","kind":"park","rating":3,"region":"Bolivia"}},{"type":"Feature","geometry":{"type":"Point","coordinates":[-7.6129,40.3219]},"properties":{"name":"Torre","kind":"peak","rating":3,"region":"Portugal"}},{"type":"Feature","geometry":{"type":"Point","coordinates":[-83.4967,10.4232]},"properties":{"name":"Tortuguero National Park","kind":"park","rating":3,"region":"Costa Rica"}},{"type":"Feature","geometry":{"type":"Point","coordinates":[-114.298,45.8899]},"properties":{"name":"Trapper Peak","kind":"peak","rating":3,"region":"Montana"}},{"type":"Feature","geometry":{"type":"Point","coordinates":[-123.4558,45.3712]},"properties":{"name":"Trask Mountain","kind":"peak","rating":3,"region":"Oregon"}},{"type":"Feature","geometry":{"type":"Point","coordinates":[16.5925,43.9481]},"properties":{"name":"Troglav","kind":"peak","rating":3,"region":"Bosnia and Herzegovina"}},{"type":"Feature","geometry":{"type":"Point","coordinates":[-105.6453,35.9628]},"properties":{"name":"Truchas Peak","kind":"peak","rating":3,"region":"New Mexico"}},{"type":"Feature","geometry":{"type":"Point","coordinates":[38.1333,-3.3167]},"properties":{"name":"Tsavo West National Park","kind":"park","rating":3,"region":"Kenya"}},{"type":"Feature","geometry":{"type":"Point","coordinates":[45.3333,-16.4667]},"properties":{"name":"Tsingy de Namoroka National Park","kind":"park","rating":3,"region":"Madagascar"}},{"type":"Feature","geometry":{"type":"Point","coordinates":[-121.749,68.8187]},"properties":{"name":"Tuktut Nogait National Park","kind":"park","rating":3,"region":"Northwest Territories"}},{"type":"Feature","geometry":{"type":"Point","coordinates":[-95.993,36.154]},"properties":{"name":"Tulsa","kind":"city","rating":3,"region":"Oklahoma"}},{"type":"Feature","geometry":{"type":"Point","coordinates":[-40.898,-3.7663]},"properties":{"name":"Ubajara National Park","kind":"park","rating":3,"region":"Ceará"}},{"type":"Feature","geometry":{"type":"Point","coordinates":[36.6833,-7.8]},"properties":{"name":"Udzungwa Mountains National Park","kind":"park","rating":3,"region":"Tanzania"}},{"type":"Feature","geometry":{"type":"Point","coordinates":[-87.8953,65.4986]},"properties":{"name":"Ukkusiksalik National Park","kind":"park","rating":3,"region":"Nunavut"}},{"type":"Feature","geometry":{"type":"Point","coordinates":[115.208,4.478]},"properties":{"name":"Ulu Temburong National Park","kind":"park","rating":3,"region":"Brunei Darussalam"}},{"type":"Feature","geometry":{"type":"Point","coordinates":[-107.4622,38.0717]},"properties":{"name":"Uncompahgre Peak","kind":"peak","rating":3,"region":"Colorado"}},{"type":"Feature","geometry":{"type":"Point","coordinates":[26.5833,-9.0167]},"properties":{"name":"Upemba National Park","kind":"park","rating":3,"region":"Democratic Republic of the Congo"}},{"type":"Feature","geometry":{"type":"Point","coordinates":[-73.975,40.787]},"properties":{"name":"Upper West Side","kind":"city","rating":3,"region":"New York"}},{"type":"Feature","geometry":{"type":"Point","coordinates":[15.5046,44.3673]},"properties":{"name":"Vaganski vrh","kind":"peak","rating":3,"region":"Croatia"}},{"type":"Feature","geometry":{"type":"Point","coordinates":[84.1793,27.0652]},"properties":{"name":"Valmiki National Park","kind":"park","rating":3,"region":"Bihar"}},{"type":"Feature","geometry":{"type":"Point","coordinates":[73.4667,20.7333]},"properties":{"name":"Vansda National Park","kind":"park","rating":3,"region":"Gujarat"}},{"type":"Feature","geometry":{"type":"Point","coordinates":[76.1308,11.4275]},"properties":{"name":"Vavul Mala","kind":"peak","rating":3,"region":"Kerala"}},{"type":"Feature","geometry":{"type":"Point","coordinates":[-46.728,-23.626]},"properties":{"name":"Vila Andrade","kind":"city","rating":3,"region":"São Paulo"}},{"type":"Feature","geometry":{"type":"Point","coordinates":[106.998,14.3257]},"properties":{"name":"Virachey National Park","kind":"park","rating":3,"region":"Cambodia"}},{"type":"Feature","geometry":{"type":"Point","coordinates":[9.2333,50.5333]},"properties":{"name":"Vogelsberg","kind":"volcano","rating":3,"region":"Germany"}},{"type":"Feature","geometry":{"type":"Point","coordinates":[-140.048,68.3069]},"properties":{"name":"Vuntut National Park","kind":"park","rating":3,"region":"Yukon"}},{"type":"Feature","geometry":{"type":"Point","coordinates":[8.4833,55.25]},"properties":{"name":"Wadden Sea National Park","kind":"park","rating":3,"region":"Denmark"}},{"type":"Feature","geometry":{"type":"Point","coordinates":[-93.3714,57.7739]},"properties":{"name":"Wapusk National Park","kind":"park","rating":3,"region":"Manitoba"}},{"type":"Feature","geometry":{"type":"Point","coordinates":[-77.036,38.895]},"properties":{"name":"Washington","kind":"city","rating":3,"region":"District of Columbia"}},{"type":"Feature","geometry":{"type":"Point","coordinates":[14.4167,11.2667]},"properties":{"name":"Waza National Park","kind":"park","rating":3,"region":"Cameroon"}},{"type":"Feature","geometry":{"type":"Point","coordinates":[-104.9931,37.3756]},"properties":{"name":"West Spanish Peak","kind":"peak","rating":3,"region":"Colorado"}},{"type":"Feature","geometry":{"type":"Point","coordinates":[-105.417,36.5569]},"properties":{"name":"Wheeler Peak","kind":"peak","rating":3,"region":"New Mexico"}},{"type":"Feature","geometry":{"type":"Point","coordinates":[-108.6411,33.3236]},"properties":{"name":"Whitewater Baldy","kind":"peak","rating":3,"region":"New Mexico"}},{"type":"Feature","geometry":{"type":"Point","coordinates":[-6.398,53.018]},"properties":{"name":"Wicklow Mountains National Park","kind":"park","rating":3,"region":"Ireland"}},{"type":"Feature","geometry":{"type":"Point","coordinates":[-9.7,54.0167]},"properties":{"name":"Wild Nephin National Park","kind":"park","rating":3,"region":"Ireland"}},{"type":"Feature","geometry":{"type":"Point","coordinates":[80.0,8.4333]},"properties":{"name":"Wilpattu National Park","kind":"park","rating":3,"region":"Sri Lanka"}},{"type":"Feature","geometry":{"type":"Point","coordinates":[146.394,-39.0133]},"properties":{"name":"Wilsons Promontory National Park","kind":"park","rating":3,"region":"Victoria"}},{"type":"Feature","geometry":{"type":"Point","coordinates":[-97.147,49.884]},"properties":{"name":"Winnipeg","kind":"city","rating":3,"region":"Manitoba"}},{"type":"Feature","geometry":{"type":"Point","coordinates":[-110.6243,42.6044]},"properties":{"name":"Wyoming Peak","kind":"peak","rating":3,"region":"Wyoming"}},{"type":"Feature","geometry":{"type":"Point","coordinates":[127.444,39.153]},"properties":{"name":"Wŏnsan","kind":"city","rating":3,"region":"Dem. Rep. Korea"}},{"type":"Feature","geometry":{"type":"Point","coordinates":[-79.365,-4.706]},"properties":{"name":"Yacurí National Park","kind":"park","rating":3,"region":"Ecuador"}},{"type":"Feature","geometry":{"type":"Point","coordinates":[40.8333,11.0]},"properties":{"name":"Yangudi Rassa National Park","kind":"park","rating":3,"region":"Ethiopia"}},{"type":"Feature","geometry":{"type":"Point","coordinates":[10.5,9.3]},"properties":{"name":"Yankari National Park","kind":"park","rating":3,"region":"Nigeria"}},{"type":"Feature","geometry":{"type":"Point","coordinates":[60.615,56.857]},"properties":{"name":"Yekaterinburg","kind":"city","rating":3,"region":"Sverdlovsk"}},{"type":"Feature","geometry":{"type":"Point","coordinates":[68.501,39.613]},"properties":{"name":"Zaamin National Park","kind":"park","rating":3,"region":"Uzbekistan"}},{"type":"Feature","geometry":{"type":"Point","coordinates":[67.0817,27.8783]},"properties":{"name":"Zardak Peak","kind":"peak","rating":3,"region":"Pakistan"}},{"type":"Feature","geometry":{"type":"Point","coordinates":[-27.58,-56.3]},"properties":{"name":"Zavodovski Island","kind":"volcano","rating":3,"region":""}},{"type":"Feature","geometry":{"type":"Point","coordinates":[18.7639,59.6236]},"properties":{"name":"Ängsö National Park","kind":"park","rating":3,"region":"Sweden"}},{"type":"Feature","geometry":{"type":"Point","coordinates":[77.5547,-37.8258]},"properties":{"name":"Île Amsterdam","kind":"volcano","rating":3,"region":""}},{"type":"Feature","geometry":{"type":"Point","coordinates":[77.5222,-38.73]},"properties":{"name":"Île Saint-Paul","kind":"volcano","rating":3,"region":""}},{"type":"Feature","geometry":{"type":"Point","coordinates":[15.2521,66.7894]},"properties":{"name":"Ølfjellet","kind":"peak","rating":3,"region":"Norway"}},{"type":"Feature","geometry":{"type":"Point","coordinates":[28.9505,69.0935]},"properties":{"name":"Øvre Pasvik National Park","kind":"park","rating":3,"region":"Norway"}},{"type":"Feature","geometry":{"type":"Point","coordinates":[27.138,38.413]},"properties":{"name":"İzmir","kind":"city","rating":3,"region":"Turkey"}},{"type":"Feature","geometry":{"type":"Point","coordinates":[21.889,56.044]},"properties":{"name":"Žemaitija National Park","kind":"park","rating":3,"region":"Lithuania"}}]}