name,lat,lon,kind,rating,region
Chimborazo,-1.4692,-78.8175,volcano,10,Ecuador
Damavand,35.9553,52.1092,volcano,10,Iran
Denali,63.069,-151.007,peak,10,Alaska
Dubai,25.077,55.309,city,10,United Arab Emirates
Grand Canyon,36.107,-112.113,canyon,10,Arizona
Greenland ice sheet (east coast),65.6,-38.0,glacier,10,Greenland
Greenland ice sheet (west coast),67.0,-50.7,glacier,10,Greenland
Hong Kong,22.278,114.175,city,10,Hong Kong
K2,35.881,76.513,peak,10,China
Kangchenjunga,27.703,88.147,peak,10,Sikkim
Kilimanjaro,-3.068,37.356,volcano,10,Tanzania
Matterhorn,45.976,7.658,peak,10,Switzerland
Mont Blanc,45.833,6.865,peak,10,Italy
Mount Cameroon,4.2167,9.1725,volcano,10,Cameroon
Mount Erebus,-77.5333,167.2833,volcano,10,Antarctica
Mount Everest,27.988,86.925,peak,10,Xizang
Mount Fuji,35.361,138.728,volcano,10,Japan
Mount Logan,60.567,-140.405,peak,10,Yukon
Mount Rainier,46.853,-121.76,volcano,10,Washington
New York City,40.714,-74.006,city,10,New York
Puncak Jaya,-4.0833,137.1833,peak,10,Indonesia
Vinson Massif,-78.5256,-85.6172,peak,10,Antarctica
Aconcagua,-32.653,-70.011,peak,9,Argentina
Aletsch Glacier,46.45,8.05,glacier,9,Switzerland
Baekdu Mountain,40.94,126.83,volcano,9,Dem. Rep. Korea
Baffin Island fjords,68.0,-68.0,glacier,9,Nunavut
Bangkok,13.754,100.501,city,9,Thailand
Bogda Peak,43.8016,88.335,peak,9,Xinjiang
Chicago,41.85,-87.65,city,9,Illinois
Chongqing,29.56,106.558,city,9,Chongqing
Columbia Icefield,52.17,-117.32,glacier,9,British Columbia
Crater Lake,42.944,-122.109,lake,9,Oregon
Dhaulagiri,28.6967,83.49,peak,9,Nepal
Dolomites,46.5,11.85,range,9,Italy
Eiger / Jungfrau,46.537,7.962,peak,9,Switzerland
Grand Teton,43.741,-110.802,peak,9,Wyoming
Guangzhou,23.117,113.25,city,9,Guangdong
Gunung Raung,-8.125,114.0417,volcano,9,Indonesia
Hubbard Glacier,60.03,-139.5,glacier,9,Alaska
Ichinsky,55.6786,157.718,volcano,9,Kamchatka
Kamchatka volcanoes,56.056,160.642,volcano,9,Kamchatka
Kluane Icefields,60.7,-139.7,glacier,9,Yukon
Lake Louise / Banff peaks,51.417,-116.217,range,9,Alberta
Malaspina Glacier,59.9,-140.5,glacier,9,Alaska
Manaslu,28.55,84.5597,peak,9,Nepal
Mount Agung,-8.3419,115.5078,volcano,9,Indonesia
Mount Ararat,39.702,44.298,volcano,9,Turkey
Mount Blackburn,61.7319,-143.4393,volcano,9,Alaska
Mount Cook / Southern Alps,-43.595,170.142,peak,9,New Zealand
Mount Elbrus,43.355,42.439,volcano,9,Kabardin-Balkar
Mount Etna,37.751,14.993,volcano,9,Italy
Mount Hood,45.374,-121.696,volcano,9,Oregon
Mount Humboldt,-21.8839,166.4203,peak,9,New Caledonia
Mount Karisimbi,-1.5,29.45,volcano,9,Rwanda
Mount Kenya,-0.1,37.2,peak,9,Kenya
Mount Kerinci,-1.6969,101.2644,volcano,9,Indonesia
Mount Robson,53.11,-119.156,peak,9,British Columbia
Mount Saint Elias,60.292,-140.931,peak,9,Yukon
Mount Shasta,41.409,-122.195,volcano,9,California
Mount St. Helens,46.191,-122.194,volcano,9,Washington
Mountain Slamet,-7.239,109.22,volcano,9,Indonesia
Mumbai,19.073,72.883,city,9,Maharashtra
Namcha Barwa,29.6306,95.0553,peak,9,Xizang
Nanda Devi,30.3739,79.9708,peak,9,Uttarakhand
Nanga Parbat,35.237,74.589,peak,9,Pakistan
Norwegian fjords (Sognefjord),61.1,6.5,coast,9,Norway
Ojos del Salado,-27.1097,-68.5414,peak,9,Argentina
Pico Basilé,3.5833,8.7667,volcano,9,Equatorial Guinea
Pico Cristóbal Colón,10.8383,-73.6867,peak,9,Colombia
Pico de Orizaba,19.03,-97.269,volcano,9,Puebla
Piton des Neiges,-21.0989,55.4789,volcano,9,France
Popocatepetl,19.023,-98.622,volcano,9,Puebla
Rinjani,-8.4167,116.4667,volcano,9,Indonesia
Rio de Janeiro,-22.906,-43.182,city,9,Rio de Janeiro
San Francisco,37.775,-122.419,city,9,California
Semeru,-8.1,112.9167,volcano,9,Indonesia
Shanghai,31.222,121.458,city,9,Shanghai
Shenzhen,22.546,114.068,city,9,Guangdong
Shiveluch,56.6536,161.363,volcano,9,Kamchatka
Singapore,1.29,103.85,city,9,Singapore
Sydney,-33.868,151.207,city,9,New South Wales
Tambora,-8.2453,117.9928,volcano,9,Indonesia
Tokyo,35.69,139.692,city,9,Japan
Vatnajokull,64.4,-16.8,glacier,9,Iceland
Volcán Tajumulco,15.0333,-91.9,volcano,9,Guatemala
Wuhan,30.583,114.267,city,9,Hubei
Yosemite Valley / Half Dome,37.746,-119.533,feature,9,California
Arjuno-Welirang,-7.765,112.5897,volcano,8,Indonesia
Austfonna,79.7833,24.6633,glacier,8,Norway
Bahamas banks,24.5,-77.5,island,8,Bahamas
Batian,-0.1517,37.305,peak,8,Kenya
Batura Sar,36.51,74.5225,peak,8,Pakistan
Belukha Mountain,49.8069,86.5897,peak,8,Gorno-Altay
Bosphorus,41.12,29.07,landmark,8,Turkey
Bråsvellbreen,79.3683,23.4433,glacier,8,Norway
Buntu Rantemario,-3.385,120.0242,peak,8,Indonesia
Cerro Chirripó,9.4841,-83.4887,peak,8,Costa Rica
Cerro del Bolsón,-27.2142,-66.0942,peak,8,Argentina
Changsha,28.199,112.971,city,8,Hunan
Chengdu,30.667,104.067,city,8,Sichuan
Cotopaxi volcano,-0.6806,-78.4378,volcano,8,Ecuador
Edgeøyjøkulen,77.6667,23.4,glacier,8,Norway
Emi Koussi,19.7894,18.5511,volcano,8,Chad
Etonbreen,79.73,21.995,glacier,8,Norway
Faroe Islands,62.0,-6.9,island,8,Faeroe Islands
Finisterre Range,-5.8,146.1,peak,8,Papua New Guinea
Gangkhar Puensum,28.0469,90.455,peak,8,Bhutan
Getz Ice Shelf,-74.25,-125.0,glacier,8,Antarctica
Glacier National Park,48.696,-113.718,range,8,Montana
Great Barrier Reef,-18.29,147.7,coast,8,
Greenland ice sheet,76.7,-41.2,glacier,8,Greenland
Gunnbjørn Fjeld,68.9195,-29.8985,peak,8,Greenland
Gunung Binaiya,-3.1733,129.455,peak,8,Indonesia
Ha Long Bay,20.91,107.18,island,8,Vietnam
Haleakala,20.71,-156.253,volcano,8,Hawaii
Hangzhou,30.294,120.161,city,8,Zhejiang
Hinlopenbreen,78.9467,19.065,glacier,8,Norway
Hoover Dam / Lake Mead,36.1,-114.5,landmark,8,Arizona
Ismoil Somoni Peak,38.9427,72.0153,peak,8,Tajikistan
Jabal an Nabi Shu'ayb,15.2792,43.9758,peak,8,Yemen
Jade Dragon Snow Mountain,27.0983,100.175,peak,8,Yunnan
Jakarta,-6.215,106.845,city,8,Indonesia
Kongur Tagh,38.5939,75.3133,peak,8,Xinjiang
Koryaksky,53.3167,158.6833,volcano,8,Kamchatka
Kronotsky,54.75,160.5167,volcano,8,Kamchatka
Kuala Lumpur,3.141,101.687,city,8,Malaysia
Lake Baikal,53.5,108.0,lake,8,Irkutsk
Lake Como,46.0,9.27,lake,8,Italy
Lake Geneva,46.45,6.55,lake,8,Switzerland
Lake Powell,37.068,-111.244,lake,8,Utah
Lake Tahoe,39.097,-120.032,lake,8,California
Lanín,-39.6372,-71.5031,volcano,8,Argentina
Lofoten,68.2,14.0,island,8,Norway
London,51.509,-0.126,city,8,UK
Manicouagan Crater,51.383,-68.7,lake,8,Québec
Margherita Peak,0.3867,29.8725,peak,8,Uganda
Mauna Kea,19.821,-155.468,volcano,8,Hawaii
Mawson Peak,-53.1044,73.5178,volcano,8,Heard I. and McDonald Islands
Mayon Volcano,13.2567,123.685,volcano,8,Philippines
Mercedario,-31.9789,-70.1128,peak,8,Argentina
Mont Saint-Michel,48.636,-1.511,feature,8,France
Monte San Lorenzo,-47.5917,-72.3067,peak,8,Argentina
Monte San Valentin,-46.595,-73.3458,peak,8,Chile
Monument Valley,36.998,-110.098,feature,8,Arizona
Moscow,55.752,37.618,city,8,Moskva
Mount Adams,46.202,-121.491,volcano,8,Washington
Mount Apo,6.9875,125.2708,volcano,8,Philippines
Mount Assiniboine,50.87,-115.651,peak,8,British Columbia
Mount Baker,48.777,-121.813,volcano,8,Washington
Mount Balbi,-5.9167,154.9825,volcano,8,Papua New Guinea
Mount Bazardüzü,41.2343,47.8367,peak,8,Dagestan
Mount Cereme,-6.8919,108.4,volcano,8,Indonesia
Mount Fairweather,58.9065,-137.5266,peak,8,Alaska
Mount Gahinga,-1.3873,29.6435,volcano,8,Rwanda
Mount Gladstone,-5.9539,146.3753,peak,8,Papua New Guinea
Mount Gongga,29.5958,101.8792,peak,8,Sichuan
Mount Hayes,63.6208,-146.715,peak,8,Alaska
Mount Kazbek,42.6969,44.5189,volcano,8,Georgia
Mount Lucania,61.0233,-140.4656,peak,8,Yukon
Mount Marcus Baker,61.4378,-147.751,peak,8,Alaska
Mount Meru,-3.2468,36.7602,peak,8,Tanzania
Mount Pavlof,55.4194,-161.895,volcano,8,Alaska
Mount Ruapehu,-39.2817,175.5686,volcano,8,New Zealand
Mount Siple,-73.4333,-126.6667,peak,8,Antarctica
Mount Taftan,28.6,61.1333,volcano,8,Iran
Mount Waddington,51.374,-125.264,peak,8,British Columbia
Mount Whitney,36.579,-118.292,peak,8,California
Mountain Sumbing,-7.385,110.0725,volcano,8,Indonesia
Na Pali Coast,22.17,-159.65,coast,8,Hawaii
Nanjing,32.062,118.778,city,8,Jiangsu
Nanning,22.817,108.317,city,8,Guangxi
Negribreen,78.58,19.0383,glacier,8,Norway
Nile Valley / Pyramids,29.979,31.134,landmark,8,Egypt
Olav V Land,78.8372,19.5397,glacier,8,Norway
Panama Canal,9.1,-79.7,landmark,8,Panama
Paris,48.853,2.349,city,8,France
Penny Ice Cap,67.25,-66.0,glacier,8,Nunavut
Pico Bolívar,8.5409,-71.0465,peak,8,Venezuela
Pico Duarte,19.0331,-71.0053,peak,8,Dominican Republic
Pico do Fogo,14.9493,-24.3404,volcano,8,Republic of Cabo Verde
Ras Dashen,13.2367,38.3725,peak,8,Ethiopia
Rio de Janeiro bays,-22.95,-43.21,landmark,8,Rio de Janeiro
Ritacuba Blanco,6.4942,-72.2975,peak,8,Colombia
Ross Ice Shelf,-81.5,-175.0,glacier,8,
Sabalan,38.2669,47.8369,peak,8,Iran
Santorini caldera,36.404,25.396,volcano,8,Greece
Sauyr Zhotasy,47.0492,85.5667,peak,8,Xinjiang
Seoul,37.566,126.978,city,8,Republic of Korea
Severny Island ice cap,75.5,60.0,glacier,8,Arkhangel'sk
Shenyang,41.792,123.433,city,8,Liaoning
Shishapangma,28.3522,85.7797,peak,8,Xizang
Stikine Icecap,57.0706,-132.2308,glacier,8,British Columbia
Table Mountain,-33.963,18.403,feature,8,South Africa
Teide,28.272,-16.642,volcano,8,Spain
Terich Mir,36.2458,71.8439,peak,8,Pakistan
Thwaites Glacier,-75.5,-106.75,glacier,8,Antarctica
Tomort,43.0733,94.3467,peak,8,Xinjiang
Toronto,43.706,-79.399,city,8,Ontario
Tupungato Volcano,-33.3586,-69.7704,volcano,8,Argentina
Uluru,-25.345,131.036,feature,8,Northern Territory
Venice lagoon,45.43,12.33,landmark,8,Italy
Vestfonna,79.95,20.5,glacier,8,Norway
Vesuvius / Bay of Naples,40.821,14.426,volcano,8,Italy
Xuelian Feng,42.2617,80.89,peak,8,Xinjiang
Yushan Main Peak,23.47,120.9573,peak,8,Taiwan
Åsgardfonna,79.585,16.6267,glacier,8,Norway
Abu Dhabi,24.451,54.397,city,7,United Arab Emirates
Alsek Glacier,59.2014,-138.0469,glacier,7,Alaska
Altun Shan,39.25,93.7,peak,7,Qinghai
Annapurna I,28.5958,83.82,peak,7,Nepal
Aral Sea,45.0,60.0,lake,7,Kazakhstan
Atlasov Island,50.8597,155.5594,volcano,7,Sakhalin
Baltoro Glacier,35.7364,76.3808,glacier,7,Pakistan
Barbeau Peak,81.9147,-75.0092,peak,7,Nunavut
Batura Glacier,36.5333,74.65,glacier,7,Pakistan
Beerenberg,71.0797,-8.1559,volcano,7,Norway
Beijing,39.907,116.397,city,7,Beijing
Bryce Canyon,37.593,-112.187,canyon,7,Utah
Buni Zom,36.1542,72.3275,peak,7,Pakistan
Busan,35.102,129.03,city,7,Republic of Korea
Canyonlands,38.327,-109.878,canyon,7,Utah
Cayambe,0.0239,-77.9888,volcano,7,Ecuador
Cerro El Manchao,-28.2564,-66.0386,peak,7,Argentina
Cerro General Belgrano,-29.0146,-67.8264,peak,7,Argentina
Cerro Macá,-45.1058,-73.1692,volcano,7,Chile
Cerro Tamaná,5.0333,-76.1833,peak,7,Colombia
Chakragil,38.8658,75.1083,peak,7,Xinjiang
Charleston Peak,36.2725,-115.6958,peak,7,Nevada
Cho Oyu,28.0942,86.6608,peak,7,Nepal
Dalian,38.912,121.602,city,7,Liaoning
Death Valley,36.505,-117.079,desert,7,California
Dempo,-4.03,103.13,volcano,7,Indonesia
Dena,30.9517,51.4375,peak,7,Iran
Deriba Caldera,12.9514,24.2589,peak,7,Sudan
Distaghil Sar,36.3258,75.1883,peak,7,Pakistan
Doha,25.285,51.531,city,7,Qatar
El Altar volcano,-1.6642,-78.4111,volcano,7,Ecuador
El Mela,-28.8675,-67.1275,peak,7,Argentina
Florida Keys,24.7,-81.2,island,7,Florida
Folgefonna,60.0,6.3333,glacier,7,Norway
Foshan,23.027,113.131,city,7,Guangdong
Fuyul Sojol,0.5783,120.2044,peak,7,Indonesia
Golden Gate Bridge,37.82,-122.479,landmark,7,California
Great Bear Lake,66.0,-121.0,lake,7,Northwest Territories
Great Salt Lake,41.166,-112.583,lake,7,Utah
Great Slave Lake,61.6667,-114.0,lake,7,Northwest Territories
Gunung Leuser,3.7975,97.2192,peak,7,Indonesia
Gurla Mandhata,30.4383,81.2992,peak,7,Xizang
Gyala Peri,29.8142,94.9683,peak,7,Xizang
Hefei,31.864,117.281,city,7,Anhui
Hekla,63.9922,-19.6658,volcano,7,Iceland
Hofsjökull,64.8167,-18.8167,glacier,7,Iceland
Houston,29.763,-95.363,city,7,Texas
Huascarán,-9.1167,-77.6,peak,7,Peru
Hyderabad,17.384,78.456,city,7,Telangana
Illimani,-16.6333,-67.7908,peak,7,Bolivia
Incheon,37.456,126.705,city,7,Republic of Korea
Istanbul,41.014,28.95,city,7,Turkey
Jabal Al-Majaz,18.0064,43.2228,peak,7,Saudi Arabia
Jebel Shams,23.2374,57.2638,peak,7,Oman
Jinan,36.668,116.997,city,7,Shandong
Jiuding Shan,31.5433,103.8533,peak,7,Sichuan
Kamet,30.92,79.5933,peak,7,Uttarakhand
Koyo Zom,36.7308,73.2406,peak,7,Pakistan
Kronebreen,78.8333,13.0,glacier,7,Norway
Kuh-e Bandaka,36.1792,70.9833,peak,7,Afghanistan
Kīlauea,19.4211,-155.2868,volcano,7,Hawaii
Kūh-e Hezār,29.5125,57.2708,peak,7,Iran
Lake Balkhash,46.5408,74.8789,lake,7,Kazakhstan
Lake Erie,42.25,-80.9997,lake,7,Ohio
Lake Huron,44.5926,-82.7563,lake,7,Michigan
Lake Ladoga,60.8428,31.4597,lake,7,Leningrad
Lake Malawi,-12.1833,34.3667,lake,7,Mozambique
Lake Maracaibo,9.8158,-71.5567,lake,7,Venezuela
Lake Michigan,44.0079,-86.7565,lake,7,Michigan
Lake Ontario,43.7289,-78.1064,lake,7,Ontario
Lake Superior,47.5288,-87.76,lake,7,Michigan
Lake Tanganyika,-6.1,29.5,lake,7,Tanzania
Lake Victoria,-1.0,33.0,lake,7,Uganda
Lake Vostok,-77.5,106.0,lake,7,Antarctica
Lake Winnipeg,52.1167,-97.25,lake,7,Manitoba
Langjökull,64.6919,-20.1968,glacier,7,Iceland
Las Vegas,36.175,-115.137,city,7,Nevada
Lednik Shmidta,81.1,91.1,glacier,7,Krasnoyarsk
Leighbreen,80.15,26.4733,glacier,7,Norway
Lenin Peak,39.3437,72.8779,peak,7,Tajikistan
Llullaillaco,-24.7197,-68.5367,volcano,7,Argentina
Lomonosovfonna,78.7483,17.5867,glacier,7,Norway
Los Angeles,34.052,-118.244,city,7,California
Macculloch Glacier,72.3578,-75.705,glacier,7,Nunavut
Makati City,14.55,121.033,city,7,Philippines
Makushin Volcano,53.8863,-166.9111,volcano,7,Alaska
Marapi,-0.3806,100.4733,volcano,7,Indonesia
Maromokotro,-14.0228,48.9658,peak,7,Madagascar
Melbourne,-37.814,144.963,city,7,Victoria
Merapi,-7.5414,110.4461,volcano,7,Indonesia
Miami,25.774,-80.194,city,7,Florida
Monacobreen,79.5,12.55,glacier,7,Norway
Monarch Mountain,51.8994,-125.8758,peak,7,British Columbia
Moncong Lompobatang,-5.3467,119.9317,peak,7,Indonesia
Mono Lake,38.017,-119.009,lake,7,California
Mount Aragats,40.5231,44.1953,peak,7,Armenia
Mount Arfak,-1.1564,133.9797,peak,7,Indonesia
Mount Athos,40.1583,24.3272,peak,7,Greece
Mount Bona,61.3856,-141.749,volcano,7,Alaska
Mount Chiginagak,57.1336,-156.9914,volcano,7,Alaska
Mount Elbert,39.1178,-106.4453,peak,7,Colorado
Mount Elgon,1.1185,34.5265,volcano,7,Uganda
Mount Erciyes,38.5317,35.45,volcano,7,Turkey
Mount Francais,-64.6333,-63.45,peak,7,Antarctica
Mount Giluwe,-6.0389,143.8861,peak,7,Papua New Guinea
Mount Griggs,58.3539,-155.0917,volcano,7,Alaska
Mount Halcon,13.25,120.9833,peak,7,Philippines
Mount Iliamna,60.0317,-153.0912,volcano,7,Alaska
Mount Jefferson,44.674,-121.8,volcano,7,Oregon
Mount Kapalatmada,-3.2558,126.1242,peak,7,Indonesia
Mount Kirkpatrick,-84.3333,166.4167,peak,7,Antarctica
Mount Kosciuszko,-36.4558,148.2635,peak,7,New South Wales
Mount Minto,-71.7867,168.75,peak,7,Antarctica
Mount Oku,6.1997,10.5189,volcano,7,Cameroon
Mount Paget,-54.4408,-36.5553,peak,7,South Georgia and the Islands
Mount Parry,-64.2555,-62.407,peak,7,Antarctica
Mount Pelée,14.8131,-61.1656,volcano,7,France
Mount Pico,38.4686,-28.3992,volcano,7,Portugal
Mount Popomanaseu,-9.7037,160.0607,volcano,7,Solomon Islands
Mount Pulag,16.5836,120.8836,peak,7,Philippines
Mount Saramati,25.74,95.0375,peak,7,Myanmar
Mount Sibbald,-43.552,170.555,peak,7,New Zealand
Mount Sidley,-77.04,-126.1,peak,7,Antarctica
Mount Siguniang,31.1063,102.902,peak,7,Sichuan
Mount Sir Sandford,51.6567,-117.8675,peak,7,British Columbia
Mount Sir Wilfrid Laurier,52.8014,-119.731,peak,7,British Columbia
Mount Stephenson,-69.8167,-69.7167,peak,7,Antarctica
Mount Suckling,-9.6692,149.0108,peak,7,Papua New Guinea
Mount Süphan,38.9298,42.8296,volcano,7,Turkey
Mount Tagubud,7.4417,126.23,peak,7,Philippines
Mount Torbert,61.4089,-152.414,peak,7,Alaska
Mount Tullu Demtu,6.8265,39.8194,peak,7,Ethiopia
Mount Victoria,-8.8925,147.5333,peak,7,Papua New Guinea
Mount Vineuo,-9.3342,150.2058,peak,7,Papua New Guinea
Mount Vsevidof,53.13,-168.693,volcano,7,Alaska
Mount Wilhelm,-5.78,145.0296,peak,7,Papua New Guinea
Mountain Argopuro,-7.9645,113.5665,peak,7,Indonesia
Muztagh Ata,38.2783,75.1158,peak,7,Xinjiang
Nanchang,28.684,115.853,city,7,Jiangxi
Nevado de Colima,19.5636,-103.608,peak,7,Jalisco
Nevado de Toluca,19.1088,-99.7556,volcano,7,México
Nevado del Huila,2.9333,-76.0333,peak,7,Colombia
Nevado del Ruiz,4.8953,-75.3225,volcano,7,Colombia
Niagara Falls,43.08,-79.075,feature,7,Ontario
Oliver Glacier,72.1181,-76.7981,glacier,7,Nunavut
Opala,52.5431,157.335,volcano,7,Kamchatka
Osaka,34.694,135.501,city,7,Japan
Palmer Archipelago,-64.25,-62.8333,peak,7,Antarctica
Panama City,8.994,-79.52,city,7,Panama
Peak la Selle,18.3667,-71.9833,peak,7,Haiti
Perito Moreno Glacier,-50.4932,-73.128,glacier,7,Argentina
Pico da Bandeira,-20.4352,-41.7963,peak,7,Espírito Santo
Pico da Neblina,0.8055,-66.0054,peak,7,Brazil
Pico de São Tomé,0.2667,6.5333,volcano,7,São Tomé and Principe
Pidurutalagala,7.0008,80.7739,peak,7,Sri Lanka
Pik Dankova,41.0594,77.6842,peak,7,Kyrgyzstan
Pik Karla Marxa,37.1625,72.4817,peak,7,Tajikistan
Pinatubo,15.13,120.35,volcano,7,Philippines
Puncak Mandala,-4.7086,140.2892,peak,7,Indonesia
Qingdao,36.065,120.38,city,7,Shandong
Salar de Uyuni,-20.3333,-67.7,lake,7,Bolivia
Salcantay,-13.3336,-72.5444,peak,7,Peru
San Gorgonio Mountain,34.0992,-116.825,peak,7,California
San Jacinto Peak,33.8147,-116.679,peak,7,California
San Pedro,-21.8878,-68.3914,volcano,7,Chile
Sara Sara,-15.3235,-73.4494,volcano,7,Peru
Seattle,47.606,-122.332,city,7,Washington
Socompa,-24.3933,-68.2561,volcano,7,Chile
Suzhou,31.304,120.595,city,7,Jiangsu
Sydney Harbour,-33.857,151.215,landmark,7,New South Wales
Talgar peak,43.1183,77.3408,peak,7,Kazakhstan
Taranaki Maunga,-39.2964,174.0647,volcano,7,New Zealand
Tatamailau,-8.9067,125.4933,peak,7,Timor-Leste
Three Sisters,44.103,-121.769,volcano,7,Oregon
Tianjin,39.142,117.177,city,7,Tianjin
Tolbachik,55.83,160.33,volcano,7,Kamchatka
Triglav,46.3783,13.8367,peak,7,Slovenia
Tronador,-41.1608,-71.8875,peak,7,Chile
Ulawun,-5.05,151.3333,volcano,7,Papua New Guinea
Vancouver,49.25,-123.119,city,7,British Columbia
Xiamen,24.48,118.082,city,7,Fujian
Yellowstone Lake,44.46,-110.37,lake,7,Wyoming
Zhuhai,22.277,113.568,city,7,Guangdong
Zhupanovsky,53.59,159.3147,volcano,7,Kamchatka
Zion Canyon,37.298,-113.026,canyon,7,Utah
Abercrombie Mountain,48.9283,-117.46,peak,6,Washington
Acotango,-18.3833,-69.0469,volcano,6,Bolivia
Aj Bogd,44.7992,95.24,peak,6,Mongolia
Aleutian volcanoes,54.756,-163.97,volcano,6,Alaska
Amalfi Coast,40.63,14.6,coast,6,Italy
Anamudi,10.1667,77.0667,peak,6,Kerala
Andes near Santiago,-33.4,-70.2,range,6,Chile
Antisana volcano,-0.4814,-78.1408,volcano,6,Ecuador
Antofalla,-25.5625,-67.8808,volcano,6,Argentina
Api,30.0053,80.9297,peak,6,Nepal
Arenal,10.463,-84.703,volcano,6,Costa Rica
Askja,65.03,-16.75,volcano,6,Iceland
Ata Kang La Glacier,29.2101,96.7636,glacier,6,Xizang
Atlas Mountains (Toubkal),31.059,-7.916,range,6,Morocco
Ausangate,-13.7886,-71.2311,peak,6,Peru
Bairiga,29.1658,96.7242,peak,6,Xizang
Baja California / Sea of Cortez,28.0,-112.5,coast,6,Baja California Sur
Balneário Camboriú,-26.991,-48.635,city,6,Santa Catarina
Ben Nevis / Highlands,56.797,-5.004,peak,6,UK
Big Sur coast,36.27,-121.81,coast,6,California
Bilafond Glacier,35.2833,76.8833,glacier,6,Pakistan
Blue Mountain Peak,18.0467,-76.5792,peak,6,Jamaica
Bonneville Salt Flats,40.76,-113.89,desert,6,Utah
Braldu Glacier,36.2162,75.8585,glacier,6,Pakistan
Brammah Glacier,33.556,76.069,glacier,6,Jammu and Kashmir
Bárðarbunga,64.6408,-17.5278,volcano,6,Iceland
Calar Gallinero,37.2547,-2.5164,peak,6,Spain
Calbuco,-41.3328,-72.6111,volcano,6,Chile
Cancun / Riviera Maya,21.1,-86.8,landmark,6,Quintana Roo
Cape Cod,41.8,-70.0,coast,6,Massachusetts
Cappadocia,38.64,34.83,feature,6,Turkey
Caucasus crest,42.9,44.0,range,6,North Ossetia
Central Rimo Glacier,35.4071,77.5753,glacier,6,Siachen Glacier
Cerro Castillo,-46.065,-72.2075,peak,6,Chile
Cerro Las Minas,14.5342,-88.68,peak,6,Honduras
Cerro Marahuaca,3.66,-65.4067,peak,6,Venezuela
Cerro Nube Flane,16.214,-96.1824,peak,6,Oaxaca
Cerro Pintado,10.4589,-72.9036,peak,6,Colombia
Cerro Tristeza,10.0842,-63.9583,peak,6,Venezuela
Cerro de la Majadita,-30.42,-69.7808,peak,6,Argentina
Chaitén,-42.8328,-72.6458,volcano,6,Chile
Chamar,28.5553,84.9453,peak,6,Nepal
Channel Islands,34.01,-119.78,island,6,California
Childs Glacier,60.6769,-144.9355,glacier,6,Alaska
Chitwan National Park,27.5,84.3333,park,6,Nepal
Chiāntar Glacier,36.7966,73.6809,glacier,6,Pakistan
Chomolhari,27.8242,89.27,peak,6,Bhutan
Chūō,35.67,139.775,city,6,Japan
Cinque Terre,44.12,9.72,coast,6,Italy
Cliffs of Moher,52.972,-9.426,coast,6,Ireland
Cloud Peak,44.3821,-107.1739,peak,6,Wyoming
Columbia River Gorge,45.7,-121.8,canyon,6,Oregon
Concepción,11.5333,-85.6167,volcano,6,Nicaragua
Copahue,-37.8522,-71.1675,volcano,6,Chile
Copper Canyon,27.5,-107.75,canyon,6,Chihuahua
Coropuna,-15.5203,-72.6572,volcano,6,Peru
Corsica mountains,42.3,9.0,range,6,France
Cumbre Vieja,28.5667,-17.8333,volcano,6,Spain
Dansketinden,72.125,-24.955,peak,6,Greenland
Daxue Mountain,24.1117,99.64,peak,6,Yunnan
Dead Sea,31.5,35.5,lake,6,Jordan
Devils Tower,44.59,-104.715,feature,6,Wyoming
Diamond Head / Waikiki,21.262,-157.806,volcano,6,Hawaii
Doddabetta,11.4024,76.7367,peak,6,Tamil Nadu
Drang-Drung Glacier,33.7552,76.301,glacier,6,Ladakh
Drangajökull,66.15,-22.25,glacier,6,Iceland
Dubrovnik / Dalmatian coast,42.65,18.09,coast,6,Croatia
Dunheger,45.2,90.9,peak,6,Mongolia
Dykh-Tau,43.0525,43.1317,peak,6,Kabardin-Balkar
Ecrins / Meije,44.922,6.36,peak,6,France
El Chichón,17.36,-93.2278,volcano,6,Chiapas
Eyjafjallajokull / Myrdalsjokull,63.63,-19.2,glacier,6,Iceland
Farallones de Cali,3.34,-76.6958,peak,6,Colombia
Flathead Lake,47.88,-114.1,lake,6,Montana
Frankfurt am Main,50.116,8.684,city,6,Germany
Galdhøpiggen,61.6333,8.3,peak,6,Norway
Galeras,1.2167,-77.3667,volcano,6,Colombia
Gannett Peak,43.1842,-109.6542,peak,6,Wyoming
Garibaldi / Whistler peaks,49.851,-123.005,range,6,British Columbia
Gateway Arch,38.624,-90.185,landmark,6,Illinois
George Town,5.411,100.335,city,6,Malaysia
Georgian Bay / Thirty Thousand Islands,45.2,-80.3,island,6,Ontario
Gibraltar,36.14,-5.353,landmark,6,Spain
Gobi Desert,43.0,105.0,desert,6,Mongolia
Golden Hinde,49.6628,-125.747,peak,6,British Columbia
Gora Kurumdy,39.4559,73.5667,peak,6,Tajikistan
Grand Prismatic / Old Faithful,44.525,-110.838,feature,6,Wyoming
Great Sand Dunes,37.792,-105.594,desert,6,Colorado
Great Smoky Mountains,35.611,-83.49,range,6,Tennessee
Grinnell Glacier,62.5588,-66.7504,glacier,6,Nunavut
Grossglockner,47.074,12.694,peak,6,Austria
"Guallatiri, Chile",-18.4236,-69.0897,volcano,6,Chile
Guiyang,26.583,106.717,city,6,Guizhou
Gunung Galunggung,-7.2567,108.0771,volcano,6,Indonesia
Gyong Glacier,35.1378,76.9736,glacier,6,Pakistan
Hallasan,33.35,126.5167,volcano,6,Republic of Korea
Haramosh Peak,35.8414,74.8978,peak,6,Pakistan
Hardangerjøkulen,60.5333,7.4167,glacier,6,Norway
Hawkes Heights,-72.5333,169.7,peak,6,Antarctica
High Tatras,49.17,20.13,range,6,Slovakia
Highway Glacier,66.7355,-65.0445,glacier,6,Nunavut
Hochkönig,47.4208,13.0632,peak,6,Austria
Hoher Dachstein,47.4752,13.6057,peak,6,Austria
Hotaka Mountains,36.2892,137.6481,peak,6,Japan
Huaynaputina,-16.6156,-70.8497,volcano,6,Peru
Hüiten Peak,49.1458,87.8192,peak,6,Xinjiang
Iguazu Falls,-25.695,-54.437,feature,6,Argentina
Ijen,-8.058,114.242,volcano,6,Indonesia
Incahuasi,-27.0333,-68.3,volcano,6,Argentina
Independence Peak,38.5111,72.3542,peak,6,Tajikistan
Irazú Volcano,9.9792,-83.8525,volcano,6,Costa Rica
Issyk-Kul,42.4167,77.25,lake,6,Kyrgyzstan
Izalco,13.8131,-89.6333,volcano,6,El Salvador
Iztaccihuatl,19.179,-98.642,volcano,6,Puebla
Jargalant Hayrhan,47.6667,92.5,peak,6,Mongolia
Jezercë,42.4422,19.8128,peak,6,Albania
Jiaozi Snow Mountain,26.0856,102.8644,peak,6,Yunnan
Johor Bahru,1.466,103.758,city,6,Malaysia
Jostedalsbreen glacier,61.7,7.0,glacier,6,Norway
Juyan Lake,42.29,101.26,lake,6,Inner Mongol
Kangju Kangri,33.7233,78.5283,peak,6,Ladakh
Kangto,27.865,92.5325,peak,6,Xizang
Kanlaon Volcano,10.4119,123.1319,volcano,6,Philippines
Kati Thanda–Lake Eyre,-28.6667,137.1667,lake,6,South Australia
Kawagarbo,28.4383,98.6833,peak,6,Yunnan
Kaziranga National Park,26.6667,93.35,park,6,Assam
Kaçkar Dağı,40.8355,41.1613,peak,6,Turkey
Keele Peak,63.4314,-130.3239,peak,6,Yukon
Keli Mutubuurai,-8.77,121.82,volcano,6,Indonesia
Kennedy Space Center,28.573,-80.649,landmark,6,Florida
Khövsgöl Lake,51.1,100.5,lake,6,Mongolia
Kinyeti,3.9475,32.9089,peak,6,South Sudan
Koh-i Belandtarin,37.1475,73.2158,peak,6,Afghanistan
Kongsvegen,78.8167,12.7767,glacier,6,Norway
Korab,41.7903,20.5467,peak,6,North Macedonia
Kuh-e Chuk Shakh,36.7783,71.4517,peak,6,Afghanistan
Kunming,25.039,102.718,city,6,Yunnan
Kwatna Peak,52.0703,-126.9594,peak,6,British Columbia
Kūh-e Zendeh,28.0758,60.0111,peak,6,Iran
La Soufrière,13.3333,-61.1833,volcano,6,Saint Vincent and the Grenadines
Lac d'Annecy,45.85,6.17,lake,6,France
Lagoa dos Patos,-31.15,-51.39,lake,6,Rio Grande do Sul
Lake Albert,1.6833,30.9167,lake,6,Democratic Republic of the Congo
Lake Balaton,46.85,17.7,lake,6,Hungary
Lake Chad,13.0979,14.5338,lake,6,Chad
Lake Constance,47.6,9.4,lake,6,Germany
Lake Edward,-0.3333,29.6,lake,6,Democratic Republic of the Congo
Lake Garda,45.65,10.68,lake,6,Italy
Lake Inari,68.9597,27.6017,lake,6,Finland
Lake Kivu,-1.8531,29.1353,lake,6,Rwanda
Lake Lucerne,46.99,8.45,lake,6,Switzerland
Lake Maggiore,45.95,8.65,lake,6,Italy
Lake Mweru,-9.1667,28.5,lake,6,Zambia
Lake Nasser,22.5,31.86,lake,6,Egypt
Lake Nicaragua,11.5742,-85.3563,lake,6,Nicaragua
Lake Onega,61.6906,35.6556,lake,6,Karelia
Lake Peipus,58.6767,27.4917,lake,6,Pskov
Lake Pontchartrain Causeway,30.2,-90.1,landmark,6,Louisiana
Lake Ptolemy,19.5,26.0,lake,6,Sudan
Lake Sevan,40.3106,45.3492,lake,6,Armenia
Lake Tana,12.0,37.25,lake,6,Ethiopia
Lake Tauca,-20.0,-68.0,lake,6,Bolivia
Lake Tengger,39.05,103.67,lake,6,Gansu
Lake Titicaca,-15.9,-69.3,lake,6,Bolivia
Lake Toba,2.67,98.8875,lake,6,Indonesia
Lake Zurich,47.25,8.7,lake,6,Switzerland
Las Vegas Strip,36.114,-115.173,landmark,6,Nevada
Lassen Peak,40.488,-121.505,volcano,6,California
Lefka Ori,35.2928,24.0317,peak,6,Greece
Leirungshøi,61.9467,8.4806,peak,6,Norway
Licancabur,-22.8336,-67.8828,volcano,6,Chile
Llaima,-38.6974,-71.7304,volcano,6,Chile
Loch Ness,57.3,-4.45,lake,6,UK
Longs Peak / Front Range,40.255,-105.615,peak,6,Colorado
Los Glaciares National Park,-50.3305,-73.2342,park,6,Argentina
Macau,22.201,113.546,city,6,Macao
Mackinac Bridge,45.817,-84.727,landmark,6,Michigan
Mallorca (Tramuntana),39.8,2.8,island,6,Spain
Manhattan,40.783,-73.966,city,6,New York
Maroon Bells / Elk Mountains,39.07,-106.989,range,6,Colorado
Mega-Chad,17.0311,18.2208,lake,6,Chad
Melimoyu,-44.0758,-72.86,peak,6,Chile
Mesa Verde National Park,37.2604,-108.4944,park,6,Colorado
Meteor Crater,35.028,-111.022,feature,6,Arizona
Mexico City,19.428,-99.128,city,6,Distrito Federal
Miami Beach,25.79,-80.13,landmark,6,Florida
Milford Sound,-44.67,167.92,coast,6,New Zealand
Minato City,35.658,139.751,city,6,Japan
Mississippi River delta,29.3,-89.5,coast,6,Louisiana
Misti,-16.2964,-71.4106,volcano,6,Peru
Moldoveanu Peak,45.5994,24.7362,peak,6,Romania
Molokai sea cliffs,21.18,-156.9,coast,6,Hawaii
Mont Orohena,-17.6231,-149.4769,peak,6,French Polynesia
Monte Pissis,-27.7553,-68.7992,peak,6,Argentina
Monte Rosa,45.937,7.867,peak,6,Italy
Monte Shipton,-54.6592,-69.5983,peak,6,Chile
Monterey Bay,36.8,-121.9,coast,6,California
Mount Asama,36.4,138.5167,volcano,6,Japan
Mount Aso,32.885,131.1042,volcano,6,Japan
Mount Aspiring / Tititea,-44.384,168.728,peak,6,New Zealand
Mount Bandai,37.6008,140.0722,volcano,6,Japan
Mount Batur,-8.2419,115.375,volcano,6,Indonesia
Mount Choqa,10.7133,37.8483,peak,6,Ethiopia
Mount Cleveland,52.8222,-169.945,volcano,6,Alaska
Mount Coleman,52.1189,-116.9208,peak,6,Alberta
Mount Crillon,58.6622,-137.1714,peak,6,Alaska
Mount Dawson,51.1517,-117.421,peak,6,British Columbia
Mount Drum,62.1161,-144.638,peak,6,Alaska
Mount Dulang-dulang,8.1153,124.9208,peak,6,Philippines
Mount Edith Cavell,52.6672,-118.0567,peak,6,Alberta
Mount Farnham,50.4889,-116.4869,peak,6,British Columbia
Mount Foraker,62.961,-151.398,peak,6,Alaska
Mount Foster,-62.9967,-62.5486,peak,6,Antarctica
Mount Gaudry,-67.5333,-68.6167,peak,6,Antarctica
Mount Genyen,29.8075,99.6058,peak,6,Sichuan
Mount Guiting-Guiting,12.4139,122.5678,peak,6,Philippines
Mount Haku,36.1,136.5,volcano,6,Japan
Mount Hanang,-4.435,35.4,peak,6,Tanzania
Mount Hasan,38.1265,34.1651,volcano,6,Turkey
Mount Hesperus,61.8039,-154.145,peak,6,Alaska
Mount Hope,-69.7667,-64.5667,peak,6,Antarctica
Mount Ida,35.2264,24.7707,peak,6,Greece
Mount Isto,69.2024,-143.802,peak,6,Alaska
Mount Jinfo,29.0667,107.3,peak,6,Chongqing
Mount Karthala,-11.7603,43.3531,volcano,6,Comoros
Mount Katmai,58.279,-154.9533,volcano,6,Alaska
Mount Kimball (Alaska),63.2386,-144.644,peak,6,Alaska
Mount Kinabalu,6.075,116.558,peak,6,Malaysia
Mount Kita,35.6743,138.2387,peak,6,Japan
Mount Lister,-78.0667,162.6833,peak,6,Antarctica
Mount Longonot,-0.9153,36.4569,volcano,6,Kenya
Mount Loolmalasin,-3.06,35.82,peak,6,Tanzania
Mount Malindang,8.2175,123.6367,peak,6,Philippines
Mount Mantalingajan,8.8183,117.6697,peak,6,Philippines
Mount Markham,-82.85,161.35,peak,6,Antarctica
Mount McDonald,-72.5,166.6,peak,6,Antarctica
Mount Murphy,-75.3,-110.7,peak,6,Antarctica
Mount Nyenchen Tanglha,30.3889,90.5603,peak,6,Xizang
Mount Odin,66.55,-65.4333,peak,6,Nunavut
Mount Odin,50.5517,-118.1292,peak,6,British Columbia
Mount Olympus,40.086,22.358,peak,6,Greece
Mount Ontake,35.8931,137.4806,volcano,6,Japan
Mount Queen Bess,51.2717,-124.568,peak,6,British Columbia
Mount Ratz,57.3931,-132.303,peak,6,British Columbia
Mount Redoubt,60.485,-152.742,volcano,6,Alaska
Mount Roraima,5.1419,-60.7642,peak,6,Venezuela
Mount Rossel,-72.6,31.0333,peak,6,Antarctica
Mount Sanford,62.2139,-144.1289,peak,6,Alaska
Mount Satima,-0.3497,36.6167,peak,6,Kenya
Mount Shir (Yazd Province),31.6039,54.0661,peak,6,Iran
Mount Sikaram,34.0383,69.9025,peak,6,Afghanistan
Mount Sinabung,3.17,98.3919,volcano,6,Indonesia
Mount Tahan,4.6311,102.2344,peak,6,Malaysia
Mount Tahat,23.2889,5.5336,peak,6,Algeria
Mount Taibai,33.9458,107.745,peak,6,Shaanxi
Mount Takahe,-76.3,-112.1,peak,6,Antarctica
Mount Tapulao,15.4833,120.1166,peak,6,Philippines
Mount Terror,-77.5167,168.5333,volcano,6,Antarctica
Mount Tom White,60.6518,-143.6972,peak,6,Alaska
Mount Ulysses,57.3464,-124.0928,peak,6,British Columbia
Mount Unzen,32.7613,130.2987,volcano,6,Japan
Mount Veniaminof,56.1981,-159.3908,peak,6,Alaska
Mount Washington,44.27,-71.303,peak,6,New Hampshire
Mount Xuebaoding,32.6758,103.8467,peak,6,Sichuan
Mulanje Massif,-15.9,35.65,peak,6,Malawi
Musala,42.1792,23.5853,peak,6,Bulgaria
Mälaren,59.5,17.2,lake,6,Sweden
Nagoya,35.181,136.906,city,6,Japan
Nat Ma Taung,21.2336,93.9031,peak,6,Myanmar
Nemjung,28.735,84.4167,peak,6,Nepal
Nemrut,38.6226,42.2467,volcano,6,Turkey
Nevado Mismi,-15.5253,-71.6908,volcano,6,Peru
Nevado de Chañi,-24.0633,-65.7458,peak,6,Argentina
Ngoc Linh,15.0667,107.9833,peak,6,Vietnam
Ningbo,29.878,121.549,city,6,Zhejiang
Niokolo-Koba National Park,13.0742,-12.7222,park,6,Senegal
Noijin Kangsang,28.9475,90.1792,peak,6,Xizang
Northeast Greenland National Park,77.0,-31.0,park,6,Greenland
Noshaq,36.4317,71.8283,peak,6,Pakistan
Olympic Mountains,47.801,-123.711,range,6,Washington
Osorno,-41.1,-72.4931,volcano,6,Chile
Otgontenger,47.6367,97.5023,peak,6,Mongolia
Outer Banks,35.5,-75.5,coast,6,North Carolina
Outlook Peak,79.74,-91.4,peak,6,Nunavut
Pacaya,14.3808,-90.6011,volcano,6,Guatemala
Palm Jumeirah,25.112,55.139,landmark,6,United Arab Emirates
Parbati Parbat,32.0901,77.7326,peak,6,Himachal Pradesh
Parângu Mare,45.3403,23.5408,peak,6,Romania
Parícutin,19.493,-102.251,volcano,6,Michoacán
Pauhunri,27.9533,88.8425,peak,6,Xizang
"Peak Pobeda, Sakha",65.1773,146.0086,peak,6,Sakha (Yakutia)
Pedra da Mina,-22.4282,-44.843,peak,6,São Paulo
Phou Bia,18.9833,103.1333,peak,6,Lao PDR
Pic Macaya,18.3825,-74.025,peak,6,Haiti
Picacho del Diablo,30.9908,-115.375,peak,6,Baja California
Pichincha Volcano,-0.1772,-78.5989,volcano,6,Ecuador
Pico Naiguatá,10.5433,-66.7825,peak,6,Venezuela
Pik BAM,56.8652,117.5798,peak,6,Chita
Pik Chimtarga,39.1978,68.195,peak,6,Tajikistan
Pik Semionova Tien-Shanskogo,42.5212,74.5717,peak,6,Kyrgyzstan
Pik Skalisty,39.6195,70.7189,peak,6,Kyrgyzstan
Pikes Peak,38.841,-105.044,peak,6,Colorado
Piton de la Fournaise,-21.2431,55.7072,volcano,6,France
Piz Bernina,46.382,9.908,peak,6,Switzerland
Poco Likang,-8.65,120.45,peak,6,Indonesia
Poyang Lake,29.0667,116.3833,lake,6,Jiangxi
Poás Volcano,10.1978,-84.2303,volcano,6,Costa Rica
Profitis Ilias,36.9528,22.3503,peak,6,Greece
Puget Sound,47.6,-122.45,coast,6,Washington
Puy de Dôme,45.772,2.9624,volcano,6,France
Puy de Sancy,45.5283,2.8142,volcano,6,France
Puyehue-Cordón Caulle,-40.5903,-72.1172,volcano,6,Chile
Pyongyang,39.034,125.754,city,6,Dem. Rep. Korea
Pyrenees crest (Aneto),42.631,0.657,range,6,Spain
Qinghai Lake,37.0,100.0,lake,6,Qinghai
Queen Mary's Peak,-37.1118,-12.2878,peak,6,
Quilotoa,-0.8612,-78.8973,volcano,6,Ecuador
Qurnat as Sawda',34.3,36.1167,peak,6,Lebanon
Riyadh,24.688,46.722,city,6,Saudi Arabia
Roque de los Muchachos,28.7542,-17.8847,peak,6,Spain
Sahara dunes (Erg Chebbi),31.15,-3.98,desert,6,Morocco
Saimaa,61.25,28.25,lake,6,Finland
Sakurajima,31.5806,130.6581,volcano,6,Japan
Salton Sea,33.31,-115.84,lake,6,California
San Francisco Peaks,35.346,-111.678,peak,6,Arizona
San Juan Islands,48.55,-123.05,island,6,Washington
Sangay volcano,-2.0025,-78.3408,volcano,6,Ecuador
Santa María,14.7558,-91.5519,volcano,6,Guatemala
Saser Kangri,34.8333,77.7333,peak,6,Ladakh
Sat Peak,39.2362,71.9109,peak,6,Tajikistan
Semenov-Tyan-Shanskiy peak,45.0417,80.2575,peak,6,Kazakhstan
Serson Ice Shelf,82.3289,-85.9983,glacier,6,Nunavut
Shiprock,36.688,-108.836,feature,6,New Mexico
Sierra Nevada (Mulhacen),37.053,-3.311,peak,6,Spain
Sierra Nevada crest,37.3,-118.7,range,6,California
Sinai mountains,28.539,33.973,range,6,Egypt
Skihist Mountain,50.1878,-121.9033,peak,6,British Columbia
Snaefellsjokull,64.806,-23.772,volcano,6,Iceland
Snake River Canyon / Hells Canyon,45.25,-116.7,canyon,6,Oregon
Soufrière,16.0438,-61.6634,volcano,6,France
Soufrière Hills,16.7167,-62.1833,volcano,6,Montserrat
South Rimo Glacier,35.3333,77.5167,glacier,6,Ladakh
Stromboli,38.789,15.213,volcano,6,Italy
Sven Hedin Glacier,79.4962,-77.4908,glacier,6,Nunavut
Sīm Gang Glacier,35.9963,75.6675,glacier,6,Pakistan
Tapuae-o-Uenuku,-41.9958,173.6625,peak,6,New Zealand
Taxtakörpü SA,41.1532,48.9794,lake,6,Azerbaijan
Tebulosmta,42.5733,45.3119,peak,6,Chechnya
Terra Nivea,62.2755,-66.5143,glacier,6,Nunavut
Thabana Ntlenyana,-29.4667,29.2667,peak,6,Lesotho
Tian Shan,42.0,80.0,range,6,Xinjiang
Tonle Sap,12.8833,104.0667,lake,6,Cambodia
Uludoruk,37.4857,44.0045,peak,6,Turkey
Urmia Lake,37.662,45.405,lake,6,Iran
Vancouver Island mountains,49.6,-125.5,range,6,British Columbia
Veten Mountain,-72.625,-3.8333,peak,6,Antarctica
Villarrica Volcano,-39.42,-71.9392,volcano,6,Chile
Virunga National Park,-0.5,29.5,park,6,Democratic Republic of the Congo
Viso,44.6675,7.0917,peak,6,Italy
Volcan Baru,8.808,-82.543,volcano,6,Panama
Volcan de Fuego / Agua,14.473,-90.88,volcano,6,Guatemala
Volcán Momotombo,12.4247,-86.5385,volcano,6,Nicaragua
Volcán Tacaná,15.1334,-92.1058,volcano,6,Guatemala
Volcán Wolf,0.0333,-91.3333,volcano,6,Ecuador
Vänern,58.9167,13.5,lake,6,Sweden
Vättern,58.4,14.6,lake,6,Sweden
Wasatch Range,40.6,-111.65,range,6,Utah
Washington DC Mall,38.889,-77.035,landmark,6,District of Columbia
Wedge Mountain,50.1331,-122.7933,peak,6,British Columbia
Western Summit of Corno Grande,42.4693,13.5655,peak,6,Italy
Wheeler Peak,38.9861,-114.313,peak,6,Nevada
White Cliffs of Dover,51.13,1.36,coast,6,UK
White Sands,32.78,-106.172,desert,6,New Mexico
Wildspitze,46.8853,10.8672,peak,6,Austria
Wuxi,31.569,120.289,city,6,Jiangsu
Xi’an,34.258,108.929,city,6,Shaanxi
Yangra,28.3917,85.1272,peak,6,Xizang
Yerupajá,-10.2689,-76.9053,peak,6,Peru
Zard Kuh,32.3644,50.0775,peak,6,Iran
Zugspitze,47.421,10.985,peak,6,Germany
Öræfajökull,64.0254,-16.6421,volcano,6,Iceland
Aberdeen Lake,64.5667,-98.95,lake,5,Nunavut
Acamarachi,-23.2958,-67.6172,volcano,5,Chile
Adwa,10.07,40.84,volcano,5,Ethiopia
Aira Caldera,31.65,130.7,volcano,5,Japan
Ajusco,19.2075,-99.2581,volcano,5,Distrito Federal
Akademia Nauk,53.9667,159.45,volcano,5,Kamchatka
Akhtang,55.43,158.65,volcano,5,Kamchatka
Akita-Komagatake,39.7608,140.8036,volcano,5,Japan
Alcedo Volcano,-0.3966,-91.1091,volcano,5,Ecuador
Alexander von Humboldt National Park,20.4967,-74.8579,park,5,Cuba
Alney,56.692,159.6449,volcano,5,Kamchatka
Amadjuak Lake,64.9833,-71.1833,lake,5,Nunavut
Ambang,0.7575,124.4158,volcano,5,Indonesia
Amboseli National Park,-2.65,37.25,park,5,Kenya
Amery Ice Shelf,-69.75,71.0,glacier,5,Antarctica
Ampato,-15.8206,-71.88,volcano,5,Peru
Amundsen Glacier,-85.5833,-159.0,glacier,5,Antarctica
Ankaratra,-19.3498,47.2433,volcano,5,Madagascar
Antarctic ice sheet,-90.0,0.0,glacier,5,Antarctica
Antofagasta de la Sierra,-25.9681,-67.5358,volcano,5,Argentina
Antuco,-37.41,-71.3511,volcano,5,Chile
Aracar,-24.29,-67.7833,volcano,5,Argentina
Arches National Park,38.7281,-109.54,park,5,Utah
Argentière Glacier,45.9603,6.9794,glacier,5,France
Arnasai Lakes,40.937,66.055,lake,5,Uzbekistan
Asacha,52.355,157.827,volcano,5,Kamchatka
Atlanta,33.749,-84.388,city,5,Georgia
Atsonupuri,44.8072,147.1275,volcano,5,Sakhalin
Aucanquilcha,-21.2208,-68.4683,volcano,5,Chile
Augustine Volcano,59.3633,-153.4333,volcano,5,Alaska
Axel Heiberg Glacier,-85.4167,-163.0,glacier,5,Antarctica
Aydar Lake,40.9167,66.75,lake,5,Uzbekistan
Azhdahak,40.2258,44.9473,volcano,5,Armenia
Badlands National Park,43.75,-102.5,park,5,South Dakota
Bagabag,-4.8,146.2333,volcano,5,Papua New Guinea
Bakening,53.905,158.0667,volcano,5,Kamchatka
Baker Lake,64.1667,-95.5,lake,5,Nunavut
Baluan Island,-2.55,147.2833,volcano,5,Papua New Guinea
Banc d'Arguin National Park,20.2347,-16.1089,park,5,Mauritania
Band-e Amir National Park,34.8397,67.2308,park,5,Afghanistan
Beardmore Glacier,-83.75,171.0,glacier,5,Antarctica
Becharof Lake,57.9522,-156.3761,lake,5,Alaska
Beloye Lake,60.1667,37.6333,lake,5,Vologda
Białowieża National Park,52.7667,23.8667,park,5,Poland
Bosten Lake,42.0,87.0,lake,5,Xinjiang
Bras d'Or Lake,45.8603,-60.7789,lake,5,Nova Scotia
Bratsk Reservoir,56.25,101.75,lake,5,Irkutsk
Breiðafjörður,65.2192,-23.2918,coast,5,Iceland
Brokopondo Reservoir,4.8406,-55.0731,lake,5,Suriname
Brunt Ice Shelf,-75.6667,-25.0,glacier,5,Antarctica
Buckle Island,-66.7833,163.25,volcano,5,Antarctica
Bukhtarma Reservoir,48.9019,83.5142,lake,5,Kazakhstan
Business Bay,25.185,55.27,city,5,United Arab Emirates
Byrd Glacier,-80.3333,159.0,glacier,5,Antarctica
Cabaray,-19.1458,-68.6983,volcano,5,Bolivia
Cahora Bassa Reservoir,-15.6667,31.8333,lake,5,Mozambique
Caichinque,-23.95,-67.7333,volcano,5,Chile
Callaqui,-37.9167,-71.45,volcano,5,Chile
Canada Glacier,-77.6167,162.9833,glacier,5,Antarctica
Canaima National Park,5.3193,-61.7954,park,5,Venezuela
Caniapiscau Reservoir,54.6667,-69.9833,lake,5,Québec
Carlsbad Caverns National Park,32.1753,-104.4439,park,5,New Mexico
Cedar Lake,53.3667,-100.0,lake,5,Manitoba
Central Island,3.5,36.05,volcano,5,Kenya
Cerro Azul,-35.6533,-70.7608,volcano,5,Chile
Cerro Bayo Complex,-25.4167,-68.5833,volcano,5,Argentina
Cerro El Cóndor,-26.6309,-68.3614,volcano,5,Argentina
Cerro Paniri,-22.0592,-68.2283,volcano,5,Chile
Cerro Tuzgle,-24.056,-66.479,volcano,5,Argentina
Chachani,-16.1942,-71.5317,volcano,5,Peru
Chagulak Island,52.5722,-171.1414,volcano,5,Alaska
Chapada dos Veadeiros National Park,-14.0833,-47.6667,park,5,Goiás
Cheboksary Reservoir,56.3,46.7167,lake,5,Mariy-El
Chikurachki,50.3217,155.4617,volcano,5,Sakhalin
Chiles volcano,0.8211,-77.935,volcano,5,Ecuador
Chilika Lake,19.7167,85.3167,lake,5,Odisha
Chobe National Park,-18.65,24.4,park,5,Botswana
Chott Ech Chergui,34.35,0.5,lake,5,Algeria
Chott Merouane,33.9742,6.0585,lake,5,Algeria
Chott el Djerid,33.7,8.4333,lake,5,Tunisia
Cleveland,41.499,-81.695,city,5,Ohio
Cofre de Peru en tanga,19.4919,-97.15,volcano,5,Veracruz
Coiba,7.48,-81.79,park,5,Panama
Comoé National Park,8.8225,-3.5906,park,5,Côte d'Ivoire
Copiapó volcano,-27.3056,-69.1317,volcano,5,Chile
Corcovado Volcano,-43.1931,-72.7928,volcano,5,Chile
Cormorant Lake,54.2514,-100.866,lake,5,Manitoba
Cot Seulawah Agam,5.448,95.658,volcano,5,Indonesia
Cotacachi,0.3608,-78.3492,volcano,5,Ecuador
Cree Lake,57.4833,-106.6333,lake,5,Saskatchewan
Cuicocha,0.3006,-78.3628,volcano,5,Ecuador
Cumbal,0.9558,-77.8833,volcano,5,Colombia
Daisen,35.3711,133.5464,volcano,5,Japan
Daisetsuzan Volcanic Group,43.65,142.85,volcano,5,Japan
Dallas,32.783,-96.807,city,5,Texas
Darial Gorge,42.7447,44.6225,canyon,5,North Ossetia
Darién National Park,7.7361,-77.5472,park,5,Panama
Dawson-Lambton Glacier,-76.1333,-26.75,glacier,5,Antarctica
Denman Glacier,-66.75,99.5,glacier,5,Antarctica
Descabezado Grande,-35.5833,-70.75,volcano,5,Chile
Detroit,42.331,-83.046,city,5,Michigan
Devils Lake,48.0347,-98.9442,lake,5,North Dakota
Dome A,-80.3667,77.35,glacier,5,Antarctica
Dome C,-75.1,123.35,glacier,5,Antarctica
Dome F,-77.5,37.5,glacier,5,Antarctica
Domuyo,-36.6397,-70.433,volcano,5,Argentina
Dongting Lake,29.3167,112.95,lake,5,Hunan
Doña Juana,1.4708,-76.9249,volcano,5,Colombia
Doñana National Park,37.02,-6.44,park,5,Spain
Dubai Investments Park,25.008,55.157,city,5,United Arab Emirates
Dubawnt Lake,63.1,-101.5333,lake,5,Nunavut
Dukono,1.6992,127.8783,volcano,5,Indonesia
East Antarctic Ice Sheet,-80.0,80.0,glacier,5,Antarctica
Ebeko,50.6889,156.015,volcano,5,Sakhalin
Eiríksjökull,64.7733,-20.4094,volcano,5,Iceland
Eldgjá,63.9667,-18.6092,volcano,5,Iceland
Emas National Park,-18.0833,-52.9167,park,5,Goiás
Etosha National Park,-18.7853,16.2639,park,5,Namibia
Everglades,25.5,-80.9,feature,5,Florida
Eyjafjörður,65.85,-18.1333,coast,5,Iceland
Faydat Umm Shuwayjah,30.8433,45.0253,lake,5,Iraq
Faydat al Jawbu,31.3464,43.5756,lake,5,Iraq
Filchner-Ronne Ice Shelf,-77.8592,-61.2992,glacier,5,
Fimbul Ice Shelf,-70.5,-0.1667,glacier,5,Antarctica
Fiordland National Park,-45.386,167.347,park,5,New Zealand
Firth of Forth,56.1667,-2.75,coast,5,UK
Fort Jesus Museum,-4.0712,39.6821,park,5,Kenya
Fourpeaked Mountain,58.77,-153.6719,volcano,5,Alaska
Fuss Peak,50.2697,155.2475,volcano,5,Sakhalin
Gamalama,0.8072,127.3339,volcano,5,Indonesia
Gangotri Glacier,30.9833,78.9833,glacier,5,Uttarakhand
Garajonay National Park,28.1262,-17.2372,park,5,Spain
Garamba National Park,4.0,29.25,park,5,Democratic Republic of the Congo
Gareloi Volcano,51.7867,-178.8031,volcano,5,Alaska
Geirangerfjord,62.0944,7.0806,coast,5,Norway
Geureudong,4.8105,96.8169,volcano,5,Indonesia
Gir National Park,21.1356,70.7967,park,5,Gujarat
Gods Lake,54.6739,-94.2467,lake,5,Manitoba
Gorky Reservoir,57.4833,42.1,lake,5,Ivanovo
Gouin Reservoir,48.5833,-74.8333,lake,5,Québec
Gowd-e Zerah,29.8353,61.9417,lake,5,Afghanistan
Great Sitkin Volcano,52.0764,-176.1108,volcano,5,Alaska
Gros Morne National Park,49.6894,-57.7381,park,5,Newfoundland and Labrador
Guhkesjávri,68.905,25.1884,lake,5,Norway
Gunung Guntur,-7.1433,107.8397,volcano,5,Indonesia
Gunung Mulu National Park,4.0425,114.8125,park,5,Malaysia
Gunung Muria,-6.6167,110.8833,volcano,5,Indonesia
Gunung Rajabasa,-5.7833,105.625,volcano,5,Indonesia
Gunung Soputanpatepangan,1.112,124.736,volcano,5,Indonesia
Guri Reservoir,7.34,-62.8061,lake,5,Venezuela
Gødstrup Lake,56.1564,8.9056,lake,5,Denmark
Hachimantai,39.9578,140.8542,volcano,5,Japan
Hamun-e Helmand,30.8333,61.6667,lake,5,Iran
Hardangerfjord,60.1667,6.0,coast,5,Norway
Hawaiʻi Volcanoes National Park,19.4008,-155.1236,park,5,Hawaii
Herbert Island,52.7497,-170.1192,volcano,5,Alaska
Herðubreið,65.1833,-16.35,volcano,5,Iceland
Hongze Lake,33.2861,118.5847,lake,5,Jiangsu
Hualālai,19.6922,-155.8672,volcano,5,Hawaii
Hulun Lake,48.9731,117.4356,lake,5,Inner Mongol
Huuhtijärvi,62.3867,28.2433,lake,5,Finland
IJsselmeer,52.8167,5.25,lake,5,Netherlands
Ichkeul National Park,37.1234,9.6554,park,5,Tunisia
Iiruunjärvi,63.0636,24.0321,lake,5,Finland
Iliamna Lake,59.536,-155.024,lake,5,Alaska
Ilulissat Icefjord,69.15,-49.55,coast,5,Greenland
Ironbridge Gorge,52.6264,-2.4728,canyon,5,UK
Irruputuncu,-20.7333,-68.5667,volcano,5,Chile
Isanotski Peaks,54.7686,-163.729,volcano,5,Alaska
Island Lake,53.7833,-94.6667,lake,5,Manitoba
Isluga,-19.15,-68.8333,volcano,5,Chile
Itaipu Reservoir,-25.04,-54.45,lake,5,Paraná
Jakobshavn Glacier,69.9833,-50.1167,glacier,5,Greenland
Jasper National Park,52.8,-117.9,park,5,Alberta
Jaú National Park,-2.1703,-62.6172,park,5,Amazonas
Jim Corbett National Park,29.5333,78.9333,park,5,Uttarakhand
Jiuzhaigou Valley,33.2,103.9,park,5,Sichuan
Kahuzi-Biéga National Park,-2.3148,28.7587,park,5,Democratic Republic of the Congo
Kainji Lake,10.4061,4.5644,lake,5,Nigeria
Kama Reservoir,58.1333,56.35,lake,5,Perm'
Kambalny,51.3,156.8667,volcano,5,Kamchatka
Kao,-19.6667,-175.0167,volcano,5,
Karaca Dağ,37.7114,39.829,volcano,5,Turkey
Karangetang,2.7778,125.4075,volcano,5,Indonesia
Kasba Lake,60.2833,-102.0061,lake,5,Northwest Territories
Keli Ebulobo,-8.82,121.18,volcano,5,Indonesia
Kentur Lokon,1.3581,124.7919,volcano,5,Indonesia
Kevladev National Park,27.1667,77.5167,park,5,Rajasthan
Khan Tengri,42.2108,80.175,peak,5,Kyrgyzstan
Khangar,54.75,157.3667,volcano,5,Kamchatka
Khangchendzonga National Park,27.6563,88.3123,park,5,Sikkim
Khanka,45.0167,132.4167,lake,5,Primor'ye
Khar-Us Lake,48.0353,92.2695,lake,5,Mongolia
Khodutka,52.063,157.703,volcano,5,Kamchatka
Khyargas Nuur,49.1715,93.3478,lake,5,Mongolia
Kluane National Park and Reserve,60.4536,-137.8292,park,5,Yukon
Korovin Volcano,52.3817,-174.1658,volcano,5,Alaska
Krasheninnikov,54.5933,160.2733,volcano,5,Kamchatka
Kremenchuk Reservoir,49.2667,32.6333,lake,5,Ukraine
Krka National Park,43.8019,15.9728,park,5,Croatia
Krýsuvík,63.875,-22.063,volcano,5,Iceland
Kuju Mountains,33.0822,131.2408,volcano,5,Japan
Kumpupintil Lake,-23.5,122.8333,lake,5,Western Australia
Kuybyshev Reservoir,53.45,49.1667,lake,5,Samara
La Garita Caldera,37.7564,-106.9342,volcano,5,Colorado
Lac Bienville,55.0833,-72.8833,lake,5,Québec
Lac Courte Oreilles,45.8833,-91.4167,lake,5,Wisconsin
Lac La Martre,63.3167,-117.95,lake,5,Northwest Territories
Lac Seul,50.4028,-92.4786,lake,5,Ontario
Lac la Ronge,55.1667,-104.75,lake,5,Saskatchewan
Lago Deseado,-54.3756,-68.6083,lake,5,Argentina
Lago Tucuruí,-4.3136,-49.5725,lake,5,Pará
Lagoa Mirim,-32.75,-52.8333,lake,5,Rio Grande do Sul
Lake Abaya,6.236,37.832,lake,5,Ethiopia
Lake Athabasca,59.2667,-109.45,lake,5,Saskatchewan
Lake Ağgöl,40.0056,47.6661,lake,5,Azerbaijan
Lake Bangweulu,-11.0833,29.75,lake,5,Zambia
Lake Barlee,-29.1556,119.5139,lake,5,Western Australia
Lake Biwa,35.255,136.08,lake,5,Japan
Lake Champlain,44.53,-73.33,lake,5,Vermont
Lake Chany,54.8333,77.6667,lake,5,Novosibirsk
Lake Chapala,20.3333,-103.0,lake,5,Jalisco
Lake Chew Bahir,4.6867,36.8517,lake,5,Ethiopia
Lake Chilwa,-15.3,35.7,lake,5,Malawi
Lake Claire,58.5833,-112.0667,lake,5,Alberta
Lake Cowan,-31.7912,121.881,lake,5,Western Australia
Lake Eyasi,-3.6667,35.0833,lake,5,Tanzania
Lake Frome,-30.6167,139.8667,lake,5,South Australia
Lake Gairdner,-31.5667,136.0,lake,5,South Australia
Lake General Carrera/Buenos Aires,-46.4375,-71.715,lake,5,Argentina
Lake Gogebic,46.5,-89.5833,lake,5,Michigan
Lake Hammar,30.7724,47.0016,lake,5,Iraq
Lake Isabella,35.6716,-118.4272,lake,5,California
Lake Kariba,-16.9,28.0,lake,5,Zimbabwe
Lake Kyoga,1.5,33.0,lake,5,Uganda
Lake Mackay,-22.5,128.5833,lake,5,Western Australia
Lake Mai-Ndombe,-2.0,18.33,lake,5,Democratic Republic of the Congo
Lake Malawi National Park,-14.0333,34.8833,park,5,Malawi
Lake Managua,12.3333,-86.4167,lake,5,Nicaragua
Lake Manasarovar,30.6667,81.5,lake,5,Xizang
Lake Manitoba,50.9961,-98.7619,lake,5,Manitoba
Lake Manzala,31.291,32.018,lake,5,Egypt
Lake Melville,53.6822,-59.7486,lake,5,Newfoundland and Labrador
Lake Mistassini,51.0019,-73.6167,lake,5,Québec
Lake Mweru Wantipa,-8.7,29.7667,lake,5,Zambia
Lake Nigat,10.9244,35.2133,lake,5,Ethiopia
Lake Nipigon,49.8333,-88.5,lake,5,Ontario
Lake Ohrid,41.0333,20.7167,lake,5,North Macedonia
Lake Sacajawea,46.2497,-118.8796,lake,5,Washington
Lake Saint Clair,42.4503,-82.6757,lake,5,Ontario
Lake St. John,48.5944,-72.03,lake,5,Québec
Lake Tengiz,50.4397,68.9,lake,5,Kazakhstan
Lake Tharthar,33.9667,43.1833,lake,5,Iraq
Lake Tuz,38.8333,33.3333,lake,5,Turkey
Lake Volta,7.4006,0.1947,lake,5,Ghana
Lake Winnipegosis,52.5,-100.0,lake,5,Manitoba
Lake Woods,-17.8389,133.454,lake,5,Northern Territory
Lake Zaysan,48.0,84.0,lake,5,Kazakhstan
Lakes Argyle and Kununurra Ramsar Site,-16.3167,128.733,lake,5,Western Australia
Lambert Glacier,-71.0,70.0,glacier,5,Antarctica
Lars Christensen Peak,-68.8333,-90.6167,volcano,5,Antarctica
Larsen Ice Shelf,-67.5,-62.5,glacier,5,Antarctica
Las Cumbres,-0.37,-91.5433,volcano,5,Ecuador
Lascar,-23.3667,-67.7464,volcano,5,Chile
Lautaro,-49.019,-73.504,volcano,5,Chile
Lençóis Maranhenses National Park,-2.4833,-43.1333,park,5,Maranhão
Lesser Slave Lake,55.4406,-115.4886,lake,5,Alberta
Leverett Glacier,-85.6333,-147.583,glacier,5,Antarctica
Lewotobi,-8.5333,122.7667,volcano,5,Indonesia
Linzor,-22.15,-67.9667,volcano,5,Chile
Lonquimay,-38.3792,-71.5899,volcano,5,Chile
Lopevi,-16.8333,168.5,volcano,5,Vanuatu
Los Katíos National Park,7.8,-77.15,park,5,Colombia
Mahaiganyanhu,38.3,94.1833,lake,5,Qinghai
Makian,0.3333,127.3667,volcano,5,Indonesia
Malinche,19.2308,-98.0319,volcano,5,Tlaxcala
Mammoth Cave National Park,37.1869,-86.1011,park,5,Kentucky
Mana Pools,-15.75,29.3333,park,5,Zambia
Manas National Park,26.7167,90.9333,park,5,Assam
Manovo-Gounda St. Floris National Park,8.5,21.5,park,5,Central African Republic
Marion Island,-46.9061,37.7369,volcano,5,South Africa
Mascarin Peak,-46.7,37.5,volcano,5,South Africa
Matanuska Glacier,61.6558,-147.581,glacier,5,Alaska
McMurdo Ice Shelf,-78.0,167.0,glacier,5,Antarctica
Menengai,-0.2,36.0667,volcano,5,Kenya
Mentolat,-44.6967,-73.0758,volcano,5,Chile
Merelava,-14.4639,168.0383,volcano,5,Vanuatu
Michinmahuida,-42.7992,-72.4458,volcano,5,Chile
Minnesota Glacier,-79.0,-83.0,glacier,5,Antarctica
Miñiques Volcano,-23.8167,-67.7667,volcano,5,Chile
Mont Ross,-49.6,69.5,volcano,5,French Southern and Antarctic Lands
Monte Burney,-52.3272,-73.3708,volcano,5,Chile
Montejaque reservoir,36.7539,-5.2431,lake,5,Spain
Montréal,45.509,-73.588,city,5,Québec
Morne Diablotins,15.5033,-61.3972,volcano,5,Dominica
Morne Watt,15.307,-61.305,volcano,5,Dominica
Mount Adatara,37.6333,140.2833,volcano,5,Japan
Mount Akagi,36.5608,139.1936,volcano,5,Japan
Mount Akutan,54.1331,-165.9856,volcano,5,Alaska
Mount Alayta,12.8881,40.5719,volcano,5,Ethiopia
Mount Amagi,34.8628,139.0017,volcano,5,Japan
Mount Aniakchak,56.9072,-158.1489,volcano,5,Alaska
Mount Arayat,15.2,120.742,volcano,5,Philippines
Mount Awu,3.6813,125.4539,volcano,5,Indonesia
Mount Ayalu,10.0822,40.7017,volcano,5,Ethiopia
Mount Bachelor,43.9792,-121.6883,volcano,5,Oregon
Mount Belinda,-58.4333,-26.3333,volcano,5,South Georgia and the Islands
Mount Bental,33.1281,35.7856,volcano,5,Israel
Mount Besar,-4.4372,103.6714,volcano,5,Indonesia
Mount Bosavi,-6.6142,142.8267,volcano,5,Papua New Guinea
Mount Chōkai,39.0992,140.0489,volcano,5,Japan
Mount Douglas,58.86,-153.533,volcano,5,Alaska
Mount Egon,-8.6667,122.45,volcano,5,Indonesia
Mount Eniwa,42.7933,141.2856,volcano,5,Japan
Mount Fentale,8.9667,39.9333,volcano,5,Ethiopia
Mount Gamkonora,1.38,127.53,volcano,5,Indonesia
Mount Gassan,38.5456,140.0269,volcano,5,Japan
Mount Gede,-6.7883,106.9817,volcano,5,Indonesia
Mount Hermon,33.4,35.85,peak,5,Syria
Mount Hibok-Hibok,9.2006,124.6681,volcano,5,Philippines
Mount Hokkaido Koma,42.0633,140.6772,volcano,5,Japan
Mount Hudson,-45.92,-72.95,volcano,5,Chile
Mount Iraya,20.4664,122.0117,volcano,5,Philippines
Mount Isarog,13.6592,123.3733,volcano,5,Philippines
Mount Iwaki,40.6533,140.3067,volcano,5,Japan
Mount Kalatungan,7.955,124.8025,volcano,5,Philippines
Mount Kanaga,51.9233,-177.1681,volcano,5,Alaska
Mount Kawi,-7.92,112.45,volcano,5,Indonesia
Mount Klabat,1.4533,125.0308,volcano,5,Indonesia
Mount Kupe,4.801,9.707,volcano,5,Cameroon
Mount Kusatsu-Shirane,36.6453,138.5283,volcano,5,Japan
Mount Liamuiga,17.3667,-62.8,volcano,5,Saint Kitts and Nevis
Mount Makiling,14.13,121.2,volcano,5,Philippines
Mount Manengouba,5.03,9.83,volcano,5,Cameroon
Mount Matutum,6.4333,125.1083,volcano,5,Philippines
Mount Meakan,43.3861,144.0089,volcano,5,Japan
Mount Nantai,36.7619,139.4939,volcano,5,Japan
Mount Okmok,53.43,-168.13,volcano,5,Alaska
Mount Parnassus,38.533,22.6167,peak,5,Greece
Mount Ragang,7.6944,124.5075,volcano,5,Philippines
Mount Rausu,44.0758,145.1225,volcano,5,Japan
Mount Rishiri,45.1786,141.2419,volcano,5,Japan
Mount Salak,-6.7158,106.7336,volcano,5,Indonesia
Mount Shari,43.7656,144.7181,volcano,5,Japan
Mount Sibayak,3.2392,98.5056,volcano,5,Indonesia
Mount Sindoro,-7.3011,109.9967,volcano,5,Indonesia
Mount Spurr,61.2997,-152.2514,volcano,5,Alaska
Mount Suswa,-1.0495,36.3335,volcano,5,Kenya
Mount Tai,36.2667,117.1,peak,5,Shandong
Mount Talamau,0.0792,99.9833,volcano,5,Indonesia
Mount Talang,-0.986,100.6925,volcano,5,Indonesia
Mount Tarumae,42.69,141.3781,volcano,5,Japan
Mount Tendürek,39.3549,43.867,volcano,5,Turkey
Mount Tokachi,43.4178,142.6862,volcano,5,Japan
Mount Wilis,-7.808,111.758,volcano,5,Indonesia
Mountain Karang,-6.2692,106.05,volcano,5,Indonesia
Mountain Patuha,-7.1603,107.4,volcano,5,Indonesia
Mountain Tampomas,-6.77,107.95,volcano,5,Indonesia
Mutnovsky,52.453,158.195,volcano,5,Kamchatka
Nahanni National Park Reserve,61.5971,-125.852,park,5,Northwest Territories
Nairobi National Park,-1.3733,36.8589,park,5,Kenya
Namtso,30.7208,90.4681,lake,5,Xizang
Nettilling Lake,66.4833,-70.3333,lake,5,Nunavut
Neusiedl Lake,47.8333,16.75,lake,5,Austria
Nevado del Quindío,4.7156,-75.3883,glacier,5,Colombia
Nizhnekamsk Reservoir,55.8833,52.75,lake,5,Tatarstan
Noel Kempff Mercado National Park,-14.2303,-60.8467,park,5,Bolivia
Northern Patagonian Ice Field,-47.0,-73.5,glacier,5,Chile
Novosibirsk Reservoir,54.7569,82.8928,lake,5,Novosibirsk
Nueltin Lake,59.9993,-99.8339,lake,5,Manitoba
Nærøyfjord,60.9436,6.9314,coast,5,Norway
O'Higgins/San Martín Lake,-48.8333,-72.6,lake,5,Argentina
Ollagüe,-21.3025,-68.1792,volcano,5,Bolivia
Opinaca Reservoir,52.6494,-76.3317,lake,5,Québec
Pantelleria Island,36.7833,12.0,volcano,5,Italy
Paradise,36.097,-115.147,city,5,Nevada
Paris 16 Passy,48.864,2.277,city,5,France
Payun Matru,-36.42,-69.2,volcano,5,Argentina
Petrified Forest National Park,35.0881,-109.806,park,5,Arizona
Philadelphia,39.952,-75.164,city,5,Pennsylvania
Pine Island Glacier,-75.1667,-100.0,glacier,5,Antarctica
Porak,40.02,45.78,volcano,5,Armenia
Potanin Glacier,49.14,87.92,glacier,5,Mongolia
Puerto Princesa Subterranean River National Park,10.1667,118.9167,park,5,Philippines
Puracé,2.3142,-76.3942,volcano,5,Colombia
Purnululu National Park,-17.4488,128.5461,park,5,Western Australia
Päijänne,61.5081,25.3791,lake,5,Finland
Qarhan Playa,37.0195,95.1636,lake,5,Qinghai
Quebrada de Humahuaca,-23.1999,-65.3489,canyon,5,Argentina
Red Lake,48.0735,-95.029,lake,5,Minnesota
Reindeer Lake,57.25,-102.2503,lake,5,Saskatchewan
Reventador,-0.0769,-77.6561,volcano,5,Ecuador
Riiser-Larsen Ice Shelf,-72.6667,-16.0,glacier,5,Antarctica
Rincón de la Vieja Volcano,10.83,-85.3239,volcano,5,Costa Rica
Robert-Bourassa Reservoir,53.75,-77.0,lake,5,Québec
Rock Islands Southern Lagoon,7.2469,134.3525,lake,5,Palau
Rocky Mountain National Park,40.35,-105.6833,park,5,Colorado
Rukwa Lake,-8.0,32.35,lake,5,Tanzania
Rybinsk Reservoir,58.3667,38.4333,lake,5,Yaroslavl'
Réservoir La Grande 3,53.7675,-75.5008,lake,5,Québec
Réservoir Laforge 1,54.3511,-72.1394,lake,5,Québec
Sairecabur,-22.7189,-67.8906,volcano,5,Chile
Salar de Coipasa,-19.4333,-68.15,lake,5,Bolivia
Salonga National Park,-2.0,21.0,park,5,Democratic Republic of the Congo
Samariá Gorge National Park,35.2711,23.9614,canyon,5,Greece
San Carlos,3.3561,8.5131,volcano,5,Equatorial Guinea
San José,-33.7817,-69.8972,volcano,5,Chile
Sangeang Api,-8.18,119.05,volcano,5,Indonesia
Saratov Reservoir,52.0514,47.7553,lake,5,Saratov
Sarik Merapi,0.686,99.539,volcano,5,Indonesia
Sarychev Peak,48.0906,153.2014,volcano,5,Sakhalin
Sarygamysh Lake,42.0,57.3333,lake,5,Turkmenistan
Schlei,54.59,9.83,coast,5,Germany
Scoresby Sound,70.5,-25.0,coast,5,Greenland
Sequoia National Park,36.5647,-118.7728,park,5,California
Serra da Capivara National Park,-8.6667,-42.55,park,5,Piauí
Shackleton Glacier,-84.5833,-176.3333,glacier,5,Antarctica
Shackleton Ice Shelf,-66.0,100.0,glacier,5,Antarctica
Shalkarteniz,48.0755,63.1764,lake,5,Kazakhstan
Shatt al Gharsah,34.117,7.8438,lake,5,Tunisia
Sierra Negra,-0.83,-91.17,volcano,5,Ecuador
Siling Lake,31.8333,89.0,lake,5,Xizang
Simien Mountains National Park,13.1833,38.0667,park,5,Ethiopia
Singgalang,-0.3914,100.3311,volcano,5,Indonesia
Skelton Glacier,-78.6935,161.642,glacier,5,Antarctica
Smallwood Reservoir,54.0964,-64.0111,lake,5,Newfoundland and Labrador
Sobradinho Reservoir,-9.6722,-41.5042,lake,5,Bahia
Sognefjord,61.1,5.1667,coast,5,Norway
Solway Firth,54.75,-3.6667,coast,5,UK
Songkhla Lake,7.2,100.4667,lake,5,Thailand
Sotará,2.1081,-76.5919,volcano,5,Colombia
Southern Indian Lake,57.1333,-98.8167,lake,5,Manitoba
Southern Patagonian Ice Field,-49.494,-73.2706,glacier,5,Argentina
Sovetskaya,-77.9667,89.2667,lake,5,Antarctica
Sumaco,-0.5404,-77.6266,volcano,5,Ecuador
Sundarbans National Park,21.75,88.75,park,5,West Bengal
Svartisen,66.6333,14.0,glacier,5,Norway
Swiss National Park,46.7,10.095,park,5,Switzerland
Syvash Bay,46.0833,34.3333,lake,5,Ukraine
Taapaca,-18.1128,-69.5075,volcano,5,Chile
Tacora,-17.7167,-69.7667,volcano,5,Chile
Tanaga,51.8839,-178.1414,volcano,5,Alaska
Tanghe Shuiku,35.9047,114.2747,lake,5,Henan
Tarso Toussidé,21.0408,16.4736,volcano,5,Chad
Tatra National Park,49.1803,19.9194,park,5,Slovakia
Taunshits,54.5333,159.8,volcano,5,Kamchatka
Taymyr,74.5333,101.6333,lake,5,Krasnoyarsk
Taï National Park,5.75,-7.12,park,5,Côte d'Ivoire
Tecuamburro,14.1561,-90.4069,volcano,5,Guatemala
Telica,12.6019,-86.845,volcano,5,Nicaragua
Three Gorges Reservoir Region,31.044,109.782,lake,5,Chongqing
Tinguiririca Volcano,-34.8182,-70.3503,volcano,5,Chile
Tongariro National Park,-39.2,175.5833,park,5,New Zealand
Torres del Paine National Park,-50.9831,-72.9664,park,5,Chile
Tres Vírgenes,27.4697,-112.591,volcano,5,Baja California Sur
Tromen,-37.142,-70.03,volcano,5,Argentina
Trondheimsfjord,63.5,10.4667,coast,5,Norway
Três Marias Reservoir,-18.6339,-45.2417,lake,5,Minas Gerais
Tsimlyansk Reservoir,47.8333,42.8333,lake,5,Volgograd
Tulare Lake,36.0666,-119.751,lake,5,California
Tunka valley,51.5,102.5,volcano,5,Buryat
Tunupa volcano,-19.83,-67.64,volcano,5,Bolivia
Turrialba,10.0333,-83.7667,volcano,5,Costa Rica
Tutupaca,-17.0264,-70.3717,volcano,5,Peru
Tyatya,44.3541,146.251,volcano,5,Sakhalin
Ubinas,-16.3486,-70.9022,volcano,5,Peru
Ulungur Lake,47.25,87.3167,lake,5,Xinjiang
Upsala Glacier,-49.7603,-73.2754,glacier,5,Argentina
Uturuncu,-22.2645,-67.1869,volcano,5,Bolivia
Valley of Flowers National Park,30.73,79.6175,park,5,Uttarakhand
Varangerfjord,70.0911,29.0087,coast,5,Norway
Vembanad,9.85,76.35,lake,5,Kerala
Viedma Lake,-49.5833,-72.5,lake,5,Argentina
Volcán Maipo,-34.1639,-69.8322,volcano,5,Argentina
Volcán San Cristóbal,12.7035,-87.0062,volcano,5,Nicaragua
Volgograd Reservoir,49.3728,45.0181,lake,5,Volgograd
Votkinsk Reservoir,57.1667,55.0,lake,5,Perm'
Vygozero,63.6167,34.7,lake,5,Karelia
W National Park,12.35,2.355,park,5,Niger
Warsaw,52.23,21.012,city,5,Poland
West Antarctic Ice Sheet,-80.0,-120.0,glacier,5,Antarctica
West Ice Shelf,-66.6667,85.0,glacier,5,Antarctica
Williston Lake,56.0,-124.0,lake,5,British Columbia
Wiyâshâkimî Lake,56.1119,-74.4336,lake,5,Québec
Wollaston Lake,58.2503,-103.2506,lake,5,Saskatchewan
Wood Buffalo National Park,59.3833,-112.983,park,5,Alberta
Wrangell–St. Elias National Park and Preserve,61.435,-142.9536,park,5,Alaska
Yate,-41.7589,-72.4003,volcano,5,Chile
Yathkyed Lake,62.6667,-97.9667,lake,5,Nunavut
Yoho National Park,51.3953,-116.487,park,5,British Columbia
Yucamane,-17.18,-70.2,volcano,5,Peru
Zheltovsky,51.5771,157.3281,volcano,5,Kamchatka
Þrándarjökull,64.6956,-14.9097,glacier,5,Iceland
Aagaard Glacier,-66.7667,-64.5167,glacier,4,Antarctica
Aaron Glacier,-85.1333,-90.6667,glacier,4,Antarctica
Abbot Ice Shelf,-72.75,-96.0,glacier,4,Antarctica
Abel Tasman National Park,-40.9,172.9715,park,4,New Zealand
Abidjan,5.354,-4.002,city,4,Côte d'Ivoire
Abisko National Park,68.3243,18.6807,park,4,Sweden
"Abruzzo, Lazio and Molise National Park",41.8084,13.7865,park,4,Italy
Absheron National Park,40.2836,50.3594,park,4,Azerbaijan
Aby Lagoon,5.2794,-3.2247,lake,4,Côte d'Ivoire
Academy Glacier,-84.25,-61.0,glacier,4,Antarctica
Acosta Glacier,-71.9667,-100.917,glacier,4,Antarctica
Adams Glacier,-66.8333,109.667,glacier,4,Antarctica
Adie Inlet,-66.4167,-62.3333,coast,4,Antarctica
Adirondacks,44.11,-73.92,range,4,New York
Aeronaut Glacier,-73.2667,163.6,glacier,4,Antarctica
Agalina Glacier,-64.4389,-61.4333,glacier,4,Antarctica
Ahern Glacier,-81.7833,159.167,glacier,4,Antarctica
Ahlmann Glacier,-67.8667,-65.75,glacier,4,Antarctica
Ahmedabad,23.026,72.587,city,4,Gujarat
Ahrnsbrak Glacier,-79.8,-82.3,glacier,4,Antarctica
Aibi Lake,44.9167,82.9167,lake,4,Xinjiang
Airy Glacier,-69.2167,-66.3333,glacier,4,Antarctica
Aitkenhead Glacier,-63.95,-58.7333,glacier,4,Antarctica
Akagera National Park,-1.6333,30.7833,park,4,Rwanda
Akebono Glacier,-68.1167,42.8833,glacier,4,Antarctica
Alam-Kuh,36.3758,50.9625,peak,4,Iran
Albanus Glacier,-85.8667,-151.0,glacier,4,Antarctica
Albone Glacier,-64.2167,-59.7,glacier,4,Antarctica
Albrecht Penck Glacier,-76.6667,162.333,glacier,4,Antarctica
Alexandria,31.202,29.916,city,4,Egypt
Algarve coast,37.08,-8.2,coast,4,Portugal
Algie Glacier,-82.1333,162.083,glacier,4,Antarctica
Alt Glacier,-71.1,162.517,glacier,4,Antarctica
Altafjord,69.99,23.3242,coast,4,Norway
Altarduken Glacier,-71.65,11.4333,glacier,4,Antarctica
Altyn-Emel National Park,44.0,78.8,park,4,Kazakhstan
Alvand,34.6642,48.4867,peak,4,Iran
Alyabiev Glacier,-71.7,-72.6667,glacier,4,Antarctica
Ambergris Glacier,-65.7167,-62.6167,glacier,4,Antarctica
Amisk Lake,54.5833,-102.2503,lake,4,Saskatchewan
Ammassalik Fjord,65.8333,-37.05,coast,4,Greenland
Amne Machin,34.7983,99.4625,peak,4,Qinghai
Andfjorden,69.056,16.0519,coast,4,Norway
Angikuni Lake,62.3333,-100.0,lake,4,Nunavut
Angilaaq Mountain,73.2283,-78.6208,peak,4,Nunavut
Angna Mountain,66.5575,-62.0208,peak,4,Nunavut
Anna Glacier,-62.0333,-58.2,glacier,4,Antarctica
Anuchin Glacier,-71.2833,13.5167,glacier,4,Antarctica
Apfel Glacier,-66.4167,100.583,glacier,4,Antarctica
Aphrodite Glacier,-68.7833,-64.5333,glacier,4,Antarctica
Arago Glacier,-64.85,-62.3833,glacier,4,Antarctica
Arc Dome,38.8327,-117.353,peak,4,Nevada
Arena Glacier,-63.4,-57.05,glacier,4,Antarctica
Argentina Glacier,-62.6833,-60.4,glacier,4,Antarctica
Argonaut Glacier,-73.2167,166.7,glacier,4,Antarctica
Argosy Glacier,-83.1333,157.5833,glacier,4,Antarctica
Armstrong Glacier,-71.5167,-67.5,glacier,4,Antarctica
Arnarfjörður,65.7618,-23.7167,coast,4,Iceland
Arnavad Peak,38.5653,71.5225,peak,4,Tajikistan
Arthur Glacier,-77.05,-145.25,glacier,4,Antarctica
Artillery Lake,63.1667,-107.8667,lake,4,Northwest Territories
Asafiev Glacier,-71.0833,-70.75,glacier,4,Antarctica
Ashuanipi Lake,52.75,-66.2494,lake,4,Newfoundland and Labrador
Ashworth Glacier,-85.0267,169.265,glacier,4,Antarctica
Assender Glacier,-67.6,46.4167,glacier,4,Antarctica
Astafjorden,68.7875,17.2445,coast,4,Norway
Astrolabe Glacier,-66.75,139.917,glacier,4,Antarctica
Atatürk Reservoir,37.5738,38.591,lake,4,Turkey
Atikonak Lake,52.6667,-64.5325,lake,4,Newfoundland and Labrador
Atkinson Glacier,-71.5,167.417,glacier,4,Antarctica
Atlin Lake,60.0133,-133.8308,lake,4,Yukon
Attlee Glacier,-66.2167,-63.7667,glacier,4,Antarctica
Aubry Lake,67.4001,-126.4521,lake,4,Northwest Territories
Aukštaitija National Park,55.3711,26.0067,park,4,Lithuania
Aulavik National Park,73.7003,-119.919,park,4,Northwest Territories
Auster Glacier,-67.2,50.75,glacier,4,Antarctica
Austin,30.267,-97.743,city,4,Texas
Austreskorve Glacier,-71.8333,5.6667,glacier,4,Antarctica
Aveiro Lagoon,40.6849,-8.6557,lake,4,Portugal
Aviator Glacier,-73.8333,165.05,glacier,4,Antarctica
Avsyuk Glacier,-67.1167,-67.25,glacier,4,Antarctica
Aylmer Lake,64.1333,-108.5,lake,4,Northwest Territories
Azimuthbjerg,63.4325,-41.6642,peak,4,Greenland
Aýrybaba,37.8333,66.5667,peak,4,Uzbekistan
Babadağ,36.5303,29.1809,peak,4,Turkey
Babine Lake,54.75,-126.0,lake,4,British Columbia
Bader Glacier,-67.6167,-66.75,glacier,4,Antarctica
Baga Bogd,44.8967,101.5767,peak,4,Mongolia
Baghdad,33.341,44.401,city,4,Iraq
Bahaya,11.2833,49.7667,peak,4,Somalia
Baiyang Lake,38.85,116.0,lake,4,Hebei
Balchen Glacier,-76.3833,-145.167,glacier,4,Antarctica
Balish Glacier,-79.4167,-84.5,glacier,4,Antarctica
Balsfjorden,69.4749,18.9349,coast,4,Norway
Baltimore,39.29,-76.612,city,4,Maryland
Bandhavgarh National Park,23.6994,80.9619,park,4,Madhya Pradesh
Bao'an,22.552,113.883,city,4,Guangdong
Barber Glacier,-70.4333,162.75,glacier,4,Antarctica
Barcus Glacier,-74.25,-62.0,glacier,4,Antarctica
Bardiya National Park,28.47,81.47,park,4,Nepal
Barnett Glacier,-70.9833,167.5,glacier,4,Antarctica
Barrett Glacier,-84.6167,-174.167,glacier,4,Antarctica
Barsakelmes Lake,46.2,59.6,lake,4,Kazakhstan
Bartrum Glacier,-79.7333,158.733,glacier,4,Antarctica
Bartók Glacier,-69.6333,-71.0,glacier,4,Antarctica
Bashful Peak,61.3075,-148.8697,peak,4,Alaska
Baskatong Reservoir,46.8,-75.8,lake,4,Québec
Batnfjorden,62.9064,7.7016,coast,4,Norway
Battye Glacier,-70.8697,67.7592,glacier,4,Antarctica
Bayano Lake,9.15,-78.76,lake,4,Panama
Beaman Glacier,-70.9667,164.633,glacier,4,Antarctica
Beaver Glacier,-83.6667,169.8333,glacier,4,Antarctica
Beitstadfjorden,63.9341,11.0809,coast,4,Norway
Bellsund,77.6667,14.25,coast,4,Norway
Bengaluru,12.972,77.594,city,4,Karnataka
Berill Mountain,62.3958,141.3267,peak,4,Sakha (Yakutia)
Bernardo O'Higgins National Park,-50.0,-74.0,park,4,Chile
Berry Glacier,-75.0,-134.0,glacier,4,Antarctica
Bhalu Lek,28.9833,82.4,peak,4,Nepal
Bicaz Canyon,46.812,25.8189,canyon,4,Romania
Bieler Lake,70.3833,-73.0833,lake,4,Nunavut
Big Moose Lake,43.8294,-74.8512,lake,4,New York
Big Trout Lake,53.7833,-90.0072,lake,4,Ontario
Bingham Glacier,-69.3833,-63.1667,glacier,4,Antarctica
Biogradska Gora,42.8981,19.6019,park,4,Montenegro
Bistcho Lake,59.7425,-118.845,lake,4,Alberta
Bjarnarfjörður,65.77,-21.4271,coast,4,Iceland
Bjugnfjorden,63.7434,9.5786,coast,4,Norway
Black Glacier,-71.6667,164.7,glacier,4,Antarctica
Black Lake,59.2,-105.25,lake,4,Saskatchewan
Blackwall Glacier,-86.1667,-159.667,glacier,4,Antarctica
Blaiklock Glacier,-80.5,-29.85,glacier,4,Antarctica
Blue Glacier,-77.8333,164.1667,glacier,4,Antarctica
Blue Mountains National Park,-33.7972,150.4453,park,4,New South Wales
Blue Ridge,37.5,-79.5,range,4,Virginia
Bluenose Lake,68.4667,-119.75,lake,4,Nunavut
Blyde River Canyon,-24.5639,30.8075,canyon,4,South Africa
Blåmannsisen,67.25,16.0667,glacier,4,Norway
Boboiob,40.8489,70.3433,peak,4,Tajikistan
Bogotá,4.61,-74.082,city,4,Colombia
Boknafjord,59.1667,5.5333,coast,4,Norway
Bolon,49.8614,136.4653,lake,4,Khabarovsk
Boom Gorge,42.5833,75.8,canyon,4,Kyrgyzstan
Borah Peak,44.1374,-113.7811,peak,4,Idaho
Borchgrevink Glacier,-73.0667,168.5,glacier,4,Antarctica
Borchgrevinkisen,-72.1667,21.5,glacier,4,Antarctica
Borgarfjörður,64.4932,-22.0253,coast,4,Iceland
Borgarfjörður Eystri,65.5435,-13.7841,coast,4,Iceland
Borjomi Gorge,41.8481,43.41,canyon,4,Georgia
Bosque Fray Jorge National Park,-30.6625,-71.6828,park,4,Chile
Boston,42.358,-71.06,city,4,Massachusetts
Botev Peak,42.7167,24.9333,peak,4,Bulgaria
Bou-Hedma National Park,34.4167,9.5,park,4,Tunisia
Bowin Glacier,-84.8833,177.333,glacier,4,Antarctica
Brandau Glacier,-84.9,173.5,glacier,4,Antarctica
Brandberg,-21.1495,14.5775,peak,4,Namibia
Brisbane,-27.468,153.028,city,4,Queensland
Brofjorden,58.3601,11.4286,coast,4,Sweden
Brown Peak,-67.4333,164.7667,peak,4,Antarctica
Brunonia Glacier,-54.05,-37.4833,glacier,4,South Georgia and the Islands
Buenos Aires,-34.613,-58.377,city,4,Argentina
Buffalo,42.886,-78.878,city,4,New York
Buffalo Lake,60.2333,-115.4333,lake,4,Northwest Territories
Buir Lake,47.8069,117.6922,lake,4,Mongolia
Bukadaban Feng,36.0242,90.8658,peak,4,Xinjiang
Bumhpa Bum,26.6833,97.2333,peak,4,Myanmar
Bundala National Park,6.2139,81.225,park,4,Sri Lanka
Bunnefjorden,59.8337,10.7257,coast,4,Norway
Bunner Glacier,-74.4667,-110.667,glacier,4,Antarctica
Butrint National Park,39.7461,20.0203,park,4,Albania
Buyu Balease,-2.4069,120.5421,peak,4,Indonesia
Bénoué National Park,8.3333,13.8333,park,4,Cameroon
Bøkfjorden,69.7656,30.0991,coast,4,Norway
Bømlafjorden,59.6333,5.2833,coast,4,Norway
Børgefjell National Park,65.1833,13.9,park,4,Norway
Cabañeros National Park,39.3964,-4.4872,park,4,Spain
Cabonga Reservoir,47.3325,-76.5769,lake,4,Québec
Cadman Glacier,-65.6167,-63.7833,glacier,4,Antarctica
Cairngorms National Park,57.0833,-3.6667,park,4,UK
Cairo,30.063,31.25,city,4,Egypt
Calgary,51.05,-114.085,city,4,Alberta
Cambridge Glacier,-76.95,160.517,glacier,4,Antarctica
Canham Glacier,-71.8167,163.0,glacier,4,Antarctica
Canyon Glacier,-83.95,175.417,glacier,4,Antarctica
Capitol Reef National Park,38.2,-111.167,park,4,Utah
Cardiel Lake,-48.95,-71.2167,lake,4,Argentina
Carlson Glacier,-69.4167,-68.05,glacier,4,Antarctica
Carroll Inlet,-73.3,-78.5,coast,4,Antarctica
Casa de Piedra Reservoir,-38.2547,-67.3756,lake,4,Argentina
Cerro El Centinela (Torreón),25.1375,-103.2304,peak,4,Coahuila
Cerro El Potosí,24.8717,-100.2325,peak,4,Nuevo León
Cerro El Toro,-29.13,-69.7867,peak,4,Argentina
Cerro Las Conchas,18.7216,-102.9742,peak,4,Michoacán
Cerro Peña Nevada,23.7709,-99.8611,peak,4,Nuevo León
Cerro Tía Chena,26.1194,-100.5569,peak,4,Nuevo León
Chagan Lake,45.2333,124.2833,lake,4,Jilin
Chamechaude,45.2878,5.7883,peak,4,France
Changla,30.1375,82.1958,peak,4,Xizang
Chaos Glacier,-69.0167,78.0,glacier,4,Antarctica
Charlotte,35.227,-80.843,city,4,North Carolina
Charybdis Glacier,-70.4167,67.5,glacier,4,Antarctica
Charyn Canyon,43.3619,79.0906,canyon,4,Kazakhstan
Chatsquot Mountain,53.1422,-127.4772,peak,4,British Columbia
Chaupi Orco,-14.6533,-69.2283,peak,4,Bolivia
Chavez Glacier,-73.9167,-101.25,glacier,4,Antarctica
Cheekha Dar,36.7753,44.9186,peak,4,Iran
Cherangany Hills,1.2517,35.4505,peak,4,Kenya
Chiemsee,47.87,12.45,lake,4,Germany
Chiribiquete National Park,0.7006,-72.8054,park,4,Colombia
Chiricahua Peak,31.8459,-109.2913,peak,4,Arizona
Chott el Hodna,35.4417,4.7667,lake,4,Algeria
Christensen Glacier,-54.4667,3.4,glacier,4,
Christiaensen Glacier,-71.5333,35.6167,glacier,4,Antarctica
Churchill Lake,55.9964,-108.3215,lake,4,Saskatchewan
"Cilento, Vallo di Diano and Alburni National Park",40.2,15.2,park,4,Italy
Cima Brenta,46.18,10.8992,peak,4,Italy
Clarke Glacier,-68.8,-66.9333,glacier,4,Antarctica
Clarke Glacier,-75.1833,-139.1,glacier,4,Antarctica
Clarke Glacier,-75.4,162.0833,glacier,4,Antarctica
Cleaves Glacier,-82.95,165.0,glacier,4,Antarctica
Clinton-Colden Lake,63.9667,-107.4667,lake,4,Northwest Territories
Col Nudo,46.2289,12.4014,peak,4,Italy
Cold Lake,54.5501,-110.0008,lake,4,Alberta
Coleman Glacier,-75.7833,-132.55,glacier,4,Antarctica
Columbia Glacier,61.2197,-146.895,glacier,4,Alaska
Columbus,39.961,-82.999,city,4,Ohio
Concordia Subglacial Lake,-74.1,125.15,lake,4,Antarctica
Congaree National Park,33.7833,-80.7833,park,4,South Carolina
Conger Glacier,-66.0333,103.55,glacier,4,Antarctica
Connemara National Park,53.5511,-9.9447,park,4,Ireland
Contwoyto Lake,65.6,-110.6167,lake,4,Nunavut
Cook Ice Shelf,-68.6667,152.5,glacier,4,Antarctica
Cooke Glacier,-72.7333,-88.5667,glacier,4,Antarctica
Corcovado National Park,8.55,-83.5833,park,4,Costa Rica
Cornwall Glacier,-80.7833,-26.2667,glacier,4,Antarctica
Cornwall coast,50.2,-5.3,coast,4,UK
Craters of the Moon,43.417,-113.517,volcano,4,Idaho
Crazy Peak,46.018,-110.2768,peak,4,Montana
Cross Lake,54.7483,-97.5019,lake,4,Manitoba
Crosson Ice Shelf,-74.95,-109.5,glacier,4,Antarctica
Curonian Spit National Park,55.481,21.097,park,4,Lithuania
Cát Tiên National Park,11.3472,107.1514,park,4,Vietnam
Cévennes National Park,44.2,3.4,park,4,France
Dadès Gorges,31.5833,-5.9,canyon,4,Morocco
Danmark Fjord,81.0757,-22.0227,coast,4,Greenland
Danube Bend,47.8,18.95,feature,4,Hungary
Dar es Salaam,-6.823,39.27,city,4,Tanzania
Dargomyzhsky glacier,-71.8333,-70.8333,glacier,4,Antarctica
Dauphin Lake,51.2696,-99.7792,lake,4,Manitoba
Davidson Glacier,59.0817,-135.4725,glacier,4,Alaska
Deception Glacier,-78.55,158.55,glacier,4,Antarctica
Delhi,28.652,77.231,city,4,Delhi
Denver,39.739,-104.985,city,4,Colorado
Deosai National Park,35.0189,75.4144,park,4,Pakistan
Deschambault Lake,54.7548,-103.5153,lake,4,Saskatchewan
Desembarco del Granma National Park,19.8833,-77.6333,park,4,Cuba
Deseret Peak,40.4595,-112.6263,peak,4,Utah
Devils Paw,58.7308,-133.8397,peak,4,British Columbia
Devon Ice Cap,75.3478,-82.1739,peak,4,Nunavut
Dhaka,23.71,90.407,city,4,Bangladesh
Dhārāvi,19.05,72.867,city,4,Maharashtra
Diamond Peak,44.1417,-113.083,peak,4,Idaho
Dibble Glacier,-66.2833,134.6,glacier,4,Antarctica
Dickey Glacier,-81.5833,161.0,glacier,4,Antarctica
Dicksonfjorden,78.7225,15.3472,coast,4,Norway
Dirfi,38.6268,23.8409,peak,4,Greece
Djebel Chélia,35.3183,6.6375,peak,4,Algeria
Dnieper Reservoir,47.96,35.1144,lake,4,Ukraine
Dnieper-Bug Estuary,46.6167,31.95,lake,4,Ukraine
Dniester Canyon,48.7661,25.5995,canyon,4,Ukraine
Dniester Lyman,46.2333,30.35,lake,4,Ukraine
Doi Inthanon,18.5922,98.4867,peak,4,Thailand
Dongguan,23.018,113.749,city,4,Guangdong
Dorrer Glacier,-82.6833,163.083,glacier,4,Antarctica
Dorsoidong Co,33.3833,89.8667,lake,4,Xizang
Doré Lake,54.7667,-107.3,lake,4,Saskatchewan
Dotson Ice Shelf,-74.4,-112.3667,glacier,4,Antarctica
Douglas Glacier,-73.5167,-61.75,glacier,4,Antarctica
Dovrefjell–Sunndalsfjella National Park,62.3967,9.1731,park,4,Norway
Drygalski Fjord,-54.8167,-36.0,coast,4,South Georgia and the Islands
Du Toits Peak,-33.755,19.1867,peak,4,South Africa
Dufek Massif,-82.6282,-53.1194,glacier,4,Antarctica
Dunn Peak massif,51.4369,-119.9544,peak,4,British Columbia
Dzūkija National Park,54.0819,24.3767,park,4,Lithuania
Dålk Glacier,-69.4333,76.45,glacier,4,Antarctica
Eastmain Reservoir,52.1817,-75.8739,lake,4,Québec
Edith Ronne Land,-78.5,-61.0,glacier,4,
Edmonton,53.55,-113.469,city,4,Alberta
Edward VIII Ice Shelf,-66.8333,56.55,glacier,4,Antarctica
Ein Avdat,30.8264,34.7664,canyon,4,Israel
Eiskar Glacier,46.6106,12.9064,glacier,4,Italy
Ekström Ice Shelf,-71.0,-8.0,glacier,4,Antarctica
Elbe Sandstone Mountains,50.93,14.08,range,4,Germany
Elivai Malai,10.94,76.6325,peak,4,Kerala
Ellis Glacier,-71.9667,24.2833,glacier,4,Antarctica
Embalse Cerros Colorados,-38.5508,-68.8225,lake,4,Argentina
Embree Glacier,-77.9833,-85.1667,glacier,4,Antarctica
Endurance Glacier,-61.1667,-55.1333,glacier,4,Antarctica
Ennadai Lake,60.9667,-101.3331,lake,4,Nunavut
Entuziasty Glacier,-70.5,14.5,glacier,4,Antarctica
Erskine Glacier,-66.4833,-65.6667,glacier,4,Antarctica
Escondido Lake,-54.65,-67.78,lake,4,Argentina
Eufaula Lake,35.2808,-95.5297,lake,4,Oklahoma
Exasperation Inlet,-65.3333,-62.0,coast,4,Antarctica
Exodus Glacier,-79.8333,156.367,glacier,4,Antarctica
Exum Glacier,-73.5,-94.2333,glacier,4,Antarctica
Faber Lake,63.8833,-117.4667,lake,4,Northwest Territories
Falak Sar,35.6828,72.7853,peak,4,Pakistan
Falcon International Reservoir,26.65,-99.2,lake,4,Tamaulipas
Fansipan,22.3033,103.7753,peak,4,Vietnam
Fedafjorden,58.2167,6.7167,coast,4,Norway
Fendley Glacier,-71.3,168.783,glacier,4,Antarctica
Fengari,40.4361,25.5875,peak,4,Greece
Fernan Vaz Lagoon,-1.5143,9.2083,lake,4,Gabon
Finger Lakes,42.65,-76.8,lake,4,New York
Fisher Glacier,-73.25,66.0,glacier,4,Antarctica
Flogeken Glacier,-72.0667,4.4167,glacier,4,Antarctica
Folda,64.6636,10.6842,coast,4,Norway
Folda,67.614,14.883,coast,4,Norway
Foldfjorden,63.2279,8.3973,coast,4,Norway
Foundation Ice Stream,-83.25,-60.0,glacier,4,Antarctica
Foz de Lumbier,42.6304,-1.301,canyon,4,Spain
Franca Glacier,-68.3833,-65.5667,glacier,4,Antarctica
Franklin D. Roosevelt Lake,47.9561,-118.9806,lake,4,Washington
Fraser Canyon,49.6333,-121.417,canyon,4,British Columbia
Frierfjord,59.0991,9.6182,coast,4,Norway
Fulufjället National Park,61.5456,12.7394,park,4,Sweden
Gangshiqia Peak,37.6933,101.505,peak,4,Gansu
Gardner Inlet,-74.9667,-62.8667,coast,4,Antarctica
Garry Lake,65.9667,-100.3,lake,4,Nunavut
Gauja National Park,57.4167,25.4167,park,4,Latvia
Geladaindong Peak,33.5008,91.0517,peak,4,Qinghai
Gezer,31.8592,34.9192,park,4,Israel
Gilchrist Glacier,-66.1167,114.1,glacier,4,Antarctica
Gillett Ice Shelf,-69.5833,159.7,glacier,4,Antarctica
Glacier Peak,48.112,-121.114,volcano,4,Washington
Glenveagh National Park,55.0167,-8.05,park,4,Ireland
Gluvreklett Glacier,-72.2333,2.5833,glacier,4,Antarctica
Goldsmith Glacier,-78.9333,-27.7,glacier,4,Antarctica
Gombe National Park,-4.6667,29.6333,park,4,Tanzania
Good Glacier,-84.2,177.833,glacier,4,Antarctica
Goodenough Glacier,-72.0,-66.6667,glacier,4,Antarctica
Goose Lake,41.9167,-120.434,lake,4,California
Gora Babash-Ata,41.4103,72.9131,peak,4,Kyrgyzstan
Gora Bakchigir,37.6663,72.7081,peak,4,Tajikistan
Gora Bozbu-Too,41.495,71.8916,peak,4,Kyrgyzstan
Gordon Glacier,-80.2833,-26.15,glacier,4,Antarctica
Gorges du Gardon,43.938,4.4325,canyon,4,France
Gorongosa National Park,-18.6903,34.3136,park,4,Mozambique
Gough Glacier,-84.7,-171.583,glacier,4,Antarctica
Gran Campo Nevado,-52.8333,-73.1667,glacier,4,Chile
Granville Lake,56.2994,-100.4828,lake,4,Manitoba
Greater Chimgan,41.4944,70.0578,peak,4,Uzbekistan
Greenland's Grand Canyon,79.0,-46.0,canyon,4,Greenland
Gressitt Glacier,-71.5,161.25,glacier,4,Antarctica
Griffiths Glacier,-77.1667,162.267,glacier,4,Antarctica
Grintovec,46.3571,14.5354,peak,4,Slovenia
Guartelá Canyon,-24.5494,-50.2694,canyon,4,Paraná
Guiana Amazonian Park,2.8383,-53.7722,park,4,France
Gwaii Haanas National Park Reserve and Haida Heritage Site,52.3892,-131.471,park,4,British Columbia
Göygöl National Park,40.4058,46.3225,park,4,Azerbaijan
Ha Gorge,35.085,25.835,canyon,4,Greece
Haas Glacier,-85.75,-164.9167,glacier,4,Antarctica
Hagen Fjord,81.7436,-23.8375,coast,4,Greenland
Hall Lake,68.6833,-82.2833,lake,4,Nunavut
Hamoun-e Puzak,31.4307,61.785,lake,4,Afghanistan
Hamra National Park,61.7569,14.808,park,4,Sweden
Hanoi,21.024,105.841,city,4,Vietnam
Har Hu,38.2957,97.5921,lake,4,Qinghai
Harbin,45.75,126.65,city,4,Heilongjiang
Harbord Glacier,-75.9167,162.4,glacier,4,Antarctica
Hardisty Lake,64.6169,-117.7515,lake,4,Northwest Territories
Hargreaves Glacier,-69.7667,74.3333,glacier,4,Antarctica
Harhiraa,49.5697,91.3853,peak,4,Mongolia
Hasagt Hairhan,46.7892,95.8008,peak,4,Mongolia
Haydn Inlet,-70.2167,-70.75,coast,4,Antarctica
Hayford Peak,36.6577,-115.201,peak,4,Nevada
Hei Glacier,-72.4833,0.5833,glacier,4,Antarctica
Heitō Glacier,-69.2667,39.8,glacier,4,Antarctica
Hemis National Park,33.9833,77.4333,park,4,Ladakh
Hette Glacier,-71.7167,26.5833,glacier,4,Antarctica
Hewitt Glacier,-83.2833,167.833,glacier,4,Antarctica
Hiawatha Glacier,78.8283,-67.0439,glacier,4,Greenland
Higashi-naga-iwa Glacier,-68.45,41.6333,glacier,4,Antarctica
Hill Glacier,-73.05,-75.6667,glacier,4,Antarctica
Hirkan National Park,38.6306,48.7117,park,4,Azerbaijan
Hjeltefjorden,60.53,4.9484,coast,4,Norway
Hjälmaren,59.25,15.75,lake,4,Sweden
Hkusam Mountain,50.335,-125.841,peak,4,British Columbia
Hlubeck Glacier,-72.5,-97.15,glacier,4,Antarctica
Hmuifang,23.4499,92.7577,peak,4,Mizoram
Ho Chi Minh City,10.823,106.63,city,4,Vietnam
Hochtor,47.5617,14.6328,peak,4,Austria
Hollingsworth Glacier,-75.55,159.95,glacier,4,Antarctica
Hollywood,34.098,-118.327,city,4,California
Hong Lake,29.8478,113.3405,lake,4,Hubei
Hornsund,76.9722,15.7181,coast,4,Norway
Horsens Fjord,55.85,10.0,coast,4,Denmark
Hoseason Glacier,-67.1,58.1167,glacier,4,Antarctica
Hot Springs National Park,34.5136,-93.0536,park,4,Arkansas
Hottah Lake,65.5,-118.4833,lake,4,Northwest Territories
Howson Peak,54.4186,-127.7439,peak,4,British Columbia
Hrútafjörður,65.3027,-21.1408,coast,4,Iceland
Huangmaojian Peak,27.89,119.1864,peak,4,Zhejiang
Huantsán,-9.5158,-77.31,peak,4,Peru
Huaytunas Lake,-12.9178,-65.5183,lake,4,Bolivia
Hudson Bay coast,58.77,-94.17,coast,4,Manitoba
Hull Glacier,-75.0833,-137.25,glacier,4,Antarctica
Humboldt Glacier,79.5,-63.0,glacier,4,Greenland
Hwange National Park,-18.735,26.955,park,4,Zimbabwe
Hyefjorden,61.7801,5.9657,coast,4,Norway
Hålisen Glacier,-72.0333,8.85,glacier,4,Antarctica
Ibapah Peak,39.8283,-113.9197,peak,4,Utah
Iddefjorden,59.0736,11.3889,coast,4,Norway
Ikh Bogd,44.995,100.2308,peak,4,Mongolia
Ilmen,58.2667,31.2833,lake,4,Novgorod
Ilısu Reservoir,37.7311,41.7817,lake,4,Turkey
Imandra,67.5542,33.0484,lake,4,Murmansk
Independence Fjord,82.1333,-28.0,coast,4,Greenland
Isalo National Park,-22.4351,45.2884,park,4,Madagascar
Isefjord,55.85,11.8,coast,4,Denmark
Isfjorden,78.1667,14.0,coast,4,Norway
Isle Royale National Park,47.9959,-88.9093,park,4,Michigan
Isle of Wight / Needles,50.662,-1.59,island,4,UK
Ivankovo Reservoir,56.7978,36.8961,lake,4,Tver'
Ivindo National Park,0.088,12.63,park,4,Gabon
Ivvavik National Park,69.5197,-139.525,park,4,Yukon
Jabal Al Harim,25.9764,56.2325,peak,4,Oman
Jabal al-Lawz,28.6542,35.3058,peak,4,Saudi Arabia
Jacksonville,30.332,-81.656,city,4,Florida
Jacobel Glacier,-77.7333,-148.283,glacier,4,Antarctica
Jakupica,41.7042,21.4053,peak,4,North Macedonia
Janq'u Uma,-15.8533,-68.5408,peak,4,Bolivia
Jelbart Ice Shelf,-70.5,-4.5,glacier,4,Antarctica
Jirisan,35.3369,127.7306,peak,4,Republic of Korea
Jones Glacier,-66.6,91.5,glacier,4,Antarctica
Jupiter Glacier,-70.95,-68.5,glacier,4,Antarctica
Jutulstraumen Glacier,-71.5833,-0.5,glacier,4,Antarctica
Jökulsárgljúfur,65.9289,-16.5369,canyon,4,Iceland
Kajmakčalan,40.9303,21.7861,peak,4,Greece
Kakisa Lake,60.9167,-117.6667,lake,4,Northwest Territories
Kakum National Park,5.3536,-1.3833,park,4,Ghana
Kallavesi,62.8167,27.7833,lake,4,Finland
Kamianske Reservoir,48.7961,34.1125,lake,4,Ukraine
Kamilukuak Lake,62.3193,-101.802,lake,4,Nunavut
Kaminak Lake,62.1833,-95.0833,lake,4,Nunavut
Kangerlussuaq,68.2167,-32.0333,coast,4,Greenland
Kangerlussuaq Fjord,66.5,-52.1167,coast,4,Greenland
Kangiqtualuk Uqquqti,70.5012,-71.1475,coast,4,Nunavut
Kanha National Park,22.2275,80.645,park,4,Madhya Pradesh
Kaniv Reservoir,49.9794,31.2425,lake,4,Ukraine
Kanjiroba Himal,29.3918,82.7528,peak,4,Nepal
Karachi,24.861,67.01,city,4,Pakistan
Karpinsky Glacier,79.6344,98.3319,glacier,4,Krasnoyarsk
Kaskawulsh Glacier,60.8047,-138.6067,glacier,4,Yukon
Kayrakkum Reservoir,40.29,70.06,lake,4,Tajikistan
Keibul Lamjao National Park,24.4856,93.8402,park,4,Manipur
Kejser Franz Joseph Fjord,73.45,-25.0,coast,4,Greenland
Keller Lake,63.9501,-121.5849,lake,4,Northwest Territories
Kenai Fjords National Park,59.9178,-149.9875,park,4,Alaska
Kennedy Peak,23.3175,93.7617,peak,4,Myanmar
Kenting National Park,21.98,120.7969,park,4,Taiwan
Khantayskoye Lake,68.2825,90.4944,lake,4,Krasnoyarsk
Khao Luang,8.4936,99.73,peak,4,Thailand
Khar Lake,48.0964,93.2173,lake,4,Mongolia
Khasi Hills,25.5833,91.6333,peak,4,Meghalaya
Khuvkhoitun,57.9167,160.6833,peak,4,Kamchatka
Kichatna Spire,62.4231,-152.723,peak,4,Alaska
Kichenside Glacier,-67.7667,47.6,glacier,4,Antarctica
Killarney National Park,52.021,-9.5066,park,4,Ireland
King's Peak,40.7764,-110.3728,peak,4,Utah
Kings Canyon,-24.258,131.563,canyon,4,Northern Territory
Kinshasa,-4.328,15.314,city,4,Democratic Republic of the Congo
Kirkby Glacier,-70.7167,166.15,glacier,4,Antarctica
Kirkpatrick Glacier,-75.15,-136.0,glacier,4,Antarctica
Kispiox Mountain,55.3985,-127.9434,peak,4,British Columbia
Kluane Lake,61.2639,-138.7444,lake,4,Yukon
Kobuk Valley National Park,67.3534,-159.1989,park,4,Alaska
Kohler Glacier,-74.9167,-113.75,glacier,4,Antarctica
Kolahoi Peak,34.1658,75.3286,peak,4,Jammu and Kashmir
Kolkheti National Park,42.1108,41.6961,park,4,Georgia
Kootenay Lake,49.3,-116.75,lake,4,British Columbia
Kovdozero,66.7828,32.0,lake,4,Murmansk
Kozara National Park,45.0083,16.8917,park,4,Bosnia and Herzegovina
Krasnoye Lake,64.4667,174.4167,lake,4,Chukchi Autonomous Okrug
Kreitzer Glacier,-70.3667,72.6,glacier,4,Antarctica
Krkonoše National Park,50.7361,15.7403,park,4,Czech Republic
Kubenskoe,59.6403,39.4469,lake,4,Vologda
Kvænangen,69.7462,22.0883,coast,4,Norway
Kyiv Reservoir,50.9064,30.4994,lake,4,Ukraine
Kåfjorden,69.5175,20.7291,coast,4,Norway
Köprülü Canyon,37.2959,31.1407,canyon,4,Turkey
La Camperona,42.8533,-5.1933,peak,4,Spain
La Grande 4 Reservoir,53.9008,-73.2508,lake,4,Québec
Lac Brochet,58.6094,-101.5789,lake,4,Manitoba
Lac Evans,50.9036,-76.9647,lake,4,Québec
Lac Joseph,52.7502,-65.2985,lake,4,Newfoundland and Labrador
Lac Kipawa,46.8847,-78.9678,lake,4,Québec
Lac Manouane,50.705,-70.7492,lake,4,Québec
Lac Maunoir,67.4835,-124.9187,lake,4,Northwest Territories
Lac Minto,57.2186,-75.0125,lake,4,Québec
Lac Naococane,52.8539,-70.7508,lake,4,Québec
Lac Payne,59.3972,-73.8153,lake,4,Québec
Lac Plétipi,51.7167,-70.1,lake,4,Québec
Lac Sakami,53.2519,-76.7614,lake,4,Québec
Lac aux Feuilles,58.8,-69.8333,lake,4,Québec
Lac de Gras,64.5,-110.5167,lake,4,Northwest Territories
Lac des Bois,66.8335,-125.152,lake,4,Northwest Territories
Lac Île-à-la-Crosse,55.4444,-107.849,lake,4,Saskatchewan
Lacha,61.3333,38.8,lake,4,Arkhangel'sk
Lagdo Reservoir,8.8833,13.8333,lake,4,Cameroon
Lago de Coari,-4.0928,-63.3581,lake,4,Amazonas
Lagos,6.454,3.395,city,4,Nigeria
Laguna Superior,16.3307,-94.8944,lake,4,Oaxaca
Lagune Iguéla,-1.9189,9.4558,lake,4,Gabon
Lagune Ndogo,-2.5833,10.0,lake,4,Gabon
Lahore,31.558,74.351,city,4,Pakistan
Lake Abitibi,48.6667,-79.75,lake,4,Ontario
Lake Akşehir,38.5112,31.4178,lake,4,Turkey
Lake Alaotra,-17.5,48.5,lake,4,Madagascar
Lake Alexandrina,-35.45,139.15,lake,4,South Australia
Lake Anneen,-26.9333,118.3,lake,4,Western Australia
Lake Bardawil,31.1906,33.1622,lake,4,Egypt
Lake Beyşehir,37.782,31.5076,lake,4,Turkey
Lake Borgne,30.0281,-89.6175,lake,4,Louisiana
Lake Brunner / Moana,-42.615,171.45,lake,4,New Zealand
Lake Carnegie,-26.1667,122.5,lake,4,Western Australia
Lake Chamo,5.8333,37.55,lake,4,Ethiopia
Lake Chukchagirskoye,51.9878,136.5797,lake,4,Khabarovsk
Lake Clark,60.2442,-154.2853,lake,4,Alaska
Lake Eppalock,-36.8656,144.5219,lake,4,Victoria
Lake Eğirdir,37.9936,30.8884,lake,4,Turkey
Lake Hazen,81.7972,-71.0167,lake,4,Nunavut
Lake Izabal,15.5,-89.1667,lake,4,Guatemala
Lake Keitele,62.8823,25.9772,lake,4,Finland
Lake Kisale,-8.2577,26.5038,lake,4,Democratic Republic of the Congo
Lake Kulunda,53.0,79.5167,lake,4,Altay
Lake Labaz,72.295,99.6053,lake,4,Krasnoyarsk
Lake Livingston,30.74,-95.15,lake,4,Texas
Lake Malombe,-14.6667,35.25,lake,4,Malawi
Lake Marion,33.4622,-80.2514,lake,4,South Carolina
Lake Marqaköl,48.75,85.75,lake,4,Kazakhstan
Lake Michigan shore,43.0,-87.0,coast,4,Michigan
Lake Moeris,29.4722,30.6142,lake,4,Egypt
Lake Murray,-7.0,141.5,lake,4,Papua New Guinea
Lake Musters,-45.41,-69.19,lake,4,Argentina
Lake Natron,-2.4167,36.0,lake,4,Tanzania
Lake Nipissing,46.2833,-80.0,lake,4,Ontario
Lake Okeechobee,26.95,-80.8,lake,4,Florida
Lake Orivesi,62.2667,29.4,lake,4,Finland
Lake Pend Oreille,48.1667,-116.3333,lake,4,Idaho
Lake Pihkva,58.0045,28.0119,lake,4,Pskov
Lake Razelm,44.8267,28.9847,lake,4,Romania
Lake Saint Pierre,46.2042,-72.8322,lake,4,Québec
Lake Salvador,29.7238,-90.2462,lake,4,Louisiana
Lake Sasykkol,46.5756,80.9747,lake,4,Kazakhstan
Lake Shala,7.4833,38.5333,lake,4,Ethiopia
Lake Sidenreng,-3.9897,119.8719,lake,4,Indonesia
Lake Simcoe,44.4367,-79.3392,lake,4,Ontario
Lake Skadar,42.1814,19.309,lake,4,Albania
Lake St. Joseph,51.05,-90.7667,lake,4,Ontario
Lake St. Lucia,-28.3833,32.4333,lake,4,South Africa
Lake Sulunga,-6.0833,35.1833,lake,4,Tanzania
Lake Sélingué,11.6167,-8.2333,lake,4,Mali
Lake Tacarigua o Valencia,10.1833,-67.7333,lake,4,Venezuela
Lake Tasiujaq,56.2494,-76.2942,lake,4,Québec
Lake Taupō,-38.8167,175.9167,lake,4,New Zealand
Lake Texoma,33.8319,-96.5711,lake,4,Texas
Lake Timiskaming,47.3333,-79.5,lake,4,Ontario
Lake Towuti,-2.7626,121.5223,lake,4,Indonesia
Lake Tshangalele,-10.8603,27.0594,lake,4,Democratic Republic of the Congo
Lake Tumba,-0.8333,18.0,lake,4,Democratic Republic of the Congo
Lake Winnebago,44.017,-88.4095,lake,4,Wisconsin
Lake Zway,8.0,38.83,lake,4,Ethiopia
Lake of the Woods,49.3,-94.8,lake,4,Ontario
Laksefjord,70.7667,26.8833,coast,4,Norway
Lalla-Khedidja,36.4472,4.2286,peak,4,Algeria
Lama,69.55,90.25,lake,4,Krasnoyarsk
Land Glacier,-75.6667,-141.75,glacier,4,Antarctica
Langskavlen Glacier,-72.0167,14.4833,glacier,4,Antarctica
Law Glacier,-84.0833,161.0,glacier,4,Antarctica
Lazarev Ice Shelf,-69.6167,14.75,glacier,4,Antarctica
Lednik Petrova,41.8955,78.3083,glacier,4,Kyrgyzstan
Leech Lake,47.1667,-94.3667,lake,4,Minnesota
Lennon Glacier,-69.2,-71.9833,glacier,4,Antarctica
Lerchenfeld Glacier,-77.9167,-34.25,glacier,4,Antarctica
Lima,-12.043,-77.028,city,4,Peru
Liushi Shan,35.3158,80.9158,peak,4,Xizang
Liv Glacier,-84.9167,-168.0,glacier,4,Antarctica
Llancanelo Lake,-35.6222,-69.1425,lake,4,Argentina
Lobéké National Park,2.25,15.75,park,4,Cameroon
Loch Long,56.072,-4.868,coast,4,UK
Loch Long,57.2911,-5.5,coast,4,UK
Loe Nekan,30.2625,67.3013,peak,4,Pakistan
Loi Leng,22.65,98.0667,peak,4,Myanmar
Loi Pangnao,21.3035,100.3131,peak,4,Myanmar
Lokka Reservoir,67.9172,27.5761,lake,4,Finland
Long Island / Hamptons,40.9,-72.5,coast,4,New York
Long Lake,44.0333,-70.65,lake,4,Maine
Longgan Lake,29.9333,116.15,lake,4,Anhui
Longyangxia Reservoir,36.0333,100.7333,lake,4,Qinghai
Lopé National Park,-0.5253,11.5428,park,4,Gabon
Lough Neagh,54.6183,-6.3953,lake,4,UK
Ludeman Glacier,-84.45,172.667,glacier,4,Antarctica
Lunpo Gangri,29.8333,84.6133,peak,4,Xizang
Lysefjord,59.01,6.359,coast,4,Norway
M'Goun,31.51,-6.44,peak,4,Morocco
MacAlpine Lake,66.6667,-102.8167,lake,4,Nunavut
MacKay Lake,63.9167,-111.0333,lake,4,Northwest Territories
Madidi National Park and Integrated Management Natural Area,-14.3333,-68.3333,park,4,Bolivia
Magdalenefjorden,79.565,10.875,coast,4,Norway
Mago National Park,5.6667,36.1667,park,4,Ethiopia
Maja e Këndrevicës,40.2864,19.8489,peak,4,Albania
Mallery Lake,63.9833,-98.3833,lake,4,Nunavut
Manam,-4.0833,145.0333,peak,4,Papua New Guinea
Mandioré Lake,-18.1333,-57.55,lake,4,Mato Grosso do Sul
Manirang,31.9533,78.3667,peak,4,Himachal Pradesh
Manuel Antonio National Park,9.3756,-84.1358,park,4,Costa Rica
Manych-Gudilo,46.3167,42.8667,lake,4,Kalmyk
Mar Menor,37.75,-0.7833,lake,4,Spain
Mariager Fjord,56.6833,10.0333,coast,4,Denmark
Marojejy National Park,-14.435,49.706,park,4,Madagascar
Mars Glacier,-71.9,-68.3833,glacier,4,Antarctica
Masoala National Park,-15.65,50.1833,park,4,Madagascar
Matobo National Park,-20.55,28.508,park,4,Zimbabwe
Mawhpung Bum,26.95,96.0667,peak,4,Myanmar
McClary Glacier,-68.0667,-67.0,glacier,4,Antarctica
McDonald Ice Rumples,-75.4667,-26.3,glacier,4,Antarctica
McDonald Peak,47.3828,-113.919,peak,4,Montana
Medicine Lake Volcano,41.6,-121.6,volcano,4,California
Meguro,35.632,139.702,city,4,Japan
Mela Taung,17.2,98.0833,peak,4,Myanmar
Mercantour National Park,44.1667,7.0833,park,4,France
Merowe Reservoir,18.8686,32.1056,lake,4,Sudan
Mertz Glacier,-67.5,144.75,glacier,4,Antarctica
Mikumi National Park,-7.35,37.15,park,4,Tanzania
Milan,45.464,9.19,city,4,Italy
Mill Stream Glacier,-85.3333,171.0,glacier,4,Antarctica
Mille Lacs Lake,46.2381,-93.6434,lake,4,Minnesota
Miller Peak,31.4094,-110.293,peak,4,Arizona
Milne Ice Shelf,82.75,-81.9167,glacier,4,Nunavut
Milwaukee,43.039,-87.906,city,4,Wisconsin
Mingachevir reservoir,40.9185,46.8037,lake,4,Azerbaijan
Minneapolis,44.98,-93.264,city,4,Minnesota
Mizri Ghar,31.3408,70.0292,peak,4,Pakistan
Mjøsa,60.6667,11.0,lake,4,Norway
Mole National Park,9.3684,-2.0935,park,4,Ghana
Molson Lake,54.2011,-96.75,lake,4,Manitoba
Monfragüe National Park,39.82,-5.97,park,4,Spain
Monkh Saridag,51.7188,100.5971,peak,4,Buryat
Monmouth Mountain,50.9925,-123.79,peak,4,British Columbia
Mont Forel,66.9333,-36.7833,peak,4,Greenland
Mont Marion-Dufresne,-46.4164,52.2569,volcano,4,French Southern and Antarctic Lands
Mont Panié,-20.5883,164.7706,peak,4,New Caledonia
Montalto,38.1589,15.9211,peak,4,Italy
Monte Cimone,44.1939,10.7014,peak,4,Italy
Monte Gordo,16.6208,-24.3542,volcano,4,Republic of Cabo Verde
Montreal Lake,54.3333,-105.667,lake,4,Saskatchewan
Moosehead Lake,45.6333,-69.65,lake,4,Maine
Moran Glacier,-69.2333,-70.2667,glacier,4,Antarctica
Morelli Glacier,-72.9833,-102.633,glacier,4,Antarctica
Moscow University Ice Shelf,-67.0,121.0,glacier,4,Antarctica
Mosquito Lake,62.6003,-103.3673,lake,4,Northwest Territories
Mount Abuna Yosef,12.1408,39.1817,peak,4,Ethiopia
Mount Addala-Shukhgelmeer,42.3392,46.2494,peak,4,Dagestan
Mount Ainos,38.1167,20.6667,peak,4,Greece
Mount Arlan,39.6733,54.5433,peak,4,Turkmenistan
Mount Bangeta,-6.3139,147.0883,peak,4,Papua New Guinea
Mount Benum,3.8233,102.094,peak,4,Malaysia
Mount Bintang,5.4294,100.8661,peak,4,Malaysia
Mount Bintumani,9.225,-11.1167,peak,4,Sierra Leone
Mount Bulusan,12.77,124.05,peak,4,Philippines
Mount Cronin,54.93,-126.8639,peak,4,British Columbia
Mount Darnley,-59.0404,-26.5334,volcano,4,South Georgia and the Islands
Mount Discovery,-78.3667,165.0167,peak,4,Antarctica
Mount Dyultydag,41.9594,46.9222,peak,4,Dagestan
Mount Frakes,-76.8,-117.7,peak,4,Antarctica
Mount Garrin,33.9592,48.4817,peak,4,Iran
Mount Guna,11.7108,38.2367,peak,4,Ethiopia
Mount Haddington,-64.2167,-57.6333,peak,4,Antarctica
Mount Hakkyō,34.1736,135.9075,peak,4,Japan
Mount Hikurangi,-37.919,178.061,peak,4,New Zealand
Mount Hiuchi,36.9221,138.0672,peak,4,Japan
Mount Hodson,-56.7,-27.15,volcano,4,
Mount Igikpak,67.4131,-154.966,peak,4,Alaska
Mount Inamura,33.7383,133.3722,peak,4,Japan
Mount Irving,-61.2833,-54.1333,peak,4,Antarctica
Mount Judge Howay,49.5069,-122.322,peak,4,British Columbia
Mount Kadam,1.7631,34.7092,peak,4,Uganda
Mount Kaplan,-84.55,175.3167,peak,4,Antarctica
Mount Kaputjugh,39.15,46.0,peak,4,Armenia
Mount Kruzenshtern,75.1758,57.826,peak,4,Arkhangel'sk
Mount Kulal,2.7333,36.9167,peak,4,Kenya
Mount Kyllini,37.9392,22.3967,peak,4,Greece
Mount Labo,14.0133,122.7875,peak,4,Philippines
Mount Lemmon,32.4431,-110.7884,peak,4,Arizona
Mount Melbourne,-74.3333,164.7,peak,4,Antarctica
Mount Miller,60.4605,-142.301,peak,4,Alaska
Mount Mitchell,35.7648,-82.2649,peak,4,North Carolina
Mount Moco,-12.4667,15.1833,peak,4,Angola
Mount Morning,-78.5017,163.5392,peak,4,Antarctica
Mount Moroto,2.525,34.7725,peak,4,Uganda
Mount Mutis,-9.5261,124.2386,peak,4,Indonesia
Mount Narodnaya,65.0333,60.1167,peak,4,Khanty-Mansiy
Mount Nebo,39.8214,-111.76,peak,4,Utah
Mount Nirvana,61.8747,-127.68,peak,4,Northwest Territories
Mount Nyangani,-18.3111,32.8506,peak,4,Zimbabwe
Mount Olympus,34.9367,32.8639,peak,4,Cyprus
Mount Ossa,-41.871,146.0333,peak,4,Tasmania
Mount Perseus,52.3542,-120.533,peak,4,British Columbia
Mount Priestley,55.2294,-128.872,peak,4,British Columbia
Mount Prindle,65.4608,-146.4756,peak,4,Alaska
Mount Rumput,1.7167,109.6667,peak,4,Malaysia
Mount Rushmore / Black Hills,43.879,-103.459,landmark,4,South Dakota
Mount San Antonio,34.2889,-117.647,peak,4,California
Mount Seguam,52.315,-172.51,volcano,4,Alaska
Mount Shungol,-6.8633,146.716,peak,4,Papua New Guinea
Mount Simpson,-10.0345,149.563,peak,4,Papua New Guinea
Mount Stuart,47.4753,-120.901,peak,4,Washington
Mount Sylvia,58.0817,-124.4689,peak,4,British Columbia
Mount Tabwemasana,-15.35,166.75,peak,4,Vanuatu
Mount Temehani,-16.828,-151.452,volcano,4,French Polynesia
Mount Tod,50.9167,-119.941,peak,4,British Columbia
Mount Tsurugi,33.8536,134.0942,peak,4,Japan
Mount Veve,-7.95,157.075,peak,4,Solomon Islands
"Mount Victoria, Palawan",9.365,118.3342,peak,4,Philippines
Mount Welel,8.8775,34.8117,peak,4,Ethiopia
Mount Yong Belar,4.6506,101.3608,peak,4,Malaysia
Mousa Ali,12.4708,42.405,peak,4,Djibouti
Muddus National Park,66.9163,20.1973,park,4,Sweden
Muir Glacier,59.2059,-136.4445,glacier,4,Alaska
Mundafan,18.56,45.34,lake,4,Saudi Arabia
Murphy Glacier,-66.9739,-66.1483,glacier,4,Antarctica
Murray Glacier,-71.65,170.0,glacier,4,Antarctica
Mushketov Glacier,-71.3333,14.9167,glacier,4,Antarctica
Myinmoletkat Taung,13.4667,98.8,peak,4,Myanmar
Möng Ling Shan,23.3333,98.8833,peak,4,Yunnan
Mönkh Khairkhan,46.89,91.4733,peak,4,Mongolia
Nagarhole National Park,12.06,76.1511,park,4,Karnataka
Naknek Lake,58.6364,-155.9408,lake,4,Alaska
Nambung National Park,-30.5761,115.17,park,4,Western Australia
Namib-Naukluft National Park,-24.5464,15.3297,park,4,Namibia
Nansen Ice Sheet,-74.8833,163.167,glacier,4,Antarctica
Napaktulik Lake,66.3333,-113.0,lake,4,Nunavut
Naracoorte Caves National Park,-37.0361,140.7967,park,4,South Australia
Nashville,36.166,-86.784,city,4,Tennessee
National Park of American Samoa,-14.2583,-170.6833,park,4,American Samoa
Nattaung,18.8167,97.0333,peak,4,Myanmar
Nechako Reservoir,53.75,-126.003,lake,4,British Columbia
Nelson Lakes National Park,-42.042,172.608,park,4,New Zealand
Nenang,30.3033,93.651,peak,4,Xizang
Nerpichye Lake,56.3697,162.6253,lake,4,Kamchatka
New Orleans,29.955,-90.075,city,4,Louisiana
Ng'iro,2.1917,36.8158,peak,4,Kenya
Ngoring Lake,34.9,97.7,lake,4,Qinghai
Niepce Glacier,-65.1167,-63.3667,glacier,4,Antarctica
Nimrod Glacier,-81.35,163.0,glacier,4,Antarctica
Ninnis Glacier,-68.3333,147.5,glacier,4,Antarctica
Nissum Fjord,56.3573,8.1759,coast,4,Denmark
Nordvestfjord,71.6667,-27.2833,coast,4,Greenland
Norfolk Glacier,-85.8833,-130.3,glacier,4,Antarctica
North Caribou Lake,52.799,-90.739,lake,4,Ontario
North Schell Peak,39.4132,-114.5997,peak,4,Nevada
Northern Velebit National Park,44.6931,15.0069,park,4,Croatia
Norton Sound,63.8492,-164.2689,coast,4,United States
Norway Glacier,-86.5,-164.0,glacier,4,Antarctica
Nuup Kangerlua,64.5,-51.3833,coast,4,Greenland
Nyungwe Forest,-2.5282,29.2758,park,4,Rwanda
Obuyi Lake,59.089,-97.0697,lake,4,Manitoba
Odense Fjord,55.4833,10.5167,coast,4,Denmark
Odzala National Park,0.8,14.9,park,4,Republic of the Congo
Ofotfjorden,68.4292,16.4827,coast,4,Norway
Okanagan Lake,49.85,-119.55,lake,4,British Columbia
Okstindbreen,65.9872,14.1478,glacier,4,Norway
Omo National Park,6.0,35.8333,park,4,Ethiopia
Orel,53.4656,139.7264,lake,4,Khabarovsk
Oulujärvi,64.3091,27.2681,lake,4,Finland
Oxford Lake,54.8333,-95.5833,lake,4,Manitoba
Palo Duro Canyon,34.95,-101.667,canyon,4,Texas
Pangaion,40.8992,24.0836,peak,4,Greece
Pankisi Gorge,42.1167,45.2667,canyon,4,Georgia
Paoay Lake National Park,18.1203,120.54,lake,4,Philippines
Paparoa National Park,-42.0833,171.5,park,4,New Zealand
Pastra Glacier,-63.7667,-60.7333,glacier,4,Antarctica
Patkhor Peak,37.8884,72.1877,peak,4,Tajikistan
Peale Inlet,-72.0167,-98.9667,coast,4,Antarctica
Peckham Glacier,-80.35,157.4167,glacier,4,Antarctica
Peleaga,45.3661,22.8944,peak,4,Romania
Pendjari National Park,11.05,1.5167,park,4,Benin
Peneda-Gerês National Park,41.85,-8.25,park,4,Portugal
Periyar National Park,9.5775,77.18,park,4,Kerala
Peter Glacier,-73.3333,-1.15,glacier,4,Antarctica
Petermann Glacier,80.75,-60.75,glacier,4,Greenland
Philippi Glacier,-66.75,88.3333,glacier,4,Antarctica
Phnom Aural,12.0319,104.1706,peak,4,Cambodia
Phoenix,33.448,-112.074,city,4,Arizona
Phou Khe,19.3244,101.2408,peak,4,Lao PDR
Phu Luong,21.5708,104.3067,peak,4,Vietnam
Phu Si Lung,22.6333,102.7833,peak,4,Yunnan
Phu Soi Dao,17.7333,101.0,peak,4,Lao PDR
Phu Xai Lai Leng,19.1975,104.1817,peak,4,Vietnam
Piché Lake,55.0367,-111.6022,lake,4,Alberta
Pico Almanzor,40.2467,-5.2978,peak,4,Spain
Pico Ruivo,32.7587,-16.9423,peak,4,Portugal
Pico Turquino,19.9894,-76.8358,peak,4,Cuba
Picó Bernat,42.0464,0.7901,peak,4,Spain
Pielinen,63.251,29.6994,lake,4,Finland
Pieljekaise National Park,66.3543,16.7683,park,4,Sweden
Pihlajavesi,61.6808,28.6765,lake,4,Finland
Pik Lyavirdyr,37.5635,75.1615,peak,4,Xinjiang
Pik Sovetskikh Ofitserov,38.4239,73.3016,peak,4,Tajikistan
Pilot Glacier,-73.3833,165.05,glacier,4,Antarctica
Pindus National Park,39.9,21.1167,park,4,Greece
Pinehouse Lake,55.5333,-106.583,lake,4,Saskatchewan
Pinnacles National Park,36.4869,-121.167,park,4,California
Pittsburgh,40.441,-79.996,city,4,Pennsylvania
Playgreen Lake,53.8667,-98.0833,lake,4,Manitoba
Podyjí National Park,48.8478,15.8972,park,4,Czech Republic
Point Lake,65.2503,-113.068,lake,4,Northwest Territories
Pollino,39.9,16.2167,peak,4,Italy
Poloniny National Park,49.0714,22.5336,park,4,Slovakia
Port-Cros National Park,43.0042,6.3953,park,4,France
Porta Westfalica,52.244,8.9196,canyon,4,Germany
Portage Glacier,60.7531,-148.7856,glacier,4,Alaska
Portnyagino Lake,74.15,107.1111,lake,4,Krasnoyarsk
Pothigai Hill,8.6167,77.2463,peak,4,Tamil Nadu
Poulter Glacier,-86.8333,-153.5,glacier,4,Antarctica
Presidente Ríos Lake,-46.4667,-74.4167,lake,4,Chile
Prince Edward Glacier,-82.7667,159.533,glacier,4,Antarctica
Providence,41.824,-71.413,city,4,Rhode Island
Pryor Glacier,-70.0833,160.1667,glacier,4,Antarctica
Pudong,31.24,121.501,city,4,Shanghai
Pukeashun Mountain,51.2047,-119.235,peak,4,British Columbia
Pulicat Lake,13.5658,80.1747,lake,4,Andhra Pradesh
Punta La Marmora,39.9881,9.3242,peak,4,Italy
Puula,61.8101,26.6938,lake,4,Finland
Puxi,31.244,121.466,city,4,Shanghai
Pyaozero,66.0833,30.9667,lake,4,Karelia
Pyasino,69.67,87.86,lake,4,Krasnoyarsk
Pyramid Lake,40.0333,-119.5667,lake,4,Nevada
Pyrénées National Park,42.8275,-0.1758,park,4,France
Qamanirjuaq Lake,62.9833,-96.5667,lake,4,Nunavut
Qiandao Lake,29.6092,118.99,lake,4,Zhejiang
Quar Ice Shelf,-71.3333,-11.0,glacier,4,Antarctica
Quissama National Park,-9.75,13.5833,park,4,Angola
Quttinirpaaq National Park,82.2167,-72.2167,park,4,Nunavut
Rainy Lake,48.6369,-93.0314,lake,4,Ontario
Rakiura National Park,-46.976,167.814,park,4,New Zealand
Ramat Gan,32.082,34.811,city,4,Israel
Rameau Inlet,-71.7667,-75.2167,coast,4,Antarctica
Ramsey Glacier,-84.4,179.333,glacier,4,Antarctica
Ranomafana National Park,-21.22,47.43,park,4,Madagascar
Ranthambore National Park,26.0173,76.5026,park,4,Rajasthan
Rao Co,18.15,105.5833,peak,4,Vietnam
Rapa Nui National Park,-27.0729,-109.3486,park,4,Chile
Ras Muhammad National Park,27.7694,34.2097,park,4,Egypt
Recovery Glacier,-81.1667,-28.0,glacier,4,Antarctica
Redwood National Park,41.5292,-124.0583,park,4,California
Reedy Glacier,-85.5,-134.0,glacier,4,Antarctica
Rennick Glacier,-70.5,160.75,glacier,4,Antarctica
Repparfjorden,70.4997,24.1905,coast,4,Norway
Reynolds Glacier,-77.6333,-145.917,glacier,4,Antarctica
Reyðarfjörður,65.0209,-13.9325,coast,4,Iceland
Rhine Glacier,48.0867,9.2164,glacier,4,Germany
Rhine Gorge,50.1,7.7,canyon,4,Germany
Richter Glacier,-77.1667,-155.417,glacier,4,Antarctica
Riley Glacier,-70.05,-68.3333,glacier,4,Antarctica
Risnjak National Park,45.431,14.651,park,4,Croatia
Roman-Kosh,44.6128,34.2422,peak,4,Crimea
Rondane National Park,61.8333,9.8333,park,4,Norway
Ruaha National Park,-7.5311,34.6369,park,4,Tanzania
Rugged Mountain,50.0323,-126.695,peak,4,British Columbia
Ruinaulta,46.8081,9.3149,canyon,4,Switzerland
Rutford Ice Stream,-79.0,-81.0,glacier,4,Antarctica
Réservoir aux Outardes 4,50.1922,-69.2267,lake,4,Québec
Rāzna National Park,56.2667,27.5,park,4,Latvia
Sabine Lake,29.875,-93.8475,lake,4,Louisiana
Sahand,37.73,46.5,peak,4,Iran
Sahuasiray,-13.2133,-71.99,peak,4,Peru
Saint Lawrence River,46.8,-71.2,coast,4,Québec
Saint Petersburg,59.939,30.314,city,4,City of St. Petersburg
Saipal,29.8908,81.495,peak,4,Nepal
Saloum Delta National Park,13.8057,-16.7572,park,4,Senegal
Salto Grande reservoir,-30.9167,-57.9167,lake,4,Argentina
San Antonio,29.424,-98.494,city,4,Texas
San Diego,32.716,-117.165,city,4,California
San Martín Glacier,-82.4,-42.2333,glacier,4,Antarctica
Sandsfjord,59.4604,6.2151,coast,4,Norway
Sandy Lake,52.9667,-93.5833,lake,4,Ontario
Sangpang Bum,26.4833,95.85,peak,4,Myanmar
Sardinia coast (Costa Smeralda),41.1,9.55,coast,4,Italy
Sarek National Park,67.2883,17.6691,park,4,Sweden
Sayram Lake,44.5981,81.1647,lake,4,Xinjiang
Schytt Glacier,-71.5833,-3.6667,glacier,4,Antarctica
Scott Glacier,-85.75,-153.0,glacier,4,Antarctica
Sebkha Sidi El Hani,35.5685,10.4299,lake,4,Tunisia
Sebkha d'Oran,35.5333,-0.8,lake,4,Algeria
Sedona red rocks,34.87,-111.76,feature,4,Arizona
Segozero,63.3,33.75,lake,4,Karelia
Selja Gorges,34.3617,8.3449,canyon,4,Tunisia
Selwyn Lake,59.8894,-104.8732,lake,4,Saskatchewan
Sendai,38.267,140.867,city,4,Japan
Sepphoris,32.7531,35.2792,park,4,Israel
Serra Imeri,0.4908,-65.3333,peak,4,Amazonas
Serra de Santa Bárbara,38.7333,-27.3167,volcano,4,Portugal
Sevier Lake,38.9389,-113.1619,lake,4,Utah
Seweweekspoortpiek,-33.3828,21.3589,peak,4,South Africa
Shabica Glacier,-70.35,-62.75,glacier,4,Antarctica
Shaiyb al-Banat,26.9797,33.4864,peak,4,Egypt
Sharktooth Mountain,58.5875,-127.9622,peak,4,British Columbia
Shedin Peak,55.9392,-127.48,peak,4,British Columbia
Shenandoah National Park,38.5333,-78.35,park,4,Virginia
Shibuya,35.659,139.707,city,4,Japan
Shinnan Glacier,-67.9167,44.6333,glacier,4,Antarctica
Shirase Glacier,-70.0833,38.75,glacier,4,Antarctica
Shirvan National Park,39.5475,49.0156,park,4,Azerbaijan
Shivasagar lake,17.4083,73.7597,lake,4,Maharashtra
Sibiloi National Park,3.9606,36.3425,park,4,Kenya
Sierra Blanca Peak,33.3742,-105.8094,peak,4,New Mexico
Sierra La Madera,27.0125,-102.3878,peak,4,Coahuila
Sierra de las Quijadas National Park,-32.5508,-67.0642,park,4,Argentina
Sila National Park,39.3761,16.5919,park,4,Italy
Siletiteniz,53.3397,73.1667,lake,4,Kazakhstan
Silisili,-13.6183,-172.4858,peak,4,Samoa
Silk Glacier,-81.15,158.917,glacier,4,Antarctica
Silvertip Mountain,49.16,-121.218,peak,4,British Columbia
Siple Dome,-81.6667,-148.8333,glacier,4,Antarctica
Siq,30.323,35.4565,canyon,4,Jordan
Skagafjörður,65.9385,-19.6779,coast,4,Iceland
Slava Ice Shelf,-68.8167,154.733,glacier,4,Antarctica
Sleeping Bear Dunes,44.88,-86.05,desert,4,Michigan
Slessor Glacier,-79.8333,-28.5,glacier,4,Antarctica
Slovak Karst National Park,48.579,20.544,park,4,Slovakia
Slītere National Park,57.6242,22.2944,park,4,Latvia
Snedeker Glacier,-66.4667,106.8,glacier,4,Antarctica
Snowbird Lake,60.6667,-103.0,lake,4,Northwest Territories
Snowdonia,53.068,-4.076,range,4,UK
Sonfjället National Park,62.2775,13.5517,park,4,Sweden
Songhua Lake,43.5317,126.9269,lake,4,Jilin
Souapiti Reservoir,10.424,-13.253,lake,4,Guinea
Souchez Glacier,-86.2833,-154.0,glacier,4,Antarctica
South Henik Lake,61.5,-97.3333,lake,4,Nunavut
South Luangwa National Park,-13.0,31.5,park,4,Zambia
Soviet Constitution Peak,42.036,78.908,peak,4,Kyrgyzstan
Stancomb-Wills Glacier,-75.3,-19.0,glacier,4,Antarctica
Storfjorden,77.824,19.6806,coast,4,Norway
Storsjön,63.2167,14.3167,lake,4,Sweden
Stravinsky Inlet,-72.3333,-71.5,coast,4,Antarctica
Strom Glacier,-85.1667,-165.0,glacier,4,Antarctica
Stuart Lake,54.55,-124.5833,lake,4,British Columbia
Sudochye lake,43.5067,58.4127,lake,4,Uzbekistan
Sulak Canyon,43.0095,46.8278,canyon,4,Dagestan
Sumidero Canyon,16.8483,-93.1056,canyon,4,Chiapas
Sunfix Glacier,-69.2667,-64.5,glacier,4,Antarctica
Sunset Peak,33.68,74.5408,peak,4,Jammu and Kashmir
Support Force Glacier,-82.75,-46.5,glacier,4,Antarctica
Sutai Mountain,46.6175,93.5942,peak,4,Mongolia
Sutjeska National Park,43.337,18.684,park,4,Bosnia and Herzegovina
Suur-Längelmävesi,61.5353,24.3705,lake,4,Finland
Szczecin Lagoon,53.8044,14.1403,lake,4,Germany
São Paulo,-23.547,-46.636,city,4,São Paulo
Söderåsen National Park,56.0241,13.2301,park,4,Sweden
Tablas de Daimiel National Park,39.1449,-3.702,park,4,Spain
Tahiryuaq,69.4167,-105.25,lake,4,Nunavut
Taichung,24.147,120.684,city,4,Taiwan
Taipei,25.053,121.526,city,4,Taiwan
Taito,35.707,139.779,city,4,Japan
Tajo del Almendrón,36.8256,-3.8397,peak,4,Spain
Tama Glacier,-68.7833,40.3667,glacier,4,Antarctica
Tamatea / Dusky Sound,-45.766,166.593,coast,4,New Zealand
Tampa,27.948,-82.458,city,4,Florida
Tanafjord,70.78,28.4505,coast,4,Norway
Tangra Yumco,31.0,86.5667,lake,4,Xizang
Tanquary Fiord,81.0153,-79.019,coast,4,Nunavut
Tarangire National Park,-4.0,35.9786,park,4,Tanzania
Taroko National Park,24.1667,121.3333,park,4,Taiwan
Tehek Lake,64.9667,-95.5,lake,4,Nunavut
Tel Aviv,32.081,34.781,city,4,Israel
Tequila Volcano,20.787,-103.847,peak,4,Jalisco
Teslin Lake,59.9833,-132.4167,lake,4,British Columbia
The Broads,52.6667,1.5,park,4,UK
Thudaka Peak,57.9269,-126.8483,peak,4,British Columbia
Tianmen Mountain,29.0528,110.483,peak,4,Hunan
Tidighin,34.8432,-4.5081,peak,4,Morocco
Tiewadian of Fenghuang Mountains,32.8654,108.3721,peak,4,Shaanxi
Timanfaya National Park,29.0114,-13.7797,park,4,Spain
Tippecanoe Lake,41.3278,-85.7597,lake,4,Indiana
Titan Dome,-88.5,165.0,glacier,4,Antarctica
Tjuvfjorden,77.3333,22.0,coast,4,Norway
Toney Mountain,-75.8,-115.8167,peak,4,Antarctica
Tongshanjiabu,28.1867,89.9575,peak,4,Bhutan
Topo da Coroa,17.0333,-25.2958,peak,4,Republic of Cabo Verde
Topozero,65.65,32.0,lake,4,Karelia
Tordoki Yani,48.8972,138.0528,peak,4,Khabarovsk
Totten Glacier,-67.0,116.333,glacier,4,Antarctica
Tracy Arm,57.9114,-133.4022,coast,4,Alaska
Tracy Glacier,-65.95,102.333,glacier,4,Antarctica
Trakai Historical National Park,54.639,24.9361,park,4,Lithuania
Trongisvágsfjørður,61.5447,-6.7942,coast,4,Faeroe Islands
Trout Lake,51.1983,-93.3092,lake,4,Ontario
Tsalka Canyon,41.5826,44.1335,canyon,4,Georgia
Tsambagarav,48.6817,90.725,peak,4,Mongolia
Tsavo East National Park,-2.7786,38.7717,park,4,Kenya
Tsaydaychuz Peak,53.0214,-126.6428,peak,4,British Columbia
Tskaltsitela Gorge Natural Monument,42.2778,42.7561,canyon,4,Georgia
Tulemalu Lake,62.9667,-99.4167,lake,4,Nunavut
Tumucumaque National Park,1.8333,-54.0,park,4,Amapá
Tunulliarfik fjord,61.0,-45.5833,coast,4,Greenland
Tverregg Glacier,-73.45,-3.6,glacier,4,Antarctica
Ubinskoye,55.4725,80.081,lake,4,Novosibirsk
Ulubey Canyon Nature Park,38.3844,29.2997,canyon,4,Turkey
Uludağ,40.0705,29.222,peak,4,Turkey
Ulugh Muztagh,36.4125,87.3842,peak,4,Xinjiang
Umboi Island,-5.6119,147.8835,peak,4,Papua New Guinea
Umbozero,67.6808,34.4108,lake,4,Murmansk
Una National Park,44.4969,16.1581,park,4,Bosnia and Herzegovina
Underwater Lake,65.1502,-119.5183,lake,4,Northwest Territories
Underwood Glacier,-66.5833,108.0,glacier,4,Antarctica
Utstikkar Glacier,-67.55,61.3333,glacier,4,Antarctica
Uummannaq fjord,70.95,-53.0,coast,4,Greenland
Vanoise National Park,45.3333,6.8333,park,4,France
Vashi Canyon,35.8753,52.7267,canyon,4,Iran
Vefsnfjord,65.8991,12.597,coast,4,Norway
Venable Ice Shelf,-73.05,-87.3333,glacier,4,Antarctica
Veststraumen Glacier,-74.0,-13.0,glacier,4,Antarctica
Victoria,22.288,114.144,city,4,Hong Kong
Victoria Falls National Park,-17.951,25.8407,park,4,Zimbabwe
Virgin Islands National Park,18.3281,-64.9333,park,4,United States Virgin Islands
Vodlozero,62.3333,36.9167,lake,4,Karelia
Voyeykov Ice Shelf,-66.3333,124.633,glacier,4,Antarctica
Vozhe,60.5894,39.0925,lake,4,Vologda
Wadden Sea / Frisian Islands,53.5,6.5,coast,4,Netherlands
Wadi Shab,22.839,59.2451,canyon,4,Oman
Ward Hunt Ice Shelf,83.0403,-73.2605,glacier,4,Nunavut
Webster Glacier,-79.1,-86.1833,glacier,4,Antarctica
Whanganui National Park,-39.5833,175.0833,park,4,New Zealand
Whillans Ice Stream,-83.6667,-145.0,glacier,4,Antarctica
Whirlwind Glaciers,-67.4,-65.5333,glacier,4,Antarctica
White Desert,27.2773,28.2004,park,4,Egypt
Whitefish Lake,62.6836,-106.8008,lake,4,Northwest Territories
Wholdaia Lake,60.7169,-104.1673,lake,4,Northwest Territories
Wilkins Ice Shelf,-70.25,-73.0,glacier,4,Antarctica
Williamson Glacier,-66.6667,114.1,glacier,4,Antarctica
Wolstenholme Fjord,76.6319,-68.6375,coast,4,Greenland
Wright Upper Glacier,-77.5333,160.583,glacier,4,Antarctica
Wuzhi Mountain,18.8994,109.7048,peak,4,Hainan
Wuzhong,37.987,106.201,city,4,Ningxia
Xinfengjiang Reservoir,23.7904,114.569,lake,4,Guangdong
Yamdrok Lake,28.9781,90.7457,lake,4,Xizang
Yasuni National Park,-0.77,-76.1,park,4,Ecuador
Yokohama,35.433,139.65,city,4,Japan
Yolyn Am,43.4931,104.0838,canyon,4,Mongolia
Yumurtalık Lagoon,36.6767,35.6345,lake,4,Turkey
Yuzhu Peak,35.6525,94.2508,peak,4,Qinghai
Zakouma National Park,10.8478,19.6478,park,4,Chad
Zeller Glacier,-80.9167,156.5,glacier,4,Antarctica
Zhari Namco,30.9167,85.6333,lake,4,Xizang
Zhelin Reservoir,29.29,115.34,lake,4,Jiangxi
Zirbitzkogel,47.0566,14.5738,peak,4,Austria
Zotikov Glacier,-85.0333,-169.25,glacier,4,Antarctica
Zubchatyy Ice Shelf,-67.2167,49.0833,glacier,4,Antarctica
Þistilfjörður,66.3333,-15.5,coast,4,Iceland
Đerdap National Park,44.6667,22.5167,park,4,Serbia
Ķemeri National Park,56.9517,23.5125,park,4,Latvia
Şişli,41.06,28.987,city,4,Turkey
Šumava National Park,49.0606,13.4825,park,4,Czech Republic
Abajo Peak,37.8395,-109.4624,peak,3,Utah
Agepsta,43.5483,40.4806,peak,3,Krasnodar
Akanda National Park,0.6167,9.55,park,3,Gabon
Akiba,42.8753,41.9061,peak,3,Georgia
Al Hoceima National Park,35.1803,-4.1216,park,3,Morocco
Alberto de Agostini National Park,-54.7491,-70.4397,park,3,Chile
Alta Murgia National Park,40.99,16.37,park,3,Italy
Altos de Nsork National Park,1.16,11.12,park,3,Equatorial Guinea
Amacayacu National Park,-3.4833,-70.2,park,3,Colombia
Amak Volcano,55.4167,-163.15,volcano,3,Alaska
Amazônia National Park,-4.4394,-56.8403,park,3,Pará
Amber Mountain National Park,-12.595,49.155,park,3,Madagascar
Ambitle,-4.0808,153.6214,volcano,3,Papua New Guinea
Amboró National Park,-17.7833,-63.9833,park,3,Bolivia
Amsterdam,52.374,4.89,city,3,Netherlands
Anavilhanas National Park,-2.3947,-60.9206,park,3,Amazonas
Andre Felix National Park,9.4408,23.3439,park,3,Central African Republic
Aparados da Serra National Park,-29.1917,-50.0977,park,3,Santa Catarina
Appennino Lucano - Val d'Agri - Lagonegrese National Park,40.34,15.9,park,3,Italy
Arabuko Sokoke National Park,-3.2667,39.8167,park,3,Kenya
Araguaia National Park,-10.5,-50.167,park,3,Tocantins
Archipiélago de Juan Fernández National Park,-33.7297,-79.8692,park,3,Chile
Arcipelago Toscano National Park,42.8249,10.2687,park,3,Italy
Ardoukoba,11.5719,42.4958,volcano,3,Djibouti
Arikok National Park,12.4988,-69.9265,park,3,Aruba
Arnøyhøgda,70.1534,20.7,peak,3,Norway
Ashdod,31.792,34.65,city,3,Israel
Asinara National Park,41.058,8.276,park,3,Italy
Assagny National Park,5.2,-4.8833,park,3,Côte d'Ivoire
Astoria,40.772,-73.93,city,3,New York
Atavyros,36.1966,27.8394,peak,3,Greece
Auckland,-36.849,174.763,city,3,New Zealand
Ayubia National Park,34.0628,73.4278,park,3,Pakistan
Ba Bể National Park,22.4053,105.6153,park,3,Vietnam
Babia Góra,49.5731,19.5306,peak,3,Poland
Babuyan Claro,19.5233,121.94,volcano,3,Philippines
Bach Ma National Park,16.2,107.8667,park,3,Vietnam
Bako National Park,1.7167,110.4667,park,3,Malaysia
Ball's Pyramid,-31.7542,159.2517,volcano,3,Lord Howe Island
Balpakram National Park,25.5,90.75,park,3,Meghalaya
Bandingilo National Park,5.4328,32.2775,park,3,South Sudan
Banke National Park,28.1911,81.9128,park,3,Nepal
Baritú National Park,-22.5833,-64.6167,park,3,Argentina
Barrington Tops National Park,-32.0483,151.5011,park,3,New South Wales
Batu Tara,-7.7917,123.5792,volcano,3,Indonesia
Bayanaul National Park,50.8,75.6,park,3,Kazakhstan
Bazaruto National Park,-21.6657,35.4659,park,3,Mozambique
Belezma National Park,35.5833,6.0333,park,3,Algeria
Betla National Park,23.8878,84.1901,park,3,Jharkhand
Bhagwan Mahaveer Sanctuary and Mollem National Park,15.3736,74.2586,park,3,Goa
Bhitarkanika National Park,20.6625,86.9341,park,3,Odisha
Bicuari National Park,-15.3333,14.8333,park,3,Angola
Big Baldy Mountain,46.9685,-110.606,peak,3,Montana
Big Hatchet Peak,31.6357,-108.3987,peak,3,New Mexico
Bikin National Park,46.6333,136.5833,park,3,Primor'ye
Bilbao,43.263,-2.925,city,3,Spain
Birmingham,52.481,-1.9,city,3,UK
Björnlandet National Park,63.974,18.0149,park,3,Sweden
Black Pine Mountains High Point,42.1387,-113.126,peak,3,Idaho
Black River Gorges National Park,-20.4167,57.4167,park,3,Mauritius
Blackbuck National Park,22.0333,72.0,park,3,Gujarat
Blyznytsya,48.2227,24.2305,peak,3,Ukraine
Blåfjella–Skjækerfjella National Park,64.2168,13.1093,park,3,Norway
Bocaina Mountain National Park,-22.963,-44.67,park,3,Rio de Janeiro
Bogani Nani Wartabone National Park,0.5606,123.68,park,3,Indonesia
Bogoslof Island,53.9358,-168.0389,volcano,3,United States
Boma National Park,6.489,33.914,park,3,South Sudan
Boodjamulla (Lawn Hill) National Park,-18.7014,138.488,park,3,Queensland
Borawli,13.3039,40.9864,volcano,3,Ethiopia
Border Ranges National Park,-28.3597,152.9861,park,3,New South Wales
Bouba Njida National Park,8.6236,14.6567,park,3,Cameroon
Boucle du Baoulé National Park,14.0833,-8.8833,park,3,Mali
Bouzegza,36.6078,3.4444,peak,3,Algeria
Box Elder Peak,41.6358,-112.0144,peak,3,Utah
Brave Mountain,57.8814,-62.0264,peak,3,Newfoundland and Labrador
Breitinden,69.4554,17.6485,peak,3,Norway
Bridgeman Island,-62.0667,-56.7333,volcano,3,Antarctica
Broutona,46.7167,150.7333,volcano,3,Sakhalin
Bruce Peninsula National Park,45.2389,-81.6142,park,3,Ontario
Brussels,50.85,4.349,city,3,Belgium
Bui National Park,8.2998,-2.3628,park,3,Ghana
Burabay National Park,53.0833,70.3,park,3,Kazakhstan
Buxa Tiger Reserve,26.65,89.58,park,3,West Bengal
Cabo Orange National Park,4.4333,-51.5167,park,3,Amapá
Cabo de Hornos National Park,-55.833,-67.433,park,3,Chile
Cabrera National Park,39.1583,2.9667,park,3,Spain
Calanques National Park,43.2094,5.4492,park,3,France
Calilegua National Park,-23.639,-64.838,park,3,Argentina
Cameia National Park,-11.8833,21.6667,park,3,Angola
Campbell Bay National Park,7.1128,93.7619,park,3,Andaman and Nicobar
Campo Ma'an National Park,2.3453,9.9912,park,3,Cameroon
Cangandala National Park,-9.8,16.75,park,3,Angola
Cap Mountain,63.407,-123.2155,peak,3,Northwest Territories
Cap de la Gallina Pelada,42.1894,1.738,peak,3,Spain
Cape Arid National Park,-33.7039,123.369,park,3,Western Australia
Cape Breton Highlands National Park,46.7167,-60.6597,park,3,Nova Scotia
Cape Range National Park,-22.1233,113.921,park,3,Western Australia
Caracas,10.488,-66.879,city,3,Venezuela
Carara National Park,9.7472,-84.6278,park,3,Costa Rica
Carrasco National Park,-17.3833,-65.05,park,3,Bolivia
Castle Peak,44.0396,-114.585,peak,3,Idaho
Cavernas do Peruaçu National Park,-15.1225,-44.3243,park,3,Minas Gerais
Cerro Cora National Park,-22.6514,-56.0179,park,3,Paraguay
Cerro El Carrizal,26.7595,-100.59,peak,3,Coahuila
Cerro Maltusado,-39.8325,-72.2158,peak,3,Chile
Cerro Rosa,18.1778,-66.5322,peak,3,Puerto Rico
Cerro de la Silla,25.6278,-100.2391,peak,3,Nuevo León
Chaco National Park,-26.8333,-59.6667,park,3,Argentina
Chambi National Park,35.18,8.6952,park,3,Tunisia
Chapada Diamantina National Park,-12.8803,-41.3722,park,3,Bahia
Cheile Nerei-Beușnița National Park,44.9512,21.8882,park,3,Romania
Chicoma Mountain,36.0073,-106.3846,peak,3,New Mexico
Chiloé National Park,-42.5129,-74.0341,park,3,Chile
Chrea National Park,36.4,2.8667,park,3,Algeria
Christmas Island National Park,-10.4915,105.6232,park,3,Indian Ocean Territories
Chyulu Hills,-2.6,37.85,park,3,Kenya
Cincinnati,39.127,-84.514,city,3,Ohio
Circeo National Park,41.235,13.064,park,3,Italy
City of Westminster,51.498,-0.136,city,3,UK
Clark Mountain,35.5256,-115.589,peak,3,California
Colo,-0.17,121.608,volcano,3,Indonesia
Colombo,6.935,79.849,city,3,Sri Lanka
Copo National Park,-25.9667,-61.8833,park,3,Argentina
Coñocranra,-8.8431,-78.0064,peak,3,Peru
Crocker Range National Park,5.5833,116.0833,park,3,Malaysia
Cross River National Park,5.4167,8.5833,park,3,Nigeria
Crêt de la Neige,46.2725,5.9436,peak,3,France
Cuauhtémoc,19.445,-99.146,city,3,Distrito Federal
Currant Mountain,38.9097,-115.4246,peak,3,Nevada
Cíes Islands,42.2333,-8.9,park,3,Spain
Călimani National Park,47.127,25.168,park,3,Romania
Dadia-Lefkimi-Soufli Forest National Park,41.13,26.2169,park,3,Greece
Dajti National Park,41.3658,19.9256,park,3,Albania
Dayrah,25.271,55.302,city,3,United Arab Emirates
Delano Peak,38.3692,-112.3714,peak,3,Utah
Des Moines,41.601,-93.609,city,3,Iowa
Desatoya Peak,39.3652,-117.759,peak,3,Nevada
Desert National Park,26.3167,70.5167,park,3,Rajasthan
Diamond Peak,39.5849,-115.819,peak,3,Nevada
Diawling National Park,16.4167,-16.35,park,3,Mauritania
Dibru-Saikhowa National Park,27.6498,95.3403,park,3,Assam
Dieppe Mountain,58.4753,-125.4858,peak,3,British Columbia
Dinder National Park,12.0,35.2333,park,3,Sudan
Divjakë-Karavasta National Park,40.9242,19.4931,park,3,Albania
Donostia / San Sebastián,43.313,-1.975,city,3,Spain
Dorrigo National Park,-30.3817,152.7511,park,3,New South Wales
Double Mountain,35.0333,-118.487,peak,3,California
Dry Mountain,36.9088,-117.5978,peak,3,California
Dudhwa National Park,28.4709,80.6993,park,3,Uttar Pradesh
Duffer Peak,41.6618,-118.7302,peak,3,Nevada
Dzanga-Ndoki National Park,2.5,16.1667,park,3,Central African Republic
Eagle Peak,41.2834,-120.201,peak,3,California
El Cajas National Park,-2.8461,-79.2203,park,3,Ecuador
El Feidja National Park,36.5,8.3333,park,3,Tunisia
El Leoncito National Park,-31.7958,-69.3337,park,3,Argentina
El Paso,31.759,-106.487,city,3,Texas
El Rey National Park,-24.7,-64.6333,park,3,Argentina
Eldfell,63.4333,-20.2488,volcano,3,Iceland
Electric Peak,45.0053,-110.8375,peak,3,Montana
Elk Mountain,41.6332,-106.526,peak,3,Wyoming
Emory Peak,29.2459,-103.3051,peak,3,Texas
Endau-Rompin National Park,2.4389,103.273,park,3,Malaysia
Enigma Peak,-69.5667,-72.7333,peak,3,Antarctica
Española Island,-1.3667,-89.6833,volcano,3,Ecuador
Far Mountain,52.7867,-125.323,peak,3,British Columbia
Faure Peak,-85.7,-128.5833,peak,3,Antarctica
Femundsmarka National Park,62.2167,12.1167,park,3,Norway
Ferdinandea,37.1636,12.7186,volcano,3,Italy
Fisht,43.9536,39.9031,peak,3,Adygey
Fitzgerald River National Park,-33.9475,119.615,park,3,Western Australia
Flat Top Mountain,40.0147,-107.083,peak,3,Colorado
Floreana Island,-1.2975,-90.4342,volcano,3,Ecuador
Floridsdorf,48.25,16.4,city,3,Austria
Fonualei,-18.024,-174.325,volcano,3,Tonga
Forillon National Park,48.9,-64.35,park,3,Québec
Forollhogna National Park,62.6333,10.6667,park,3,Norway
Forra,67.9493,15.7168,peak,3,Norway
Fort Lauderdale,26.122,-80.143,city,3,Florida
Fort Worth,32.725,-97.321,city,3,Texas
Four Peaks,33.684,-111.3253,peak,3,Arizona
Francs Peak,43.9613,-109.3307,peak,3,Wyoming
Fundy National Park,45.5953,-64.9539,park,3,New Brunswick
Funeral Peak,36.103,-116.6236,peak,3,California
Färnebofjärden National Park,60.2012,16.7842,park,3,Sweden
Galápagos National Park,-0.3333,-90.0,park,3,Ecuador
Gambela National Park,8.0,34.0,park,3,Ethiopia
Gargano National Park,41.8061,15.925,park,3,Italy
Gashaka Gumti National Park,7.35,11.52,park,3,Nigeria
Gearhart Mountain,42.496,-120.8783,peak,3,Oregon
Gibraltar Range National Park,-29.5544,152.3239,park,3,New South Wales
Glasgow,55.865,-4.258,city,3,UK
Gobi Gurvansaikhan National Park,43.8027,101.5897,park,3,Mongolia
Gola National Park,7.5,-10.9833,park,3,Sierra Leone
Gold Coast,-28.0,153.431,city,3,Queensland
Gonarezhou National Park,-21.6667,31.6667,park,3,Zimbabwe
Gorkhi-Terelj National Park,48.1502,107.576,park,3,Mongolia
Gorumara National Park,26.7,88.8,park,3,West Bengal
Gothenburg,57.707,11.967,city,3,Sweden
Gouraya National Park,36.7667,5.1,park,3,Algeria
Grand Ballon,47.9008,7.0981,peak,3,France
Grand Veymont,44.87,5.5269,peak,3,France
Granite Peak,45.1634,-109.8074,peak,3,Montana
Granite Peak,41.6681,-117.589,peak,3,Nevada
Grasslands National Park,49.15,-107.51,park,3,Saskatchewan
Gray Peak,61.1787,-133.617,peak,3,Yukon
Great Otway National Park,-38.7733,143.557,park,3,Victoria
Greenhorn Mountain,37.8814,-105.0133,peak,3,Colorado
Guamblin Island,-44.85,-75.08,park,3,Chile
Guffert,47.5469,11.7892,peak,3,Austria
Guindy National Park,13.0026,80.2308,park,3,Tamil Nadu
Gæđgesčåkka,68.7994,19.0885,peak,3,Norway
Hanish Islands,13.75,42.75,volcano,3,Yemen
Haparanda Archipelago National Park,65.6049,23.7696,park,3,Sweden
Heart Peaks,58.5989,-131.963,peak,3,British Columbia
Heilhornet,65.0771,12.139,peak,3,Norway
Helagsfjället,62.904,12.453,peak,3,Sweden
Hermannsdalstinden,67.9419,12.9378,peak,3,Norway
Hilgard Peak,44.9164,-111.4606,peak,3,Montana
Hingol National Park,25.6,65.6667,park,3,Pakistan
Hole in the Mountain Peak,40.9508,-115.1226,peak,3,Nevada
Honolulu,21.307,-157.858,city,3,Hawaii
Hualapai Peak,35.075,-113.9008,peak,3,Arizona
Hunga Tonga–Hunga Haʻapai,-20.545,-175.3925,volcano,3,Tonga
Iceworm Peak,59.6086,-150.7946,peak,3,Alaska
Ifrane National Park,33.4318,-5.1302,park,3,Morocco
Indiana Dunes National Park,41.6481,-87.1081,park,3,Indiana
Indianapolis,39.768,-86.158,city,3,Indiana
Indravati National Park,19.3333,81.0,park,3,Chhattisgarh
Innuit Mountain,59.0586,-64.1161,peak,3,Newfoundland and Labrador
Iona National Park,-16.6667,12.3333,park,3,Angola
Iriqui National Park,29.8416,-6.5173,park,3,Morocco
Isiboro Sécure National Park and Indigenous Territory,-15.45,-66.6667,park,3,Bolivia
Islington,51.536,-0.103,city,3,UK
Jabal al-Tair Island,15.54,41.83,volcano,3,Yemen
Jabuka,43.0918,15.4601,volcano,3,Croatia
Jardines de la Reina National Park,20.8167,-78.9167,park,3,Cuba
Jebil National Park,33.017,9.0995,park,3,Tunisia
Jigme Singye Wangchuck National Park,27.1667,90.4333,park,3,Bhutan
Johannesburg,-26.202,28.044,city,3,South Africa
Jozani Chwaka Bay National Park,-6.233,39.404,park,3,Tanzania
Kafue National Park,-15.28,25.7,park,3,Zambia
Kaieteur National Park,5.2167,-59.4167,park,3,Guyana
Kama‘ehuakanaloa Seamount,18.92,-155.27,volcano,3,Hawaii
Kanger Ghati National Park,18.832,82.011,park,3,Chhattisgarh
Kansas City,39.1,-94.579,city,3,Missouri
Kaohsiung,22.616,120.313,city,3,Taiwan
Karijini National Park,-22.2506,117.976,park,3,Western Australia
Karkaraly National Park,49.4167,75.4167,park,3,Kazakhstan
Kasanka National Park,-12.565,30.1779,park,3,Zambia
Kasungu National Park,-13.0,33.1667,park,3,Malawi
Katahdin,45.9044,-68.9213,peak,3,Maine
Katavi National Park,-6.9167,31.3333,park,3,Tanzania
Katon-Karagay National Park,49.3,86.6,park,3,Kazakhstan
Katowice,50.26,19.022,city,3,Poland
Kavachi,-8.9936,157.9725,volcano,3,Solomon Islands
Kavir National Park,34.65,52.14,park,3,Iran
Kejimkujik National Park,44.3992,-65.2183,park,3,Nova Scotia
Kerkis,37.7267,26.6217,peak,3,Greece
Khaptad national park,29.27,80.99,park,3,Nepal
Khenifiss National Park,27.972,-12.37,park,3,Morocco
Khunjerab National Park,36.95,75.0833,park,3,Pakistan
Khustain Nuruu National Park,47.7,105.9,park,3,Mongolia
Kiang West National Park,13.3833,-15.9167,park,3,The Gambia
Kick-'em-Jenny,12.3,-61.64,volcano,3,Grenada
Killington Peak,43.6044,-72.82,peak,3,Vermont
Kirindy Mitea National Park,-20.8103,44.1422,park,3,Madagascar
Kirirom National Park,11.3102,104.051,park,3,Cambodia
Kirthar National Park,25.7,67.5833,park,3,Pakistan
Kitulo National Park,-9.0167,33.85,park,3,Tanzania
Kobe,34.691,135.183,city,3,Japan
Kora National Park,-0.2086,38.7361,park,3,Kenya
Kouchibouguac National Park,46.8497,-64.9669,park,3,New Brunswick
Kowloon,22.317,114.183,city,3,Hong Kong
Kowloon City,22.33,114.192,city,3,Hong Kong
Kundelungu National Park,-10.25,27.6,park,3,Democratic Republic of the Congo
Kyiv,50.455,30.524,city,3,Ukraine
L'Hospitalet de Llobregat,41.36,2.1,city,3,Spain
La Campana National Park,-32.9667,-71.0833,park,3,Chile
Lago Puelo National Park,-42.1833,-71.6833,park,3,Argentina
Lagodekhi Protected Areas,41.82,46.28,park,3,Georgia
Laguna Blanca National Park,-39.0414,-70.3583,park,3,Argentina
Lal Suhanra National Park,29.3167,71.9167,park,3,Pakistan
Lanín National Park,-40.1603,-71.3575,park,3,Argentina
Laramie Peak,42.2678,-105.4419,peak,3,Wyoming
Lavender Peak,55.6511,-129.319,peak,3,British Columbia
Legges Tor,-41.5332,147.6588,peak,3,Tasmania
Lexington-Fayette,38.05,-84.459,city,3,Kentucky
Limpopo National Park,-23.8667,32.1333,park,3,Mozambique
Liuwa Plain National Park,-14.6667,22.5,park,3,Zambia
Llanganates National Park,-1.1333,-78.2333,park,3,Ecuador
Lomami National Park,-2.0,25.3,park,3,Democratic Republic of the Congo
Lombenben,-15.4069,167.8461,peak,3,Vanuatu
Los Cardones National Park,-25.1253,-66.1817,park,3,Argentina
Lublin,51.251,22.57,city,3,Poland
Luohu District,22.547,114.131,city,3,Guangdong
Lyon,45.749,4.848,city,3,France
Lökbatan Mud Volcano,40.3044,49.7092,volcano,3,Azerbaijan
Machalilla National Park,-1.5625,-80.83,park,3,Ecuador
Madhav National Park,25.4667,77.75,park,3,Madhya Pradesh
Mahale Mountains National Park,-6.2667,29.9333,park,3,Tanzania
Maiko National Park,-0.4,27.5667,park,3,Democratic Republic of the Congo
Malá Fatra National Park,49.2139,19.0808,park,3,Slovakia
Manchester,53.481,-2.237,city,3,UK
Manila,14.604,120.982,city,3,Philippines
Man’gyŏngdae-ri,38.992,125.659,city,3,Dem. Rep. Korea
Maputo National Park,-26.5,32.8,park,3,Mozambique
Mara Mountain,83.5715,-30.4784,peak,3,Greenland
Marchena Island,0.35,-90.5,volcano,3,Ecuador
Marsili,39.284,14.399,volcano,3,
Marys Peak,44.5044,-123.5525,peak,3,Oregon
Matterhorn,41.8107,-115.3753,peak,3,Nevada
McAfee Peak,41.5217,-115.974,peak,3,Nevada
Mehetia,-17.8667,-148.0667,volcano,3,
Memphis,35.15,-90.049,city,3,Tennessee
Meru National Park,-0.0936,38.2081,park,3,Kenya
Midžor,43.3939,22.6819,peak,3,Serbia
Miguel Hidalgo,19.434,-99.2,city,3,Distrito Federal
Mingan Archipelago National Park Reserve,50.2,-63.8292,park,3,Québec
Mkomazi National Park,-4.2994,38.3894,park,3,Tanzania
Mljet Nacionalni Park,42.7817,17.3852,park,3,Croatia
Mokotów,52.193,21.035,city,3,Poland
Moncayo,41.7881,-1.8383,peak,3,Spain
Mont Ventoux,44.1667,5.2833,peak,3,France
Monte Alén National Park,1.53,10.11,park,3,Equatorial Guinea
Monte Binga,-19.7742,33.0606,peak,3,Mozambique
Monte Catria,43.4617,12.7044,peak,3,Italy
Monte León National Park,-50.2642,-68.9586,park,3,Argentina
Monte Miletto,41.4333,14.3667,peak,3,Italy
Mormon Peak,36.9741,-114.5006,peak,3,Nevada
Motijheel,23.728,90.419,city,3,Bangladesh
Mount Aeolus,53.27,-118.072,peak,3,Alberta
Mount Alfred,50.2061,-124.077,peak,3,British Columbia
Mount Allen,62.245,-142.2356,peak,3,Alaska
Mount Amiata,42.8877,11.6244,peak,3,Italy
Mount Arrowsmith,49.12,-124.29,peak,3,British Columbia
Mount Aylmer,51.3239,-115.4333,peak,3,Alberta
Mount Baldy,33.9061,-109.563,peak,3,Arizona
Mount Bartle Frere,-17.3833,145.8167,peak,3,Queensland
Mount Bassie,57.0564,-135.044,peak,3,Alaska
Mount Bogong,-36.7325,147.3058,peak,3,Victoria
Mount Bowen,-27.4331,145.183,peak,3,Queensland
Mount Derak,29.6955,52.3818,peak,3,Iran
Mount Emei,29.5197,103.3325,peak,3,Sichuan
Mount Eugene,82.4167,-66.7833,peak,3,Nunavut
Mount Frank Rae,64.4705,-138.555,peak,3,Yukon
Mount Gharat,-14.2839,167.517,volcano,3,Vanuatu
Mount Grappa,45.8733,11.7992,peak,3,Italy
Mount Haldane,63.8603,-135.8424,peak,3,Yukon
Mount Hamiguitan,6.74,126.1817,peak,3,Philippines
Mount Harmer,-59.4375,-27.1824,peak,3,
Mount Hayford,55.7503,-130.2858,peak,3,Alaska
Mount Hillers,37.8874,-110.697,peak,3,Utah
Mount Jackson,-71.3833,-63.3667,peak,3,Antarctica
Mount Linn,40.0368,-122.855,peak,3,California
Mount Malindig,13.2417,122.0125,peak,3,Philippines
Mount Manipur National Park,11.8074,92.7571,park,3,Andaman and Nicobar
Mount McLoughlin,42.4445,-122.3156,peak,3,Oregon
Mount Moresby,53.0192,-132.086,peak,3,British Columbia
Mount Nasorolevu,-16.6167,179.4,peak,3,Fiji
Mount Nivea,-60.5833,-45.4833,peak,3,Antarctica
Mount Oave,-9.3917,-140.0783,peak,3,French Polynesia
Mount Osore,41.279,141.12,volcano,3,Japan
Mount Rae,50.6228,-114.9747,peak,3,Alberta
Mount Ruang,2.305,125.365,volcano,3,Indonesia
Mount Scenery,17.635,-63.2392,volcano,3,Netherlands
Mount Siegel,38.8896,-119.5022,peak,3,Nevada
Mount Sirung,-8.5167,124.1333,volcano,3,Indonesia
Mount Spokane,47.9236,-117.112,peak,3,Washington
Mount Stephens,50.9706,-126.6633,peak,3,British Columbia
Mount Suribachi,24.749,141.2878,volcano,3,
Mount Tipton,35.5389,-114.1927,peak,3,Arizona
Mount Tobin,40.3765,-117.5262,peak,3,Nevada
Mount Tomanivi,-17.6331,178.0167,peak,3,Fiji
Mount Tomorr,40.7091,20.1418,peak,3,Albania
Mount Tukosmera,-19.5764,169.3925,peak,3,Vanuatu
Mount Turnbull,33.074,-110.2609,peak,3,Arizona
Mount Uluigalau,-16.8167,179.967,peak,3,Fiji
Mount Wilson,37.8392,-107.991,peak,3,Colorado
Mount Wrightson,31.6961,-110.8481,peak,3,Arizona
Mount Yamantau,54.255,58.102,peak,3,Bashkortostan
Mount Zirkel,40.8311,-106.663,peak,3,Colorado
Mungo National Park,-33.7317,143.0011,park,3,New South Wales
Mupa National Park,-15.9167,15.5833,park,3,Angola
Myōjin-shō,31.8833,139.9167,volcano,3,
Médanos de Coro National Park,11.6064,-69.7376,park,3,Venezuela
Nairobi,-1.283,36.817,city,3,Kenya
Namadgi National Park,-35.6667,148.95,park,3,Australian Capital Territory
Namdapha National Park,27.6498,96.1103,park,3,Arunachal Pradesh
Nameri National Park,27.01,92.79,park,3,Assam
Narashino,35.682,140.042,city,3,Japan
National History Park,19.5736,-72.2439,park,3,Haiti
National Nature Park Skole Beskids,49.0658,23.3954,park,3,Ukraine
National Park of Upper Niger,10.5,-10.2,park,3,Guinea
New Taipei City,25.062,121.457,city,3,Taiwan
Newark,40.736,-74.172,city,3,New Jersey
Nimule National Park,3.7026,31.9476,park,3,South Sudan
Nitmiluk National Park,-14.3122,132.423,park,3,Northern Territory
Nkasa Rupara National Park,-18.4,23.65,park,3,Namibia
Nki National Park,2.4167,14.4167,park,3,Cameroon
Nokrek National Park,25.5333,90.1167,park,3,Meghalaya
Norra Kvill National Park,57.7637,15.5936,park,3,Sweden
Norra Sytertoppen,65.8923,15.2698,peak,3,Sweden
North Gardner Mountain,48.5154,-120.502,peak,3,Washington
North Luangwa National Park,-12.1111,32.1056,park,3,Zambia
Nsumbu National Park,-8.7439,30.3827,park,3,Zambia
Nxai Pan National Park,-20.0417,24.7689,park,3,Botswana
Nyika National Park,-10.6667,33.8333,park,3,Malawi
Ofu-Olosega,-14.1667,-169.6167,volcano,3,American Samoa
Oklahoma City,35.468,-97.516,city,3,Oklahoma
Omaha,41.256,-95.94,city,3,Nebraska
Orang National Park,26.61,92.36,park,3,Assam
Organ Needle,32.3451,-106.5614,peak,3,New Mexico
Orhei National Park,47.3,28.9667,park,3,Moldova
Orlando,28.538,-81.379,city,3,Florida
Pacific Rim National Park Reserve,48.9833,-125.6667,park,3,British Columbia
Pali-Aike National Park,-52.1,-69.7333,park,3,Chile
Pan de Azúcar National Park,-26.1497,-70.6506,park,3,Chile
Panna National Park,24.7304,80.0102,park,3,Madhya Pradesh
Pantanal Matogrossense National Park,-17.7167,-57.3667,park,3,Mato Grosso
Paris 15 Vaugirard,48.841,2.3,city,3,France
Pasig City,14.587,121.061,city,3,Philippines
Pavilion Mountain,50.9833,-121.683,peak,3,British Columbia
Peak 5214.1,37.9969,74.0703,peak,3,Tajikistan
Peak 5356,37.4567,74.5442,peak,3,Tajikistan
Peak 5558,37.6289,73.3967,peak,3,Tajikistan
Peak of Céüse,44.5086,5.9617,peak,3,France
Pelion,39.4333,23.05,peak,3,Greece
Pench National Park,21.6716,79.3033,park,3,Maharashtra
Perth,-31.952,115.861,city,3,Western Australia
Peña Ubiña,43.0191,-5.9569,peak,3,Spain
Peñalara,40.85,-3.956,peak,3,Spain
Phnom Kulen National Park,13.6062,104.0957,park,3,Cambodia
Phrumsengla National Park,27.2831,90.9778,park,3,Bhutan
Pica d'Estats,42.6669,1.3979,peak,3,France
Pico Mágina,37.725,-3.4667,peak,3,Spain
Pico da Antónia,15.05,-23.625,peak,3,Republic of Cabo Verde
Pico da Neblina National Park,0.3424,-65.9006,park,3,Amazonas
Pico da Vara,37.81,-25.2108,peak,3,Portugal
Pico de Tenerife,27.7308,-18.0094,peak,3,Spain
Pinzón Island,-0.6,-90.65,volcano,3,Ecuador
Piper Peak,37.7043,-117.9089,peak,3,Nevada
Pizzo Carbonara,37.8942,14.0253,peak,3,Italy
Podocarpus National Park,-4.2833,-79.0,park,3,Ecuador
Point Pelee National Park,41.9667,-82.5167,park,3,Ontario
Pongara National Park,0.1245,9.539,park,3,Gabon
Popa Hill,20.9203,95.2539,peak,3,Myanmar
Portland,45.523,-122.676,city,3,Oregon
Prague,50.088,14.421,city,3,Czech Republic
Prince Albert National Park,53.9633,-106.37,park,3,Saskatchewan
Prince Edward Island National Park,46.4167,-63.075,park,3,Prince Edward Island
Pshish,43.4092,41.1611,peak,3,Karachay-Cherkess
Pukaskwa National Park,48.25,-85.9167,park,3,Ontario
Pukeamoamo / Mitre,-40.7883,175.4502,peak,3,New Zealand
Puncak Trikora,-4.35,138.65,peak,3,Indonesia
Purple Hill,-43.109,171.813,peak,3,New Zealand
Queulat National Park,-44.4045,-72.4035,park,3,Chile
Quận Bốn,10.767,106.706,city,3,Vietnam
Rajaji National Park,30.0833,78.0333,park,3,Uttarakhand
Rara National Park,29.4917,82.0722,park,3,Nepal
Ream National Park,10.5064,103.7344,park,3,Cambodia
Reisa National Park,69.2,21.9667,park,3,Norway
Rochester,43.155,-77.616,city,3,New York
Rock Creek Butte,44.8167,-118.1036,peak,3,Oregon
Rodna National Park,47.54,24.735,park,3,Romania
Rokatenda,-8.3167,121.7083,volcano,3,Indonesia
Rotterdam,51.922,4.479,city,3,Netherlands
Rubondo Island National Park,-2.3,31.8333,park,3,Tanzania
Rusizi National Park,-3.2477,29.2307,park,3,Burundi
Ruvubu National Park,-3.111,30.373,park,3,Burundi
Río Pilcomayo National Park,-25.0644,-58.1367,park,3,Argentina
Saadani National Park,-6.0,38.75,park,3,Tanzania
Sacramento,38.582,-121.494,city,3,California
Saitama,35.908,139.657,city,3,Japan
Salinas Peak,33.2981,-106.5319,peak,3,New Mexico
Salt Lake City,40.761,-111.891,city,3,Utah
Salvador,-12.976,-38.491,city,3,Bahia
San Félix Island,-26.2986,-80.0833,volcano,3,
Sandersons Hope,72.7039,-56.0639,peak,3,Greenland
Sant Martí,41.418,2.199,city,3,Spain
Santa Margarida Volcano,42.142,2.5414,volcano,3,Spain
Santiago Peak,33.7105,-117.534,peak,3,California
Sapo National Park,5.3698,-8.505,park,3,Liberia
Sapporo,43.067,141.35,city,3,Japan
Sariska Tiger Reserve,27.3175,76.4369,park,3,Rajasthan
Satpura National Park,22.495,78.231,park,3,Madhya Pradesh
Sentinel Peak,54.9081,-121.961,peak,3,British Columbia
Seoraksan National Park,38.125,128.416,park,3,Republic of Korea
Serra da Canastra National Park,-20.25,-46.5,park,3,Minas Gerais
Shantar Islands National Park,55.0,137.5,park,3,Khabarovsk
Shark Tooth Mountain,50.0736,-115.58,peak,3,British Columbia
Sharr Mountains National Park,42.2025,20.9246,park,3,Kosovo
Shimbiris,10.7358,47.245,peak,3,Somaliland
Shispare,6.4408,74.6811,peak,3,
Shivapuri Nagarjun National Park,27.795,85.39,park,3,Nepal
Shuklaphanta National Park,28.8402,80.229,park,3,Nepal
Sibillini Mountains National Park,42.906,13.195,park,3,Italy
Sierra La Concordia (Saltillo),25.1773,-101.4074,peak,3,Coahuila
Sierra de La Sagra,37.95,-2.5667,peak,3,Spain
Sierra de San Marcos,26.5,-101.8333,peak,3,Coahuila
Sierra de la Giganta,26.1167,-111.6,peak,3,Baja California Sur
Sierra del Carmen,29.0316,-102.6147,peak,3,Coahuila
Simlipal National Park,21.75,86.33,park,3,Odisha
Singalila National Park,27.1167,88.0667,park,3,West Bengal
Sirmilik National Park,72.8333,-80.5833,park,3,Nunavut
Skarvan and Roltdalen National Park,63.2167,11.4167,park,3,Norway
Skeleton Coast National Park,-19.19,12.72,park,3,Namibia
Skuleskogen National Park,63.111,18.4842,park,3,Sweden
Slide Mountain,41.9986,-74.3864,peak,3,New York
Socorro Island,18.7844,-110.975,volcano,3,Colima
Souss-Massa National Park,30.075,-9.67,park,3,Morocco
South Baldy,33.991,-107.188,peak,3,New Mexico
Southwest National Park,-42.9333,146.1333,park,3,Tasmania
Steens Mountain,42.6364,-118.5767,peak,3,Oregon
Stenshuvud National Park,55.6578,14.2699,park,3,Sweden
Stockholm,59.329,18.069,city,3,Sweden
Store Mosse National Park,57.2849,13.9438,park,3,Sweden
Swasey Mountain,39.3882,-113.316,peak,3,Utah
Tadoba-Andhari Tiger Reserve,20.2487,79.4253,park,3,Maharashtra
Takamatsu,34.333,134.05,city,3,Japan
Talassemtane National Park,35.1828,-5.2352,park,3,Morocco
Tamu Massif,33.0,158.0,volcano,3,
Tara National Park,43.9067,19.305,park,3,Serbia
Taveuni,-16.8167,-179.967,peak,3,Fiji
Tayrona National Natural Park,11.31,-73.997,park,3,Colombia
Tazekka National Park,34.0827,-4.1462,park,3,Morocco
Te Urewera National Park,-38.539,177.029,park,3,New Zealand
Tehran,35.694,51.422,city,3,Iran
Tekao,-8.8442,-140.1658,peak,3,French Polynesia
Teleno,42.3469,-6.3922,peak,3,Spain
Temetiu,-9.7972,-139.08,peak,3,French Polynesia
Terra Nova National Park,48.5306,-53.9281,park,3,Newfoundland and Labrador
Tesso Nilo National Park,-0.1667,101.75,park,3,Indonesia
Tetuán de las Victorias,40.46,-3.697,city,3,Spain
The Hague,52.077,4.299,city,3,Netherlands
Thompson Peak,41.0005,-123.048,peak,3,California
Thousand Islands National Park,44.3525,-75.955,park,3,New York
Thumb Peak,9.7833,118.6,peak,3,Philippines
Thy National Park,56.947,8.422,park,3,Denmark
Tiger Island,13.2656,-87.6378,volcano,3,Honduras
Tlemcen National Park,34.7063,-1.4597,park,3,Algeria
Toro Toro National Park,-18.1,-65.7667,park,3,Bolivia
Torre,40.3219,-7.6129,peak,3,Portugal
Tortuguero National Park,10.4232,-83.4967,park,3,Costa Rica
Trapper Peak,45.8899,-114.298,peak,3,Montana
Trask Mountain,45.3712,-123.4558,peak,3,Oregon
Troglav,43.9481,16.5925,peak,3,Bosnia and Herzegovina
Truchas Peak,35.9628,-105.6453,peak,3,New Mexico
Tsavo West National Park,-3.3167,38.1333,park,3,Kenya
Tsingy de Namoroka National Park,-16.4667,45.3333,park,3,Madagascar
Tuktut Nogait National Park,68.8187,-121.749,park,3,Northwest Territories
Tulsa,36.154,-95.993,city,3,Oklahoma
Ubajara National Park,-3.7663,-40.898,park,3,Ceará
Udzungwa Mountains National Park,-7.8,36.6833,park,3,Tanzania
Ukkusiksalik National Park,65.4986,-87.8953,park,3,Nunavut
Ulu Temburong National Park,4.478,115.208,park,3,Brunei Darussalam
Uncompahgre Peak,38.0717,-107.4622,peak,3,Colorado
Upemba National Park,-9.0167,26.5833,park,3,Democratic Republic of the Congo
Upper West Side,40.787,-73.975,city,3,New York
Vaganski vrh,44.3673,15.5046,peak,3,Croatia
Valmiki National Park,27.0652,84.1793,park,3,Bihar
Vansda National Park,20.7333,73.4667,park,3,Gujarat
Vavul Mala,11.4275,76.1308,peak,3,Kerala
Vila Andrade,-23.626,-46.728,city,3,São Paulo
Virachey National Park,14.3257,106.998,park,3,Cambodia
Vogelsberg,50.5333,9.2333,volcano,3,Germany
Vuntut National Park,68.3069,-140.048,park,3,Yukon
Wadden Sea National Park,55.25,8.4833,park,3,Denmark
Wapusk National Park,57.7739,-93.3714,park,3,Manitoba
Washington,38.895,-77.036,city,3,District of Columbia
Waza National Park,11.2667,14.4167,park,3,Cameroon
West Spanish Peak,37.3756,-104.9931,peak,3,Colorado
Wheeler Peak,36.5569,-105.417,peak,3,New Mexico
Whitewater Baldy,33.3236,-108.6411,peak,3,New Mexico
Wicklow Mountains National Park,53.018,-6.398,park,3,Ireland
Wild Nephin National Park,54.0167,-9.7,park,3,Ireland
Wilpattu National Park,8.4333,80.0,park,3,Sri Lanka
Wilsons Promontory National Park,-39.0133,146.394,park,3,Victoria
Winnipeg,49.884,-97.147,city,3,Manitoba
Wyoming Peak,42.6044,-110.6243,peak,3,Wyoming
Wŏnsan,39.153,127.444,city,3,Dem. Rep. Korea
Yacurí National Park,-4.706,-79.365,park,3,Ecuador
Yangudi Rassa National Park,11.0,40.8333,park,3,Ethiopia
Yankari National Park,9.3,10.5,park,3,Nigeria
Yekaterinburg,56.857,60.615,city,3,Sverdlovsk
Zaamin National Park,39.613,68.501,park,3,Uzbekistan
Zardak Peak,27.8783,67.0817,peak,3,Pakistan
Zavodovski Island,-56.3,-27.58,volcano,3,
Ängsö National Park,59.6236,18.7639,park,3,Sweden
Île Amsterdam,-37.8258,77.5547,volcano,3,
Île Saint-Paul,-38.73,77.5222,volcano,3,
Ølfjellet,66.7894,15.2521,peak,3,Norway
Øvre Pasvik National Park,69.0935,28.9505,park,3,Norway
İzmir,38.413,27.138,city,3,Turkey
Žemaitija National Park,56.044,21.889,park,3,Lithuania
